[14:22:05.216] IOHIDManagerOpen: ok
[14:22:05.218] sonda da feature 012 iniciada; teclas: f = recurso 0x05 | b = bateria | e = elementos | s = resumo do ruído | q = sair
[14:22:05.218] P-02/P-03 dispositivo HID casado: "DUALSHOCK 4 Wireless Controller" 0x054C/0x05C4 Transport = "Bluetooth" maxInputReport = 547 maxFeatureReport = 64
[14:22:05.237] P-02 relatório 0x11 com 78 bytes (primeira vez)
[14:22:05.237]      bytes 0…15: 0x11 0xC0 0x00 0x80 0x80 0x80 0x80 0x08 0x00 0x18 0x00 0x00 0x00 0xE6 0x12 0xF6 …
[14:22:05.237]      aprendendo o ruído de repouso por 3 s: não toque em nada
[14:22:05.256] GCControllerDidConnect
[14:22:05.257] === controle: "DUALSHOCK 4 Wireless Controller" | productCategory = "DualShock 4"
[14:22:05.257] P-01 classe do perfil: GCDualShockGamepad
[14:22:05.257] P-01 is GCDualShockGamepad = true | is GCDualSenseGamepad = false | is GCExtendedGamepad = true
[14:22:05.258] P-01 elementos (49): Button A, Button B, Button Home, Button Menu, Button Options, Button X, Button Y, Direction Pad, Direction Pad Down, Direction Pad Left, Direction Pad Right, Direction Pad Up, Direction Pad X Axis, Direction Pad Y Axis, Left Shoulder, Left Thumbstick, Left Thumbstick Button, Left Thumbstick Down, Left Thumbstick Left, Left Thumbstick Right, Left Thumbstick Up, Left Thumbstick X Axis, Left Thumbstick Y Axis, Left Trigger, Right Shoulder, Right Thumbstick, Right Thumbstick Button, Right Thumbstick Down, Right Thumbstick Left, Right Thumbstick Right, Right Thumbstick Up, Right Thumbstick X Axis, Right Thumbstick Y Axis, Right Trigger, Touchpad 1, Touchpad 1 Down, Touchpad 1 Left, Touchpad 1 Right, Touchpad 1 Up, Touchpad 1 X Axis, Touchpad 1 Y Axis, Touchpad 2, Touchpad 2 Down, Touchpad 2 Left, Touchpad 2 Right, Touchpad 2 Up, Touchpad 2 X Axis, Touchpad 2 Y Axis, Touchpad Button
[14:22:05.258] P-01 botões (34): Button A, Button B, Button Home, Button Menu, Button Options, Button X, Button Y, Direction Pad Down, Direction Pad Left, Direction Pad Right, Direction Pad Up, Left Shoulder, Left Thumbstick Button, Left Thumbstick Down, Left Thumbstick Left, Left Thumbstick Right, Left Thumbstick Up, Left Trigger, Right Shoulder, Right Thumbstick Button, Right Thumbstick Down, Right Thumbstick Left, Right Thumbstick Right, Right Thumbstick Up, Right Trigger, Touchpad 1 Down, Touchpad 1 Left, Touchpad 1 Right, Touchpad 1 Up, Touchpad 2 Down, Touchpad 2 Left, Touchpad 2 Right, Touchpad 2 Up, Touchpad Button
[14:22:05.258] P-01 dicionário touchpads (0): []
[14:22:05.258] P-01 buttonHome presente = true | buttonOptions presente = true | buttonMenu presente = true
[14:22:05.258] P-01 GCDualShockGamepad: touchpadButton presente | touchpadPrimary presente | touchpadSecondary presente
[14:22:05.258] P-03 battery = 45 % discharging (nível bruto 0.45)
[14:22:05.258] P-01 buttonHome.preferredSystemGestureState = disabled (como o app)
[14:22:05.259] P-01 superfície touchpadPrimary presente
[14:22:05.259] P-01 superfície touchpadSecondary presente
[14:22:09.414] P-02 rel 0x11/78 B: byte 15: 0xF2→0xF8 bit(s) [3]
[14:22:09.428] P-02 rel 0x11/78 B: byte 15: 0xF8→0xF2 bit(s) [3]
[14:22:10.298] P-02 rel 0x11/78 B: byte 15: 0xF5→0xF8 bit(s) [3]
[14:22:10.313] P-02 rel 0x11/78 B: byte 15: 0xF8→0xF4 bit(s) [3]
[14:22:10.658] P-02 rel 0x11/78 B: byte 15: 0xF2→0xF9 bit(s) [3]
[14:22:10.673] P-02 rel 0x11/78 B: byte 15: 0xF9→0xF7 bit(s) [3]
[14:22:11.124] P-02 rel 0x11/78 B: byte 15: 0xF7→0xF8 bit(s) [3]
[14:22:11.138] P-02 rel 0x11/78 B: byte 15: 0xF8→0xF1 bit(s) [3]
[14:22:11.588] P-02 rel 0x11/78 B: byte 15: 0xF4→0xF9 bit(s) [3]
[14:22:11.603] P-02 rel 0x11/78 B: byte 15: 0xF9→0xF5 bit(s) [3]
[14:22:12.067] P-02 rel 0x11/78 B: byte 15: 0xF5→0xF8 bit(s) [3]
[14:22:12.083] P-02 rel 0x11/78 B: byte 15: 0xF8→0xF4 bit(s) [3]
[14:22:12.534] P-02 rel 0x11/78 B: byte 17: 0x05→0x08 bit(s) [3]
[14:22:12.549] P-02 rel 0x11/78 B: byte 17: 0x08→0x04 bit(s) [3]
[14:22:13.328] P-02 rel 0x11/78 B: byte 15: 0xF2→0xF9 bit(s) [3]
[14:22:13.343] P-02 rel 0x11/78 B: byte 15: 0xF9→0xF5 bit(s) [3]
[14:22:13.628] P-02 rel 0x11/78 B: byte 17: 0x06→0xFF bit(s) [3, 4, 5, 6, 7]; byte 18: 0x00→0xFF bit(s) [0, 1, 2, 3, 4, 5, 6, 7]
[14:22:13.643] P-02 rel 0x11/78 B: byte 17: 0xFF→0x05 bit(s) [3, 4, 5, 6, 7]; byte 18: 0xFF→0x00 bit(s) [0, 1, 2, 3, 4, 5, 6, 7]
[14:22:13.673] P-02 rel 0x11/78 B: byte 15: 0xF6→0xF8 bit(s) [3]
[14:22:13.688] P-02 rel 0x11/78 B: byte 15: 0xF8→0xF2 bit(s) [3]
[14:22:13.747] P-02 rel 0x11/78 B: byte 15: 0xF5→0xF8 bit(s) [3]
[14:22:13.763] P-02 rel 0x11/78 B: byte 15: 0xF8→0xF2 bit(s) [3]
[14:22:15.218] P-02 resumo: relatório 0x11 com 78 bytes, 591 recebido(s); ruído de repouso: byte 9 bits [3, 4, 5, 6, 7]; byte 13 bits [1, 2, 3, 4, 5, 6, 7]; byte 15 bits [0, 1, 2]; byte 17 bits [0, 1, 2]; byte 19 bits [0, 1, 2, 3]; byte 21 bits [1, 2, 3, 4, 5, 6]; byte 23 bits [1, 2, 3, 4, 5, 6]; byte 25 bits [1, 2, 3, 4, 5, 6, 7]; byte 26 bits [1, 2, 3, 4, 5]; byte 74 bits [0, 1, 2, 3, 4, 5, 6, 7]; byte 75 bits [0, 1, 2, 3, 4, 5, 6, 7]; byte 76 bits [0, 1, 2, 3, 4, 5, 6, 7]; byte 77 bits [0, 1, 2, 3, 4, 5, 6, 7]
[14:22:15.534] P-02 rel 0x11/78 B: byte 15: 0xF2→0xF8 bit(s) [3]
[14:22:15.549] P-02 rel 0x11/78 B: byte 15: 0xF8→0xF6 bit(s) [3]
[14:22:16.043] P-02 rel 0x11/78 B: byte 15: 0xF4→0xF8 bit(s) [3]
[14:22:16.058] P-02 rel 0x11/78 B: byte 15: 0xF8→0xF6 bit(s) [3]
[14:22:16.119] P-02 rel 0x11/78 B: byte 15: 0xF4→0xF8 bit(s) [3]
[14:22:16.133] P-02 rel 0x11/78 B: byte 15: 0xF8→0xF3 bit(s) [3]
[14:22:20.003] P-02 rel 0x11/78 B: byte 15: 0xF2→0xFA bit(s) [3]
[14:22:20.019] P-02 rel 0x11/78 B: byte 15: 0xFA→0xF3 bit(s) [3]
[14:22:20.049] P-02 rel 0x11/78 B: byte 15: 0xF3→0xF8 bit(s) [3]
[14:22:20.063] P-02 rel 0x11/78 B: byte 15: 0xF8→0xF5 bit(s) [3]
[14:22:20.108] P-02 rel 0x11/78 B: byte 15: 0xF3→0xF8 bit(s) [3]
[14:22:20.123] P-02 rel 0x11/78 B: byte 15: 0xF8→0xF6 bit(s) [3]
[14:22:20.573] P-02 rel 0x11/78 B: byte 15: 0xF7→0xF8 bit(s) [3]
[14:22:20.588] P-02 rel 0x11/78 B: byte 15: 0xF8→0xF3 bit(s) [3]
[14:22:20.768] P-02 rel 0x11/78 B: byte 15: 0xF7→0xF8 bit(s) [3]
[14:22:20.783] P-02 rel 0x11/78 B: byte 15: 0xF8→0xF2 bit(s) [3]
[14:22:21.293] P-02 rel 0x11/78 B: byte 15: 0xF6→0xFA bit(s) [3]
[14:22:21.308] P-02 rel 0x11/78 B: byte 15: 0xFA→0xF5 bit(s) [3]
[14:22:21.682] P-02 rel 0x11/78 B: byte 15: 0xF6→0xF8 bit(s) [3]
[14:22:21.698] P-02 rel 0x11/78 B: byte 15: 0xF8→0xF4 bit(s) [3]
[14:22:21.849] P-02 rel 0x11/78 B: byte 15: 0xF5→0xF8 bit(s) [3]
[14:22:21.863] P-02 rel 0x11/78 B: byte 15: 0xF8→0xF2 bit(s) [3]
[14:22:23.588] P-02 rel 0x11/78 B: byte 15: 0xF6→0xF8 bit(s) [3]
[14:22:23.604] P-02 rel 0x11/78 B: byte 15: 0xF8→0xF2 bit(s) [3]
[14:22:23.782] P-02 resumo: relatório 0x11 com 78 bytes, 1109 recebido(s); ruído de repouso: byte 9 bits [3, 4, 5, 6, 7]; byte 13 bits [1, 2, 3, 4, 5, 6, 7]; byte 15 bits [0, 1, 2]; byte 17 bits [0, 1, 2]; byte 19 bits [0, 1, 2, 3]; byte 21 bits [1, 2, 3, 4, 5, 6]; byte 23 bits [1, 2, 3, 4, 5, 6]; byte 25 bits [1, 2, 3, 4, 5, 6, 7]; byte 26 bits [1, 2, 3, 4, 5]; byte 74 bits [0, 1, 2, 3, 4, 5, 6, 7]; byte 75 bits [0, 1, 2, 3, 4, 5, 6, 7]; byte 76 bits [0, 1, 2, 3, 4, 5, 6, 7]; byte 77 bits [0, 1, 2, 3, 4, 5, 6, 7]
[14:22:23.798] P-02 rel 0x11/78 B: byte 17: 0x02→0x08 bit(s) [3]
[14:22:23.814] P-02 rel 0x11/78 B: byte 17: 0x08→0x03 bit(s) [3]
[14:22:23.844] P-02 rel 0x11/78 B: byte 15: 0xF6→0xF8 bit(s) [3]
[14:22:23.858] P-02 rel 0x11/78 B: byte 15: 0xF8→0xF3 bit(s) [3]
[14:22:25.221] P-02 resumo: relatório 0x11 com 78 bytes, 1197 recebido(s); ruído de repouso: byte 9 bits [3, 4, 5, 6, 7]; byte 13 bits [1, 2, 3, 4, 5, 6, 7]; byte 15 bits [0, 1, 2]; byte 17 bits [0, 1, 2]; byte 19 bits [0, 1, 2, 3]; byte 21 bits [1, 2, 3, 4, 5, 6]; byte 23 bits [1, 2, 3, 4, 5, 6]; byte 25 bits [1, 2, 3, 4, 5, 6, 7]; byte 26 bits [1, 2, 3, 4, 5]; byte 74 bits [0, 1, 2, 3, 4, 5, 6, 7]; byte 75 bits [0, 1, 2, 3, 4, 5, 6, 7]; byte 76 bits [0, 1, 2, 3, 4, 5, 6, 7]; byte 77 bits [0, 1, 2, 3, 4, 5, 6, 7]
[14:22:27.323] P-02 rel 0x11/78 B: byte 15: 0xF1→0xF8 bit(s) [3]
[14:22:27.338] P-02 rel 0x11/78 B: byte 15: 0xF8→0xF6 bit(s) [3]
[14:22:29.543] P-02 rel 0x11/78 B: byte 15: 0xF3→0xF8 bit(s) [3]
[14:22:29.558] P-02 rel 0x11/78 B: byte 15: 0xF8→0xF7 bit(s) [3]
[14:22:30.128] P-02 rel 0x11/78 B: byte 17: 0x05→0x08 bit(s) [3]
[14:22:30.143] P-02 rel 0x11/78 B: byte 17: 0x08→0x04 bit(s) [3]
[14:22:32.828] P-02 rel 0x11/78 B: byte 15: 0xF3→0xF8 bit(s) [3]
[14:22:32.843] P-02 rel 0x11/78 B: byte 15: 0xF8→0xF3 bit(s) [3]
[14:22:34.959] P-02 rel 0x11/78 B: byte 15: 0xF3→0xF8 bit(s) [3]
[14:22:34.959] P-02 rel 0x11/78 B: byte 15: 0xF8→0xF3 bit(s) [3]
[14:22:35.219] P-02 resumo: relatório 0x11 com 78 bytes, 1809 recebido(s); ruído de repouso: byte 9 bits [3, 4, 5, 6, 7]; byte 13 bits [1, 2, 3, 4, 5, 6, 7]; byte 15 bits [0, 1, 2]; byte 17 bits [0, 1, 2]; byte 19 bits [0, 1, 2, 3]; byte 21 bits [1, 2, 3, 4, 5, 6]; byte 23 bits [1, 2, 3, 4, 5, 6]; byte 25 bits [1, 2, 3, 4, 5, 6, 7]; byte 26 bits [1, 2, 3, 4, 5]; byte 74 bits [0, 1, 2, 3, 4, 5, 6, 7]; byte 75 bits [0, 1, 2, 3, 4, 5, 6, 7]; byte 76 bits [0, 1, 2, 3, 4, 5, 6, 7]; byte 77 bits [0, 1, 2, 3, 4, 5, 6, 7]
[14:22:36.338] P-02 rel 0x11/78 B: byte 15: 0xF4→0xF8 bit(s) [3]
[14:22:36.367] P-02 rel 0x11/78 B: byte 15: 0xF8→0xF7 bit(s) [3]
[14:22:36.623] P-02 rel 0x11/78 B: byte 15: 0xF3→0xF8 bit(s) [3]
[14:22:36.638] P-02 rel 0x11/78 B: byte 15: 0xF8→0xF5 bit(s) [3]
[14:22:37.958] P-02 rel 0x11/78 B: byte 17: 0x04→0x08 bit(s) [3]
[14:22:37.973] P-02 rel 0x11/78 B: byte 17: 0x08→0x07 bit(s) [3]
[14:22:38.078] P-02 rel 0x11/78 B: byte 15: 0xF5→0xF8 bit(s) [3]
[14:22:38.093] P-02 rel 0x11/78 B: byte 15: 0xF8→0xF3 bit(s) [3]
[14:22:38.783] P-02 rel 0x11/78 B: byte 15: 0xF3→0xF8 bit(s) [3]
[14:22:38.798] P-02 rel 0x11/78 B: byte 15: 0xF8→0xF3 bit(s) [3]
[14:22:39.638] P-02 rel 0x11/78 B: byte 15: 0xF5→0xFA bit(s) [3]
[14:22:39.653] P-02 rel 0x11/78 B: byte 15: 0xFA→0xF3 bit(s) [3]
[14:22:39.668] P-02 rel 0x11/78 B: byte 15: 0xF3→0xEF bit(s) [3, 4]
[14:22:39.683] P-02 rel 0x11/78 B: byte 15: 0xEF→0xF4 bit(s) [3, 4]
[14:22:39.698] P-02 rel 0x11/78 B: byte 15: 0xF4→0xF9 bit(s) [3]
[14:22:39.713] P-02 rel 0x11/78 B: byte 15: 0xF9→0xF3 bit(s) [3]
[14:22:40.808] P-02 rel 0x11/78 B: byte 15: 0xF3→0xEF bit(s) [3, 4]
[14:22:40.823] P-02 rel 0x11/78 B: byte 15: 0xEF→0xF3 bit(s) [3, 4]
[14:22:40.883] P-02 rel 0x11/78 B: byte 15: 0xF3→0xF9 bit(s) [3]; byte 17: 0x05→0x08 bit(s) [3]
[14:22:40.898] P-02 rel 0x11/78 B: byte 15: 0xF9→0xF6 bit(s) [3]; byte 17: 0x08→0x05 bit(s) [3]
[14:22:42.758] P-02 rel 0x11/78 B: byte 17: 0x05→0x08 bit(s) [3]
[14:22:42.773] P-02 rel 0x11/78 B: byte 17: 0x08→0x06 bit(s) [3]
[14:22:44.123] P-02 rel 0x11/78 B: byte 15: 0xF2→0xF8 bit(s) [3]
[14:22:44.138] P-02 rel 0x11/78 B: byte 15: 0xF8→0xF6 bit(s) [3]
[14:22:44.603] P-02 rel 0x11/78 B: byte 15: 0xF5→0xF8 bit(s) [3]
[14:22:44.618] P-02 rel 0x11/78 B: byte 15: 0xF8→0xF5 bit(s) [3]
[14:22:44.678] P-02 rel 0x11/78 B: byte 17: 0x05→0x09 bit(s) [3]
[14:22:44.693] P-02 rel 0x11/78 B: byte 17: 0x09→0x05 bit(s) [3]
[14:22:45.218] P-02 resumo: relatório 0x11 com 78 bytes, 2432 recebido(s); ruído de repouso: byte 9 bits [3, 4, 5, 6, 7]; byte 13 bits [1, 2, 3, 4, 5, 6, 7]; byte 15 bits [0, 1, 2]; byte 17 bits [0, 1, 2]; byte 19 bits [0, 1, 2, 3]; byte 21 bits [1, 2, 3, 4, 5, 6]; byte 23 bits [1, 2, 3, 4, 5, 6]; byte 25 bits [1, 2, 3, 4, 5, 6, 7]; byte 26 bits [1, 2, 3, 4, 5]; byte 74 bits [0, 1, 2, 3, 4, 5, 6, 7]; byte 75 bits [0, 1, 2, 3, 4, 5, 6, 7]; byte 76 bits [0, 1, 2, 3, 4, 5, 6, 7]; byte 77 bits [0, 1, 2, 3, 4, 5, 6, 7]
[14:22:45.878] P-02 rel 0x11/78 B: byte 17: 0x04→0x09 bit(s) [3]
[14:22:45.893] P-02 rel 0x11/78 B: byte 17: 0x09→0x04 bit(s) [3]
[14:22:46.208] P-02 rel 0x11/78 B: byte 15: 0xF4→0xF8 bit(s) [3]
[14:22:46.223] P-02 rel 0x11/78 B: byte 15: 0xF8→0xF5 bit(s) [3]
[14:22:46.298] P-02 rel 0x11/78 B: byte 15: 0xF5→0xEE bit(s) [3, 4]
[14:22:46.313] P-02 rel 0x11/78 B: byte 15: 0xEE→0xF6 bit(s) [3, 4]
[14:22:48.113] P-02 rel 0x11/78 B: byte 15: 0xF3→0xF8 bit(s) [3]
[14:22:48.128] P-02 rel 0x11/78 B: byte 15: 0xF8→0xF4 bit(s) [3]; byte 17: 0x06→0xFC bit(s) [3, 4, 5, 6, 7]; byte 18: 0x00→0xFF bit(s) [0, 1, 2, 3, 4, 5, 6, 7]; byte 22: 0xFD→0xFC bit(s) [0]
[14:22:48.143] P-02 rel 0x11/78 B: byte 15: 0xF4→0xEE bit(s) [3, 4]; byte 22: 0xFC→0xFD bit(s) [0]; byte 26: 0x21→0x22 bit(s) [0]
[14:22:48.158] P-02 rel 0x11/78 B: byte 15: 0xEE→0xFA bit(s) [4]; byte 17: 0xF9→0xF5 bit(s) [3]; byte 19: 0x0E→0x17 bit(s) [4]; byte 23: 0x72→0xBE bit(s) [7]; byte 24: 0x20→0x1F bit(s) [0, 1, 2, 3, 4, 5]
[14:22:48.173] P-02 rel 0x11/78 B: byte 15: 0xFA→0x11 bit(s) [3, 5, 6, 7]; byte 16: 0xFF→0x00 bit(s) [0, 1, 2, 3, 4, 5, 6, 7]; byte 23: 0xBE→0x52 bit(s) [7]; byte 24: 0x1F→0x20 bit(s) [0, 1, 2, 3, 4, 5]; byte 26: 0x22→0x21 bit(s) [0]
[14:22:48.188] P-02 rel 0x11/78 B: byte 15: 0x11→0x0D bit(s) [3, 4]; byte 17: 0xF7→0xF8 bit(s) [3]; byte 19: 0x10→0x0D bit(s) [4]
[14:22:48.203] P-02 rel 0x11/78 B: byte 15: 0x0D→0x05 bit(s) [3]; byte 23: 0x7E→0x92 bit(s) [7]
[14:22:48.218] P-02 rel 0x11/78 B: byte 15: 0x05→0xF4 bit(s) [4, 5, 6, 7]; byte 16: 0x00→0xFF bit(s) [0, 1, 2, 3, 4, 5, 6, 7]; byte 23: 0x92→0x0E bit(s) [7]
[14:22:48.248] P-02 rel 0x11/78 B: byte 15: 0xF4→0xFC bit(s) [3]; byte 17: 0xFE→0xF7 bit(s) [3]; byte 19: 0x0B→0x1B bit(s) [4]; byte 21: 0x5A→0xAA bit(s) [7]; byte 26: 0x21→0x22 bit(s) [0]
[14:22:48.263] P-02 rel 0x11/78 B: byte 17: 0xF7→0xFD bit(s) [3]; byte 19: 0x1B→0x06 bit(s) [4]; byte 21: 0xAA→0x08 bit(s) [7]; byte 26: 0x22→0x21 bit(s) [0]
[14:22:48.278] P-02 rel 0x11/78 B: byte 15: 0xFD→0x0E bit(s) [4, 5, 6, 7]; byte 16: 0xFF→0x00 bit(s) [0, 1, 2, 3, 4, 5, 6, 7]; byte 17: 0xFD→0x01 bit(s) [3, 4, 5, 6, 7]; byte 18: 0xFF→0x00 bit(s) [0, 1, 2, 3, 4, 5, 6, 7]; byte 26: 0x21→0x20 bit(s) [0]
[14:22:48.293] P-02 rel 0x11/78 B: byte 15: 0x0E→0xF9 bit(s) [4, 5, 6, 7]; byte 16: 0x00→0xFF bit(s) [0, 1, 2, 3, 4, 5, 6, 7]
[14:22:48.329] P-02 rel 0x11/78 B: byte 15: 0xF9→0xD5 bit(s) [3, 5]; byte 17: 0x06→0x0B bit(s) [3]
[14:22:48.329] P-02 rel 0x11/78 B: byte 15: 0xD5→0xDE bit(s) [3]; byte 26: 0x20→0x21 bit(s) [0]
[14:22:48.341] P-02 rel 0x11/78 B: byte 15: 0xDE→0xEA bit(s) [4, 5]; byte 17: 0x0F→0x13 bit(s) [3, 4]; byte 19: 0x01→0xFF bit(s) [4, 5, 6, 7]; byte 20: 0x00→0xFF bit(s) [0, 1, 2, 3, 4, 5, 6, 7]
[14:22:48.353] P-02 rel 0x11/78 B: byte 17: 0x13→0x0F bit(s) [3, 4]; byte 19: 0xFF→0x00 bit(s) [4, 5, 6, 7]; byte 20: 0xFF→0x00 bit(s) [0, 1, 2, 3, 4, 5, 6, 7]
[14:22:48.368] P-02 rel 0x11/78 B: byte 21: 0x28→0xF6 bit(s) [7]; byte 22: 0xFD→0xFC bit(s) [0]
[14:22:48.383] P-02 rel 0x11/78 B: byte 15: 0xEC→0xF3 bit(s) [3, 4]; byte 17: 0x0C→0x07 bit(s) [3]; byte 21: 0xF6→0x2E bit(s) [7]; byte 22: 0xFC→0xFD bit(s) [0]
[14:22:48.413] P-02 rel 0x11/78 B: byte 15: 0xF6→0xF8 bit(s) [3]
[14:22:48.443] P-02 rel 0x11/78 B: byte 15: 0xF8→0xF3 bit(s) [3]
[14:22:48.548] P-02 rel 0x11/78 B: byte 15: 0xF4→0xEF bit(s) [3, 4]; byte 17: 0x07→0x08 bit(s) [3]
[14:22:48.563] P-02 rel 0x11/78 B: byte 15: 0xEF→0xF4 bit(s) [3, 4]
[14:22:48.608] P-02 rel 0x11/78 B: byte 17: 0x08→0x05 bit(s) [3]
[14:22:48.683] P-02 rel 0x11/78 B: byte 15: 0xF4→0xF8 bit(s) [3]
[14:22:48.698] P-02 rel 0x11/78 B: byte 15: 0xF8→0x00 bit(s) [3, 4, 5, 6, 7]; byte 16: 0xFF→0x00 bit(s) [0, 1, 2, 3, 4, 5, 6, 7]
[14:22:48.728] P-02 rel 0x11/78 B: byte 15: 0x00→0xFC bit(s) [3, 4, 5, 6, 7]; byte 16: 0x00→0xFF bit(s) [0, 1, 2, 3, 4, 5, 6, 7]
[14:22:48.788] P-02 rel 0x11/78 B: byte 15: 0xFC→0xF5 bit(s) [3]
[14:22:48.803] P-02 rel 0x11/78 B: byte 15: 0xF5→0xEF bit(s) [3, 4]; byte 17: 0x06→0x08 bit(s) [3]
[14:22:48.818] P-02 rel 0x11/78 B: byte 15: 0xEF→0xE4 bit(s) [3]
[14:22:48.833] P-02 rel 0x11/78 B: byte 15: 0xE4→0xE8 bit(s) [3]; byte 17: 0x08→0x06 bit(s) [3]
[14:22:48.848] P-02 rel 0x11/78 B: byte 15: 0xE8→0xF8 bit(s) [4]
[14:22:48.878] P-02 rel 0x11/78 B: byte 15: 0xF9→0xEC bit(s) [4]
[14:22:48.908] P-02 rel 0x11/78 B: byte 15: 0xE9→0xF7 bit(s) [3, 4]
[14:22:48.923] P-02 rel 0x11/78 B: byte 15: 0xF7→0xFA bit(s) [3]
[14:22:48.952] P-02 rel 0x11/78 B: byte 15: 0xFA→0xF2 bit(s) [3]
[14:22:48.968] P-02 rel 0x11/78 B: byte 15: 0xF2→0xEE bit(s) [3, 4]
[14:22:48.983] P-02 rel 0x11/78 B: byte 17: 0x06→0x08 bit(s) [3]
[14:22:49.012] P-02 rel 0x11/78 B: byte 15: 0xEC→0xF5 bit(s) [3, 4]; byte 17: 0x08→0x07 bit(s) [3]
[14:22:49.073] P-02 rel 0x11/78 B: byte 15: 0xF5→0xF9 bit(s) [3]
[14:22:49.103] P-02 rel 0x11/78 B: byte 15: 0xF9→0xF3 bit(s) [3]
[14:22:49.133] P-02 rel 0x11/78 B: byte 15: 0xF6→0xFC bit(s) [3]
[14:22:49.178] P-02 rel 0x11/78 B: byte 15: 0xFC→0xF3 bit(s) [3]
[14:22:49.208] P-02 rel 0x11/78 B: byte 17: 0x05→0x08 bit(s) [3]
[14:22:49.223] P-02 rel 0x11/78 B: byte 15: 0xF7→0xEF bit(s) [3, 4]; byte 17: 0x08→0x04 bit(s) [3]
[14:22:49.253] P-02 rel 0x11/78 B: byte 15: 0xE9→0xF0 bit(s) [3, 4]
[14:22:49.283] P-02 rel 0x11/78 B: byte 15: 0xF6→0xF8 bit(s) [3]
[14:22:49.298] P-02 rel 0x11/78 B: byte 15: 0xF8→0xF2 bit(s) [3]
[14:22:49.328] P-02 rel 0x11/78 B: byte 15: 0xF5→0xF8 bit(s) [3]
[14:22:49.343] P-02 rel 0x11/78 B: byte 15: 0xF8→0xF7 bit(s) [3]
[14:22:49.358] P-02 rel 0x11/78 B: byte 15: 0xF7→0xFD bit(s) [3]
[14:22:49.373] P-02 rel 0x11/78 B: byte 15: 0xFD→0xF5 bit(s) [3]
[14:22:49.433] P-02 rel 0x11/78 B: byte 17: 0x05→0x08 bit(s) [3]
[14:22:49.448] P-02 rel 0x11/78 B: byte 17: 0x08→0x05 bit(s) [3]
[14:22:49.493] P-02 rel 0x11/78 B: byte 15: 0xF6→0xF8 bit(s) [3]
[14:22:49.612] P-02 rel 0x11/78 B: byte 15: 0xF8→0xF5 bit(s) [3]
[14:22:49.643] P-02 rel 0x11/78 B: byte 15: 0xF1→0xEB bit(s) [3, 4]
[14:22:49.658] P-02 rel 0x11/78 B: byte 15: 0xEB→0xF0 bit(s) [3, 4]
[14:22:49.733] P-02 rel 0x11/78 B: byte 15: 0xF7→0xFA bit(s) [3]
[14:22:49.823] P-02 rel 0x11/78 B: byte 15: 0xFD→0xF0 bit(s) [3]
[14:22:49.838] P-02 rel 0x11/78 B: byte 15: 0xF0→0xEA bit(s) [3, 4]
[14:22:49.853] P-02 rel 0x11/78 B: byte 17: 0x07→0x08 bit(s) [3]
[14:22:49.868] P-02 rel 0x11/78 B: byte 17: 0x08→0x07 bit(s) [3]
[14:22:49.883] P-02 rel 0x11/78 B: byte 15: 0xEF→0xF8 bit(s) [4]; byte 17: 0x07→0x08 bit(s) [3]
[14:22:49.898] P-02 rel 0x11/78 B: byte 17: 0x08→0x05 bit(s) [3]
[14:22:49.913] P-02 rel 0x11/78 B: byte 15: 0xF9→0xF3 bit(s) [3]
[14:22:49.928] P-02 rel 0x11/78 B: byte 15: 0xF3→0xEC bit(s) [3, 4]
[14:22:49.943] P-02 rel 0x11/78 B: byte 15: 0xEC→0xF9 bit(s) [4]
[14:22:49.958] P-02 rel 0x11/78 B: byte 15: 0xF9→0x06 bit(s) [3, 4, 5, 6, 7]; byte 16: 0xFF→0x00 bit(s) [0, 1, 2, 3, 4, 5, 6, 7]
[14:22:50.002] P-02 rel 0x11/78 B: byte 15: 0x06→0xF1 bit(s) [4, 5, 6, 7]; byte 16: 0x00→0xFF bit(s) [0, 1, 2, 3, 4, 5, 6, 7]
[14:22:50.018] P-02 rel 0x11/78 B: byte 15: 0xF1→0xE5 bit(s) [4]
[14:22:50.033] P-02 rel 0x11/78 B: byte 15: 0xE5→0xFE bit(s) [3, 4]
[14:22:50.048] P-02 rel 0x11/78 B: byte 15: 0xFE→0xEE bit(s) [4]
[14:22:50.063] P-02 rel 0x11/78 B: byte 15: 0xEE→0xF4 bit(s) [3, 4]; byte 17: 0x01→0xFF bit(s) [3, 4, 5, 6, 7]; byte 18: 0x00→0xFF bit(s) [0, 1, 2, 3, 4, 5, 6, 7]
[14:22:50.078] P-02 rel 0x11/78 B: byte 15: 0xF4→0x04 bit(s) [4, 5, 6, 7]; byte 16: 0xFF→0x00 bit(s) [0, 1, 2, 3, 4, 5, 6, 7]; byte 17: 0xFF→0x01 bit(s) [3, 4, 5, 6, 7]; byte 18: 0xFF→0x00 bit(s) [0, 1, 2, 3, 4, 5, 6, 7]; byte 23: 0x34→0xF4 bit(s) [7]; byte 24: 0x20→0x1F bit(s) [0, 1, 2, 3, 4, 5]
[14:22:50.093] P-02 rel 0x11/78 B: byte 23: 0xF4→0x54 bit(s) [7]; byte 24: 0x1F→0x20 bit(s) [0, 1, 2, 3, 4, 5]
[14:22:50.108] P-02 rel 0x11/78 B: byte 15: 0x01→0xED bit(s) [3, 5, 6, 7]; byte 16: 0x00→0xFF bit(s) [0, 1, 2, 3, 4, 5, 6, 7]
[14:22:50.123] P-02 rel 0x11/78 B: byte 15: 0xED→0xF6 bit(s) [3, 4]; byte 21: 0x1C→0xFA bit(s) [7]; byte 22: 0xFD→0xFC bit(s) [0]
[14:22:50.138] P-02 rel 0x11/78 B: byte 15: 0xF6→0x07 bit(s) [4, 5, 6, 7]; byte 16: 0xFF→0x00 bit(s) [0, 1, 2, 3, 4, 5, 6, 7]; byte 21: 0xFA→0x3C bit(s) [7]; byte 22: 0xFC→0xFD bit(s) [0]
[14:22:50.153] P-02 rel 0x11/78 B: byte 15: 0x07→0x0A bit(s) [3]
[14:22:50.168] P-02 rel 0x11/78 B: byte 15: 0x0A→0xFE bit(s) [4, 5, 6, 7]; byte 16: 0x00→0xFF bit(s) [0, 1, 2, 3, 4, 5, 6, 7]; byte 21: 0x46→0x8C bit(s) [7]; byte 22: 0xFD→0xFE bit(s) [0, 1]; byte 23: 0x22→0xD4 bit(s) [7]; byte 26: 0x21→0x20 bit(s) [0]
[14:22:50.183] P-02 rel 0x11/78 B: byte 15: 0xFE→0xD4 bit(s) [3, 5]; byte 16: 0xFF→0xFE bit(s) [0]; byte 17: 0x05→0xBB bit(s) [3, 4, 5, 7]; byte 18: 0x00→0xFF bit(s) [0, 1, 2, 3, 4, 5, 6, 7]; byte 19: 0x02→0xFE bit(s) [4, 5, 6, 7]; byte 22: 0xFE→0xF9 bit(s) [0, 1, 2]; byte 24: 0x20→0x1A bit(s) [1, 3, 4, 5]
[14:22:50.198] P-02 rel 0x11/78 B: byte 17: 0xBB→0xFA bit(s) [6]; byte 19: 0xFE→0xBD bit(s) [6]; byte 20: 0x00→0xFF bit(s) [0, 1, 2, 3, 4, 5, 6, 7]; byte 21: 0x94→0x76 bit(s) [7]; byte 22: 0xF9→0x01 bit(s) [3, 4, 5, 6, 7]; byte 24: 0x1A→0x25 bit(s) [0, 1, 2, 3, 4, 5]; byte 26: 0x1A→0x25 bit(s) [0]
[14:22:50.213] P-02 rel 0x11/78 B: byte 15: 0xD0→0x9E bit(s) [3, 6]; byte 16: 0xFE→0x00 bit(s) [1, 2, 3, 4, 5, 6, 7]; byte 17: 0xFA→0x15 bit(s) [3, 5, 6, 7]; byte 18: 0xFF→0x00 bit(s) [0, 1, 2, 3, 4, 5, 6, 7]; byte 19: 0xBD→0xEB bit(s) [4, 6]; byte 21: 0x76→0xE6 bit(s) [7]; byte 22: 0x01→0xFA bit(s) [0, 1, 3, 4, 5, 6, 7]; byte 24: 0x25→0x24 bit(s) [0]; byte 26: 0x25→0x26 bit(s) [0]
[14:22:50.242] P-02 rel 0x11/78 B: byte 15: 0x9E→0x4F bit(s) [4, 6, 7]; byte 16: 0x00→0x01 bit(s) [0]; byte 17: 0x15→0x18 bit(s) [3]; byte 19: 0xEB→0xDC bit(s) [4, 5]; byte 22: 0xFA→0xFD bit(s) [0, 1, 2]; byte 24: 0x24→0x1D bit(s) [0, 3, 4, 5]
[14:22:50.258] P-02 rel 0x11/78 B: byte 15: 0x4F→0xC1 bit(s) [3, 7]; byte 16: 0x01→0x00 bit(s) [0]; byte 17: 0x18→0x0F bit(s) [4]; byte 24: 0x1D→0x1B bit(s) [1, 2]
[14:22:50.273] P-02 rel 0x11/78 B: byte 15: 0xC1→0x79 bit(s) [3, 4, 5, 7]; byte 16: 0x00→0xFF bit(s) [0, 1, 2, 3, 4, 5, 6, 7]; byte 19: 0xDE→0xF5 bit(s) [5]; byte 22: 0xFD→0xFC bit(s) [0]; byte 23: 0xD0→0x2E bit(s) [7]; byte 24: 0x1B→0x21 bit(s) [1, 3, 4, 5]
[14:22:50.288] P-02 rel 0x11/78 B: byte 15: 0x79→0x10 bit(s) [3, 5, 6]; byte 16: 0xFF→0x00 bit(s) [0, 1, 2, 3, 4, 5, 6, 7]; byte 17: 0x0B→0x07 bit(s) [3]; byte 21: 0x88→0x70 bit(s) [7]; byte 22: 0xFC→0xFE bit(s) [1]; byte 24: 0x21→0x20 bit(s) [0]; byte 26: 0x20→0x23 bit(s) [0]
[14:22:50.303] P-02 rel 0x11/78 B: byte 15: 0x10→0x72 bit(s) [5, 6]; byte 17: 0x07→0x08 bit(s) [3]; byte 19: 0xF5→0xDC bit(s) [5]; byte 21: 0x70→0xF2 bit(s) [7]; byte 22: 0xFE→0xFD bit(s) [0, 1]; byte 24: 0x20→0x21 bit(s) [0]; byte 26: 0x23→0x22 bit(s) [0]
[14:22:50.318] P-02 rel 0x11/78 B: byte 15: 0x72→0x4A bit(s) [3, 4, 5]; byte 17: 0x08→0x03 bit(s) [3]; byte 19: 0xDC→0xEE bit(s) [4, 5]; byte 21: 0xF2→0x5E bit(s) [7]; byte 22: 0xFD→0xFC bit(s) [0]; byte 24: 0x21→0x1F bit(s) [1, 2, 3, 4, 5]
[14:22:50.333] P-02 rel 0x11/78 B: byte 15: 0x4A→0xB0 bit(s) [3, 4, 5, 6, 7]; byte 16: 0x00→0xFF bit(s) [0, 1, 2, 3, 4, 5, 6, 7]; byte 17: 0x03→0xFD bit(s) [3, 4, 5, 6, 7]; byte 18: 0x00→0xFF bit(s) [0, 1, 2, 3, 4, 5, 6, 7]; byte 19: 0xEE→0x19 bit(s) [4, 5, 6, 7]; byte 20: 0xFF→0x00 bit(s) [0, 1, 2, 3, 4, 5, 6, 7]; byte 22: 0xFC→0xFD bit(s) [0]
[14:22:50.348] P-02 rel 0x11/78 B: byte 15: 0xB0→0xC8 bit(s) [3, 4, 5, 6]; byte 24: 0x1F→0x20 bit(s) [0, 1, 2, 3, 4, 5]
[14:22:50.363] P-02 rel 0x11/78 B: byte 15: 0xC8→0x0E bit(s) [6, 7]; byte 16: 0xFF→0x00 bit(s) [0, 1, 2, 3, 4, 5, 6, 7]; byte 21: 0x48→0x9A bit(s) [7]; byte 23: 0x18→0xC6 bit(s) [7]; byte 24: 0x20→0x21 bit(s) [0]
[14:22:50.378] P-02 rel 0x11/78 B: byte 15: 0x0E→0x27 bit(s) [3, 5]; byte 17: 0xFD→0x05 bit(s) [3, 4, 5, 6, 7]; byte 18: 0xFF→0x00 bit(s) [0, 1, 2, 3, 4, 5, 6, 7]; byte 24: 0x21→0x20 bit(s) [0]; byte 26: 0x22→0x21 bit(s) [0]
[14:22:50.393] P-02 rel 0x11/78 B: byte 15: 0x27→0xDC bit(s) [3, 4, 5, 6, 7]; byte 16: 0x00→0xFF bit(s) [0, 1, 2, 3, 4, 5, 6, 7]; byte 17: 0x05→0xF4 bit(s) [4, 5, 6, 7]; byte 18: 0x00→0xFF bit(s) [0, 1, 2, 3, 4, 5, 6, 7]; byte 19: 0x17→0x05 bit(s) [4]; byte 22: 0xFD→0xFC bit(s) [0]
[14:22:50.408] P-02 rel 0x11/78 B: byte 15: 0xDC→0xC3 bit(s) [3, 4]; byte 19: 0x05→0x33 bit(s) [4, 5]; byte 24: 0x20→0x1D bit(s) [0, 2, 3, 4, 5]
[14:22:50.423] P-02 rel 0x11/78 B: byte 15: 0xC3→0x3A bit(s) [3, 4, 5, 6, 7]; byte 16: 0xFF→0x00 bit(s) [0, 1, 2, 3, 4, 5, 6, 7]; byte 17: 0xF7→0xFA bit(s) [3]; byte 19: 0x33→0x47 bit(s) [4, 5, 6]; byte 21: 0xD0→0x7C bit(s) [7]; byte 22: 0xFC→0xFE bit(s) [1]; byte 23: 0xDE→0x00 bit(s) [7]; byte 24: 0x1D→0x20 bit(s) [0, 2, 3, 4, 5]; byte 26: 0x21→0x22 bit(s) [0]
[14:22:50.438] P-02 rel 0x11/78 B: byte 15: 0x3A→0x54 bit(s) [3, 5, 6]; byte 17: 0xFA→0x0C bit(s) [4, 5, 6, 7]; byte 18: 0xFF→0x00 bit(s) [0, 1, 2, 3, 4, 5, 6, 7]; byte 19: 0x47→0x01 bit(s) [6]; byte 21: 0x7C→0xF4 bit(s) [7]; byte 22: 0xFE→0xFD bit(s) [0, 1]; byte 23: 0x00→0xC4 bit(s) [7]; byte 26: 0x22→0x21 bit(s) [0]
[14:22:50.453] P-02 rel 0x11/78 B: byte 15: 0x54→0x63 bit(s) [4, 5]; byte 17: 0x0C→0x07 bit(s) [3]; byte 22: 0xFD→0xFC bit(s) [0]; byte 23: 0xC4→0x72 bit(s) [7]; byte 24: 0x20→0x21 bit(s) [0]; byte 26: 0x21→0x20 bit(s) [0]
[14:22:50.468] P-02 rel 0x11/78 B: byte 15: 0x63→0xF0 bit(s) [4, 7]; byte 16: 0x00→0xFF bit(s) [0, 1, 2, 3, 4, 5, 6, 7]; byte 19: 0x08→0xDA bit(s) [4, 6, 7]; byte 20: 0x00→0xFF bit(s) [0, 1, 2, 3, 4, 5, 6, 7]; byte 22: 0xFC→0xFD bit(s) [0]; byte 26: 0x20→0x1F bit(s) [0]
[14:22:50.483] P-02 rel 0x11/78 B: byte 15: 0xF0→0x6C bit(s) [3, 4, 7]; byte 23: 0x1C→0xFC bit(s) [7]; byte 24: 0x21→0x20 bit(s) [0]
[14:22:50.498] P-02 rel 0x11/78 B: byte 15: 0x6C→0x89 bit(s) [5, 6, 7]; byte 19: 0xDC→0xF5 bit(s) [5]; byte 22: 0xFD→0xFC bit(s) [0]; byte 23: 0xFC→0x5E bit(s) [7]; byte 24: 0x20→0x1E bit(s) [1, 2, 3, 4, 5]; byte 26: 0x21→0x22 bit(s) [0]
[14:22:50.513] P-02 rel 0x11/78 B: byte 15: 0x89→0x26 bit(s) [3, 5, 7]; byte 16: 0xFF→0x00 bit(s) [0, 1, 2, 3, 4, 5, 6, 7]; byte 17: 0x02→0x09 bit(s) [3]; byte 19: 0xF5→0xE8 bit(s) [4]; byte 21: 0xB4→0x46 bit(s) [7]; byte 22: 0xFC→0xFE bit(s) [1]; byte 24: 0x1E→0x21 bit(s) [0, 1, 2, 3, 4, 5]; byte 26: 0x22→0x23 bit(s) [0]
[14:22:50.528] P-02 rel 0x11/78 B: byte 15: 0x26→0x64 bit(s) [6]; byte 19: 0xE8→0x03 bit(s) [5, 6, 7]; byte 20: 0xFF→0x00 bit(s) [0, 1, 2, 3, 4, 5, 6, 7]; byte 22: 0xFE→0xFC bit(s) [1]; byte 24: 0x21→0x20 bit(s) [0]
[14:22:50.543] P-02 rel 0x11/78 B: byte 15: 0x64→0x0B bit(s) [3, 5, 6]; byte 17: 0x09→0x05 bit(s) [3]; byte 22: 0xFC→0xFE bit(s) [1]; byte 26: 0x21→0x20 bit(s) [0]
[14:22:50.558] P-02 rel 0x11/78 B: byte 15: 0x0B→0xA7 bit(s) [3, 5, 7]; byte 16: 0x00→0xFF bit(s) [0, 1, 2, 3, 4, 5, 6, 7]; byte 19: 0x0A→0xFA bit(s) [4, 5, 6, 7]; byte 20: 0x00→0xFF bit(s) [0, 1, 2, 3, 4, 5, 6, 7]; byte 21: 0x2E→0xC8 bit(s) [7]; byte 22: 0xFE→0xFC bit(s) [1]
[14:22:50.573] P-02 rel 0x11/78 B: byte 15: 0xA7→0xCD bit(s) [3, 5, 6]; byte 19: 0xFA→0x17 bit(s) [5, 6, 7]; byte 20: 0xFF→0x00 bit(s) [0, 1, 2, 3, 4, 5, 6, 7]; byte 21: 0xC8→0x64 bit(s) [7]; byte 22: 0xFC→0xFD bit(s) [0]; byte 24: 0x20→0x21 bit(s) [0]
[14:22:50.588] P-02 rel 0x11/78 B: byte 15: 0xCD→0x21 bit(s) [3, 5, 6, 7]; byte 16: 0xFF→0x00 bit(s) [0, 1, 2, 3, 4, 5, 6, 7]; byte 19: 0x17→0xFF bit(s) [5, 6, 7]; byte 20: 0x00→0xFF bit(s) [0, 1, 2, 3, 4, 5, 6, 7]; byte 24: 0x21→0x1F bit(s) [1, 2, 3, 4, 5]; byte 26: 0x22→0x21 bit(s) [0]
[14:22:50.603] P-02 rel 0x11/78 B: byte 15: 0x21→0x1F bit(s) [3, 4, 5]; byte 17: 0x05→0x0A bit(s) [3]; byte 23: 0x5C→0x8A bit(s) [7]; byte 24: 0x1F→0x20 bit(s) [0, 1, 2, 3, 4, 5]
[14:22:51.008]      … 23 linha(s) suprimida(s) neste segundo
[14:22:51.008] P-02 rel 0x11/78 B: byte 15: 0x06→0xE9 bit(s) [3, 5, 6, 7]; byte 16: 0x00→0xFF bit(s) [0, 1, 2, 3, 4, 5, 6, 7]
[14:22:51.037] P-02 rel 0x11/78 B: byte 15: 0xE9→0xE2 bit(s) [3]
[14:22:51.053] P-02 rel 0x11/78 B: byte 15: 0xE2→0xF5 bit(s) [4]
[14:22:51.068] P-02 rel 0x11/78 B: byte 15: 0xF5→0xFB bit(s) [3]
[14:22:51.083] P-02 rel 0x11/78 B: byte 15: 0xFB→0xF0 bit(s) [3]; byte 17: 0x03→0xFF bit(s) [3, 4, 5, 6, 7]; byte 18: 0x00→0xFF bit(s) [0, 1, 2, 3, 4, 5, 6, 7]
[14:22:51.098] P-02 rel 0x11/78 B: byte 15: 0xF0→0xFA bit(s) [3]
[14:22:51.113] P-02 rel 0x11/78 B: byte 15: 0xFA→0x0C bit(s) [4, 5, 6, 7]; byte 16: 0xFF→0x00 bit(s) [0, 1, 2, 3, 4, 5, 6, 7]
[14:22:51.128] P-02 rel 0x11/78 B: byte 15: 0x0C→0x07 bit(s) [3]; byte 17: 0xFF→0x01 bit(s) [3, 4, 5, 6, 7]; byte 18: 0xFF→0x00 bit(s) [0, 1, 2, 3, 4, 5, 6, 7]
[14:22:51.143] P-02 rel 0x11/78 B: byte 15: 0x07→0xFC bit(s) [3, 4, 5, 6, 7]; byte 16: 0x00→0xFF bit(s) [0, 1, 2, 3, 4, 5, 6, 7]
[14:22:51.158] P-02 rel 0x11/78 B: byte 15: 0xFC→0xDB bit(s) [5]; byte 17: 0x02→0xFE bit(s) [3, 4, 5, 6, 7]; byte 18: 0x00→0xFF bit(s) [0, 1, 2, 3, 4, 5, 6, 7]; byte 19: 0x06→0x11 bit(s) [4]; byte 26: 0x21→0x20 bit(s) [0]
[14:22:51.173] P-02 rel 0x11/78 B: byte 15: 0xDB→0x93 bit(s) [3, 6]; byte 17: 0xFE→0x07 bit(s) [3, 4, 5, 6, 7]; byte 18: 0xFF→0x00 bit(s) [0, 1, 2, 3, 4, 5, 6, 7]; byte 23: 0x7A→0xFE bit(s) [7]; byte 24: 0x20→0x1F bit(s) [0, 1, 2, 3, 4, 5]; byte 26: 0x20→0x21 bit(s) [0]
[14:22:51.188] P-02 rel 0x11/78 B: byte 15: 0x93→0xF7 bit(s) [5, 6]; byte 17: 0x07→0x0B bit(s) [3]; byte 19: 0x14→0xFB bit(s) [5, 6, 7]; byte 20: 0x00→0xFF bit(s) [0, 1, 2, 3, 4, 5, 6, 7]; byte 21: 0x56→0x98 bit(s) [7]; byte 23: 0xFE→0x74 bit(s) [7]; byte 24: 0x1F→0x20 bit(s) [0, 1, 2, 3, 4, 5]; byte 26: 0x21→0x22 bit(s) [0]
[14:22:51.203] P-02 rel 0x11/78 B: byte 15: 0xF7→0x22 bit(s) [4, 6, 7]; byte 16: 0xFF→0x00 bit(s) [0, 1, 2, 3, 4, 5, 6, 7]; byte 22: 0xFD→0xFC bit(s) [0]; byte 23: 0x74→0x84 bit(s) [7]; byte 26: 0x22→0x21 bit(s) [0]
[14:22:51.218] P-02 rel 0x11/78 B: byte 15: 0x22→0x13 bit(s) [4, 5]; byte 19: 0xF7→0x03 bit(s) [4, 5, 6, 7]; byte 20: 0xFF→0x00 bit(s) [0, 1, 2, 3, 4, 5, 6, 7]; byte 21: 0xF2→0x54 bit(s) [7]; byte 22: 0xFC→0xFD bit(s) [0]; byte 23: 0x84→0x12 bit(s) [7]
[14:22:51.233] P-02 rel 0x11/78 B: byte 15: 0x13→0xF4 bit(s) [5, 6, 7]; byte 16: 0x00→0xFF bit(s) [0, 1, 2, 3, 4, 5, 6, 7]; byte 23: 0x12→0xD0 bit(s) [7]; byte 24: 0x20→0x1F bit(s) [0, 1, 2, 3, 4, 5]
[14:22:51.263] P-02 rel 0x11/78 B: byte 15: 0xF4→0x10 bit(s) [5, 6, 7]; byte 16: 0xFF→0x00 bit(s) [0, 1, 2, 3, 4, 5, 6, 7]; byte 24: 0x1F→0x20 bit(s) [0, 1, 2, 3, 4, 5]
[14:22:51.292] P-02 rel 0x11/78 B: byte 17: 0x08→0x05 bit(s) [3]; byte 23: 0xD6→0x54 bit(s) [7]
[14:22:51.308] P-02 rel 0x11/78 B: byte 15: 0x10→0xF2 bit(s) [5, 6, 7]; byte 16: 0x00→0xFF bit(s) [0, 1, 2, 3, 4, 5, 6, 7]
[14:22:51.323] P-02 rel 0x11/78 B: byte 15: 0xF2→0xF8 bit(s) [3]; byte 17: 0x04→0xFF bit(s) [3, 4, 5, 6, 7]; byte 18: 0x00→0xFF bit(s) [0, 1, 2, 3, 4, 5, 6, 7]
[14:22:51.338] P-02 rel 0x11/78 B: byte 15: 0xF8→0x01 bit(s) [3, 4, 5, 6, 7]; byte 16: 0xFF→0x00 bit(s) [0, 1, 2, 3, 4, 5, 6, 7]; byte 17: 0xFF→0x04 bit(s) [3, 4, 5, 6, 7]; byte 18: 0xFF→0x00 bit(s) [0, 1, 2, 3, 4, 5, 6, 7]; byte 23: 0x36→0x84 bit(s) [7]
[14:22:51.353] P-02 rel 0x11/78 B: byte 15: 0x01→0xEB bit(s) [3, 5, 6, 7]; byte 16: 0x00→0xFF bit(s) [0, 1, 2, 3, 4, 5, 6, 7]; byte 23: 0x84→0x58 bit(s) [7]
[14:22:51.383] P-02 rel 0x11/78 B: byte 15: 0xEA→0xF6 bit(s) [3, 4]
[14:22:51.398] P-02 rel 0x11/78 B: byte 15: 0xF6→0xFB bit(s) [3]
[14:22:51.413] P-02 rel 0x11/78 B: byte 15: 0xFB→0xF2 bit(s) [3]
[14:22:51.428] P-02 rel 0x11/78 B: byte 15: 0xF2→0xEA bit(s) [3, 4]
[14:22:51.458] P-02 rel 0x11/78 B: byte 15: 0xED→0xF8 bit(s) [4]
[14:22:51.488] P-02 rel 0x11/78 B: byte 15: 0xF9→0xED bit(s) [4]
[14:22:51.518] P-02 rel 0x11/78 B: byte 15: 0xEF→0xF3 bit(s) [3, 4]
[14:22:51.548] P-02 rel 0x11/78 B: byte 15: 0xF7→0x17 bit(s) [5, 6, 7]; byte 16: 0xFF→0x00 bit(s) [0, 1, 2, 3, 4, 5, 6, 7]; byte 19: 0x0A→0x21 bit(s) [5]; byte 24: 0x20→0x21 bit(s) [0]; byte 26: 0x21→0x22 bit(s) [0]
[14:22:51.563] P-02 rel 0x11/78 B: byte 15: 0x17→0xF1 bit(s) [5, 6, 7]; byte 16: 0x00→0xFF bit(s) [0, 1, 2, 3, 4, 5, 6, 7]; byte 19: 0x21→0x65 bit(s) [6]; byte 22: 0xFD→0xFE bit(s) [0, 1]; byte 26: 0x22→0x21 bit(s) [0]
[14:22:51.578] P-02 rel 0x11/78 B: byte 15: 0xF1→0xC0 bit(s) [4, 5]; byte 17: 0x02→0x09 bit(s) [3]; byte 19: 0x65→0xEA bit(s) [7]; byte 20: 0x00→0xFF bit(s) [0, 1, 2, 3, 4, 5, 6, 7]; byte 22: 0xFE→0x00 bit(s) [1, 2, 3, 4, 5, 6, 7]; byte 24: 0x21→0x20 bit(s) [0]
[14:22:51.593] P-02 rel 0x11/78 B: byte 15: 0xC0→0x1E bit(s) [3, 4, 6, 7]; byte 16: 0xFF→0x00 bit(s) [0, 1, 2, 3, 4, 5, 6, 7]; byte 19: 0xEA→0xD4 bit(s) [4, 5]; byte 22: 0x00→0xFC bit(s) [2, 3, 4, 5, 6, 7]; byte 23: 0x32→0xEC bit(s) [7]; byte 24: 0x20→0x22 bit(s) [1]; byte 26: 0x21→0x22 bit(s) [0]
[14:22:51.608] P-02 rel 0x11/78 B: byte 15: 0x1E→0x64 bit(s) [3, 4, 5, 6]; byte 19: 0xD4→0x14 bit(s) [6, 7]; byte 20: 0xFF→0x00 bit(s) [0, 1, 2, 3, 4, 5, 6, 7]; byte 21: 0x36→0x86 bit(s) [7]; byte 22: 0xFC→0xFE bit(s) [1]; byte 23: 0xEC→0x74 bit(s) [7]; byte 24: 0x22→0x21 bit(s) [0, 1]
[14:22:51.624] P-02 rel 0x11/78 B: byte 15: 0x64→0x69 bit(s) [3]; byte 22: 0xFE→0xFC bit(s) [1]; byte 23: 0x74→0x94 bit(s) [7]; byte 24: 0x21→0x1B bit(s) [1, 3, 4, 5]; byte 26: 0x22→0x1F bit(s) [0]
[14:22:51.638] P-02 rel 0x11/78 B: byte 15: 0x69→0x15 bit(s) [3, 4, 5, 6]; byte 19: 0x1D→0xE0 bit(s) [4, 5, 6, 7]; byte 20: 0x00→0xFF bit(s) [0, 1, 2, 3, 4, 5, 6, 7]; byte 22: 0xFC→0xFE bit(s) [1]; byte 24: 0x1B→0x21 bit(s) [1, 3, 4, 5]; byte 26: 0x1F→0x20 bit(s) [0]
[14:22:51.654] P-02 rel 0x11/78 B: byte 15: 0x15→0xBE bit(s) [3, 5, 7]; byte 16: 0x00→0xFF bit(s) [0, 1, 2, 3, 4, 5, 6, 7]; byte 17: 0x0A→0x04 bit(s) [3]; byte 19: 0xE0→0x0E bit(s) [5, 6, 7]; byte 20: 0xFF→0x00 bit(s) [0, 1, 2, 3, 4, 5, 6, 7]; byte 21: 0x84→0x5C bit(s) [7]; byte 22: 0xFE→0xFC bit(s) [1]; byte 23: 0xCE→0x18 bit(s) [7]; byte 24: 0x21→0x22 bit(s) [0, 1]; byte 26: 0x20→0x21 bit(s) [0]
[14:22:51.668] P-02 rel 0x11/78 B: byte 15: 0xBE→0xB4 bit(s) [3]; byte 19: 0x0E→0x16 bit(s) [4]; byte 22: 0xFC→0xFD bit(s) [0]; byte 23: 0x18→0xF8 bit(s) [7]; byte 24: 0x22→0x1F bit(s) [0, 2, 3, 4, 5]; byte 26: 0x21→0x22 bit(s) [0]
[14:22:51.683] P-02 rel 0x11/78 B: byte 15: 0xB4→0xFA bit(s) [3, 6]; byte 19: 0x16→0xFD bit(s) [5, 6, 7]; byte 20: 0x00→0xFF bit(s) [0, 1, 2, 3, 4, 5, 6, 7]; byte 24: 0x1F→0x1E bit(s) [0]
[14:22:51.698] P-02 rel 0x11/78 B: byte 15: 0xFA→0xC7 bit(s) [3, 4, 5]; byte 17: 0x04→0x0C bit(s) [3]; byte 19: 0xFD→0x07 bit(s) [4, 5, 6, 7]; byte 20: 0xFF→0x00 bit(s) [0, 1, 2, 3, 4, 5, 6, 7]; byte 21: 0x4E→0x86 bit(s) [7]; byte 23: 0xF8→0x18 bit(s) [7]; byte 24: 0x1E→0x20 bit(s) [1, 2, 3, 4, 5]
[14:22:51.713] P-02 rel 0x11/78 B: byte 15: 0xC7→0xDF bit(s) [3, 4]; byte 22: 0xFD→0xFC bit(s) [0]; byte 26: 0x22→0x21 bit(s) [0]
[14:22:52.013]      … 16 linha(s) suprimida(s) neste segundo
[14:22:52.013] P-02 rel 0x11/78 B: byte 15: 0x28→0x15 bit(s) [3, 4, 5]; byte 17: 0x29→0x37 bit(s) [3, 4]; byte 19: 0x8D→0x69 bit(s) [5, 6, 7]; byte 24: 0x20→0x1F bit(s) [0, 1, 2, 3, 4, 5]
[14:22:52.028] P-02 rel 0x11/78 B: byte 15: 0x15→0xE1 bit(s) [4, 5, 6, 7]; byte 16: 0x01→0x00 bit(s) [0]; byte 17: 0x37→0x0B bit(s) [3, 4, 5]; byte 18: 0x00→0x01 bit(s) [0]; byte 19: 0x69→0x82 bit(s) [5, 6, 7]; byte 22: 0xFE→0xFD bit(s) [0, 1]; byte 23: 0xAA→0x68 bit(s) [7]; byte 24: 0x1F→0x20 bit(s) [0, 1, 2, 3, 4, 5]; byte 26: 0x20→0x21 bit(s) [0]
[14:22:52.043] P-02 rel 0x11/78 B: byte 15: 0xE1→0x9C bit(s) [3, 4, 5, 6]; byte 16: 0x00→0x01 bit(s) [0]; byte 17: 0x0B→0xD6 bit(s) [3, 4, 6, 7]; byte 18: 0x01→0x00 bit(s) [0]; byte 19: 0x82→0x7F bit(s) [4, 5, 6, 7]; byte 24: 0x20→0x21 bit(s) [0]; byte 26: 0x21→0x22 bit(s) [0]
[14:22:52.058] P-02 rel 0x11/78 B: byte 15: 0x9C→0x37 bit(s) [3, 5, 7]; byte 16: 0x01→0x02 bit(s) [0, 1]; byte 17: 0xD6→0x58 bit(s) [3, 7]; byte 19: 0x7F→0x8F bit(s) [4, 5, 6, 7]; byte 22: 0xFD→0xFC bit(s) [0]
[14:22:52.087] P-02 rel 0x11/78 B: byte 15: 0x37→0xF3 bit(s) [6, 7]; byte 16: 0x02→0x01 bit(s) [0, 1]; byte 17: 0x58→0xED bit(s) [4, 5, 7]; byte 18: 0x00→0xFF bit(s) [0, 1, 2, 3, 4, 5, 6, 7]; byte 19: 0x8F→0xC9 bit(s) [6]; byte 21: 0xD4→0x5E bit(s) [7]; byte 23: 0x68→0xD6 bit(s) [7]; byte 24: 0x21→0x1F bit(s) [1, 2, 3, 4, 5]
[14:22:52.103] P-02 rel 0x11/78 B: byte 15: 0xF3→0x41 bit(s) [4, 5, 7]; byte 17: 0xED→0xDE bit(s) [4, 5]; byte 19: 0xC9→0xA5 bit(s) [5, 6]; byte 21: 0x5E→0xF2 bit(s) [7]; byte 24: 0x1F→0x1D bit(s) [1]; byte 26: 0x1E→0x1D bit(s) [0]
[14:22:52.118] P-02 rel 0x11/78 B: byte 15: 0x41→0x4B bit(s) [3]; byte 16: 0x01→0x00 bit(s) [0]; byte 17: 0xDE→0xAA bit(s) [4, 5, 6]; byte 18: 0xFF→0x00 bit(s) [0, 1, 2, 3, 4, 5, 6, 7]; byte 19: 0xA5→0x33 bit(s) [4, 7]; byte 23: 0xD8→0x46 bit(s) [7]; byte 24: 0x1D→0x22 bit(s) [0, 1, 2, 3, 4, 5]; byte 26: 0x1D→0x1E bit(s) [0]
[14:22:52.134] P-02 rel 0x11/78 B: byte 15: 0x4B→0xDA bit(s) [4, 7]; byte 17: 0xAA→0xD5 bit(s) [3, 4, 5, 6]; byte 19: 0x33→0x6B bit(s) [4, 6]; byte 23: 0x46→0x9C bit(s) [7]; byte 24: 0x22→0x21 bit(s) [0, 1]
[14:22:52.148] P-02 rel 0x11/78 B: byte 15: 0xDA→0xF0 bit(s) [3, 5]; byte 16: 0x00→0x01 bit(s) [0]; byte 17: 0xD5→0x7D bit(s) [3, 5, 7]; byte 19: 0x6B→0x9A bit(s) [4, 5, 6, 7]; byte 23: 0x9C→0x04 bit(s) [7]; byte 24: 0x21→0x1F bit(s) [1, 2, 3, 4, 5]
[14:22:52.163] P-02 rel 0x11/78 B: byte 15: 0xF0→0x97 bit(s) [5, 6]; byte 16: 0x01→0x02 bit(s) [0, 1]; byte 17: 0x7D→0x1D bit(s) [5, 6]; byte 19: 0x9A→0xB6 bit(s) [5]; byte 23: 0x04→0xBE bit(s) [7]; byte 24: 0x1F→0x1E bit(s) [0]; byte 26: 0x20→0x1F bit(s) [0]
[14:22:52.178] P-02 rel 0x11/78 B: byte 15: 0x97→0x75 bit(s) [5, 6, 7]; byte 17: 0x1D→0xB0 bit(s) [3, 5, 7]; byte 18: 0x00→0xFF bit(s) [0, 1, 2, 3, 4, 5, 6, 7]; byte 19: 0xB6→0xDE bit(s) [5, 6]; byte 21: 0xAA→0x6E bit(s) [7]; byte 22: 0xFC→0xFD bit(s) [0]; byte 23: 0xBE→0x12 bit(s) [7]; byte 24: 0x1E→0x1F bit(s) [0]; byte 26: 0x1F→0x1E bit(s) [0]
[14:22:52.193] P-02 rel 0x11/78 B: byte 15: 0x75→0xF2 bit(s) [7]; byte 16: 0x02→0x00 bit(s) [1]; byte 17: 0xB0→0xB8 bit(s) [3]; byte 26: 0x1E→0x1B bit(s) [0]
[14:22:52.222] P-02 rel 0x11/78 B: byte 15: 0xF2→0xC6 bit(s) [4, 5]; byte 16: 0x00→0xFE bit(s) [1, 2, 3, 4, 5, 6, 7]; byte 17: 0xB8→0x14 bit(s) [3, 5, 7]; byte 18: 0xFF→0x00 bit(s) [0, 1, 2, 3, 4, 5, 6, 7]; byte 19: 0xD6→0x00 bit(s) [4, 6, 7]; byte 20: 0xFF→0x00 bit(s) [0, 1, 2, 3, 4, 5, 6, 7]; byte 22: 0xFD→0xFE bit(s) [0, 1]; byte 24: 0x1F→0x20 bit(s) [0, 1, 2, 3, 4, 5]
[14:22:52.238] P-02 rel 0x11/78 B: byte 15: 0xC6→0x88 bit(s) [3, 6]; byte 16: 0xFE→0xFD bit(s) [0, 1]; byte 17: 0x14→0x54 bit(s) [6]; byte 19: 0x00→0x4F bit(s) [6]; byte 22: 0xFE→0xFD bit(s) [0, 1]; byte 23: 0x22→0xDE bit(s) [7]; byte 24: 0x20→0x1E bit(s) [1, 2, 3, 4, 5]
[14:22:52.253] P-02 rel 0x11/78 B: byte 17: 0x54→0x8B bit(s) [3, 4, 6, 7]; byte 22: 0xFD→0xFA bit(s) [0, 1, 2]; byte 24: 0x1E→0x1D bit(s) [0, 1]; byte 26: 0x1B→0x1C bit(s) [0]
[14:22:52.268] P-02 rel 0x11/78 B: byte 15: 0x8C→0x15 bit(s) [3, 4, 7]; byte 16: 0xFD→0x01 bit(s) [2, 3, 4, 5, 6, 7]; byte 17: 0x8B→0x16 bit(s) [3, 4, 7]; byte 19: 0x4A→0x85 bit(s) [6, 7]; byte 20: 0x00→0xFF bit(s) [0, 1, 2, 3, 4, 5, 6, 7]; byte 22: 0xFA→0xF5 bit(s) [0, 1, 2, 3]; byte 24: 0x1D→0x23 bit(s) [1, 2, 3, 4, 5]
[14:22:52.283] P-02 rel 0x11/78 B: byte 15: 0x15→0x96 bit(s) [7]; byte 17: 0x16→0xF6 bit(s) [5, 6, 7]; byte 18: 0x00→0xFF bit(s) [0, 1, 2, 3, 4, 5, 6, 7]; byte 19: 0x85→0x7B bit(s) [4, 5, 6, 7]; byte 21: 0x38→0xD0 bit(s) [7]; byte 24: 0x23→0x24 bit(s) [0, 1, 2]; byte 26: 0x1E→0x1D bit(s) [0]
[14:22:52.298] P-02 rel 0x11/78 B: byte 15: 0x96→0x55 bit(s) [6, 7]; byte 17: 0xF6→0x13 bit(s) [5, 6, 7]; byte 18: 0xFF→0x00 bit(s) [0, 1, 2, 3, 4, 5, 6, 7]; byte 19: 0x7B→0x95 bit(s) [5, 6, 7]; byte 22: 0xF5→0xF7 bit(s) [1]; byte 23: 0xE6→0x10 bit(s) [7]; byte 24: 0x24→0x22 bit(s) [1, 2]; byte 26: 0x1D→0x1C bit(s) [0]
[14:22:52.313] P-02 rel 0x11/78 B: byte 15: 0x55→0xF1 bit(s) [5, 7]; byte 16: 0x01→0x00 bit(s) [0]; byte 17: 0x13→0x34 bit(s) [5]; byte 19: 0x95→0xAA bit(s) [4, 5]; byte 21: 0xEC→0x62 bit(s) [7]; byte 22: 0xF7→0xFA bit(s) [0, 2, 3]; byte 24: 0x22→0x1E bit(s) [2, 3, 4, 5]
[14:22:52.328] P-02 rel 0x11/78 B: byte 15: 0xF1→0xC4 bit(s) [4, 5]; byte 21: 0x62→0xB4 bit(s) [7]; byte 22: 0xFA→0xFB bit(s) [0]; byte 23: 0x5A→0x88 bit(s) [7]; byte 24: 0x1E→0x1D bit(s) [0, 1]; byte 26: 0x1C→0x1D bit(s) [0]
[14:22:52.343] P-02 rel 0x11/78 B: byte 15: 0xC4→0xA6 bit(s) [5, 6]; byte 17: 0x36→0x1A bit(s) [3, 5]; byte 19: 0xA5→0xC6 bit(s) [5, 6]; byte 21: 0xB4→0x76 bit(s) [7]; byte 23: 0x88→0x6E bit(s) [7]; byte 24: 0x1D→0x1F bit(s) [1]
[14:22:52.358] P-02 rel 0x11/78 B: byte 15: 0xA6→0x52 bit(s) [4, 5, 6, 7]; byte 17: 0x1A→0xF6 bit(s) [3, 5, 6, 7]; byte 18: 0x00→0xFF bit(s) [0, 1, 2, 3, 4, 5, 6, 7]; byte 19: 0xC6→0x24 bit(s) [5, 6, 7]; byte 20: 0xFF→0x00 bit(s) [0, 1, 2, 3, 4, 5, 6, 7]; byte 22: 0xFB→0xFA bit(s) [0]; byte 23: 0x6E→0xE4 bit(s) [7]; byte 24: 0x1F→0x20 bit(s) [0, 1, 2, 3, 4, 5]; byte 26: 0x1D→0x1C bit(s) [0]
[14:22:52.373] P-02 rel 0x11/78 B: byte 15: 0x52→0x9D bit(s) [3, 6, 7]; byte 16: 0x00→0xFF bit(s) [0, 1, 2, 3, 4, 5, 6, 7]; byte 17: 0xF6→0xEF bit(s) [3, 4]; byte 19: 0x24→0x46 bit(s) [5, 6]; byte 21: 0x38→0xAE bit(s) [7]; byte 22: 0xFA→0xF9 bit(s) [0, 1]; byte 23: 0xE4→0x16 bit(s) [7]; byte 26: 0x1C→0x1B bit(s) [0]
[14:22:52.389] P-02 rel 0x11/78 B: byte 15: 0x9D→0x0E bit(s) [4, 7]; byte 17: 0xEF→0x02 bit(s) [3, 5, 6, 7]; byte 18: 0xFF→0x00 bit(s) [0, 1, 2, 3, 4, 5, 6, 7]; byte 19: 0x46→0x0F bit(s) [6]; byte 21: 0xAE→0x38 bit(s) [7]; byte 23: 0x16→0xE8 bit(s) [7]; byte 26: 0x1B→0x1C bit(s) [0]
[14:22:52.405] P-02 rel 0x11/78 B: byte 15: 0x0E→0x2D bit(s) [5]; byte 21: 0x38→0x8A bit(s) [7]; byte 22: 0xF9→0xFB bit(s) [1]; byte 23: 0xE8→0x14 bit(s) [7]; byte 24: 0x20→0x22 bit(s) [1]
[14:22:52.418] P-02 rel 0x11/78 B: byte 15: 0x2D→0x95 bit(s) [3, 4, 5, 7]; byte 19: 0x0A→0x35 bit(s) [4, 5]; byte 21: 0x8A→0x56 bit(s) [7]; byte 22: 0xFB→0xFC bit(s) [0, 1, 2]; byte 24: 0x22→0x20 bit(s) [1]
[14:22:52.433] P-02 rel 0x11/78 B: byte 15: 0x95→0xFD bit(s) [3, 5, 6]; byte 17: 0x07→0x15 bit(s) [4]; byte 19: 0x35→0x23 bit(s) [4]; byte 22: 0xFC→0xFB bit(s) [0, 1, 2]; byte 23: 0x36→0xA2 bit(s) [7]; byte 24: 0x20→0x1D bit(s) [0, 2, 3, 4, 5]
[14:22:52.448] P-02 rel 0x11/78 B: byte 15: 0xFD→0x2E bit(s) [4, 6, 7]; byte 16: 0xFF→0x00 bit(s) [0, 1, 2, 3, 4, 5, 6, 7]; byte 19: 0x23→0x15 bit(s) [4, 5]; byte 21: 0x06→0xEA bit(s) [7]; byte 24: 0x1D→0x1F bit(s) [1]; byte 26: 0x1E→0x1D bit(s) [0]
[14:22:52.463] P-02 rel 0x11/78 B: byte 15: 0x2E→0x19 bit(s) [4, 5]; byte 17: 0x15→0x1E bit(s) [3]; byte 23: 0xFA→0x6E bit(s) [7]; byte 24: 0x1F→0x21 bit(s) [1, 2, 3, 4, 5]
[14:22:52.478] P-02 rel 0x11/78 B: byte 15: 0x19→0xF6 bit(s) [3, 5, 6, 7]; byte 16: 0x00→0xFF bit(s) [0, 1, 2, 3, 4, 5, 6, 7]; byte 17: 0x1E→0x2C bit(s) [4, 5]; byte 21: 0xD4→0x78 bit(s) [7]; byte 22: 0xFB→0xFC bit(s) [0, 1, 2]; byte 23: 0x6E→0x9E bit(s) [7]; byte 24: 0x21→0x20 bit(s) [0]; byte 26: 0x1D→0x1E bit(s) [0]
[14:22:52.493] P-02 rel 0x11/78 B: byte 15: 0xF6→0x0C bit(s) [3, 4, 5, 6, 7]; byte 16: 0xFF→0x00 bit(s) [0, 1, 2, 3, 4, 5, 6, 7]; byte 17: 0x2C→0x5B bit(s) [4, 5, 6]; byte 19: 0x10→0xEE bit(s) [4, 5, 6, 7]; byte 20: 0x00→0xFF bit(s) [0, 1, 2, 3, 4, 5, 6, 7]; byte 24: 0x20→0x1F bit(s) [0, 1, 2, 3, 4, 5]
[14:22:52.508] P-02 rel 0x11/78 B: byte 15: 0x0C→0xB3 bit(s) [3, 4, 5, 7]; byte 17: 0x5B→0x67 bit(s) [3, 4, 5]; byte 19: 0xEE→0xA4 bit(s) [6]; byte 21: 0x5E→0x82 bit(s) [7]
[14:22:52.523] P-02 rel 0x11/78 B: byte 15: 0xB3→0x39 bit(s) [3, 7]; byte 16: 0x00→0x01 bit(s) [0]; byte 17: 0x67→0x3A bit(s) [3, 4, 6]; byte 19: 0xA4→0x9D bit(s) [4, 5]; byte 21: 0x82→0x7C bit(s) [7]; byte 23: 0xD2→0x2E bit(s) [7]; byte 24: 0x1F→0x20 bit(s) [0, 1, 2, 3, 4, 5]
[14:22:52.538] P-02 rel 0x11/78 B: byte 15: 0x39→0x6F bit(s) [4, 6]; byte 17: 0x3A→0x00 bit(s) [3, 4, 5]; byte 23: 0x2E→0xA4 bit(s) [7]; byte 24: 0x20→0x1F bit(s) [0, 1, 2, 3, 4, 5]; byte 26: 0x1E→0x1D bit(s) [0]
[14:22:52.553] P-02 rel 0x11/78 B: byte 3: 0x80→0x82 bit(s) [1]; byte 4: 0x80→0x7F bit(s) [0, 1, 2, 3, 4, 5, 6, 7]; byte 15: 0x6F→0xC1 bit(s) [3, 5, 7]; byte 17: 0x00→0xDD bit(s) [3, 4, 6, 7]; byte 18: 0x00→0xFF bit(s) [0, 1, 2, 3, 4, 5, 6, 7]; byte 19: 0x99→0x64 bit(s) [4, 5, 6, 7]; byte 22: 0xFC→0xFB bit(s) [0, 1, 2]
[14:22:52.568] P-02 rel 0x11/78 B: byte 3: 0x82→0x85 bit(s) [0, 1, 2]; byte 4: 0x7F→0x7D bit(s) [1]; byte 15: 0xC1→0x62 bit(s) [5, 7]; byte 16: 0x01→0x02 bit(s) [0, 1]; byte 17: 0xDD→0x97 bit(s) [3, 6]; byte 19: 0x64→0x4A bit(s) [5]; byte 21: 0x6C→0x84 bit(s) [7]; byte 23: 0x94→0x52 bit(s) [7]; byte 24: 0x1F→0x21 bit(s) [1, 2, 3, 4, 5]
[14:22:52.583] P-02 rel 0x11/78 B: byte 15: 0x62→0x99 bit(s) [3, 4, 5, 6, 7]; byte 17: 0x97→0x67 bit(s) [4, 5, 6, 7]; byte 19: 0x4A→0x77 bit(s) [4, 5]; byte 22: 0xFB→0xFC bit(s) [0, 1, 2]; byte 23: 0x52→0xCE bit(s) [7]; byte 26: 0x1D→0x1C bit(s) [0]
[14:22:52.598] P-02 rel 0x11/78 B: byte 3: 0x85→0x84 bit(s) [0]; byte 15: 0x99→0xCE bit(s) [4, 6]; byte 17: 0x67→0x4B bit(s) [3, 5]; byte 19: 0x77→0x6D bit(s) [4]; byte 21: 0xAC→0x16 bit(s) [7]; byte 22: 0xFC→0xFB bit(s) [0, 1, 2]; byte 24: 0x21→0x1F bit(s) [1, 2, 3, 4, 5]
[14:22:52.613] P-02 rel 0x11/78 B: byte 3: 0x84→0x80 bit(s) [2]; byte 4: 0x7D→0x80 bit(s) [0, 2, 3, 4, 5, 6, 7]; byte 15: 0xCE→0x06 bit(s) [3, 6, 7]; byte 16: 0x02→0x03 bit(s) [0]; byte 17: 0x4B→0x38 bit(s) [4, 5, 6]; byte 21: 0x16→0xDA bit(s) [7]; byte 22: 0xFB→0xFA bit(s) [0]; byte 23: 0xE4→0x7A bit(s) [7]; byte 26: 0x1C→0x1B bit(s) [0]
[14:22:52.628] P-02 rel 0x11/78 B: byte 15: 0x06→0xF6 bit(s) [4, 5, 6, 7]; byte 16: 0x03→0x02 bit(s) [0]; byte 19: 0x65→0x5C bit(s) [4, 5]; byte 21: 0xDA→0x1A bit(s) [7]; byte 22: 0xFA→0xFB bit(s) [0]; byte 23: 0x7A→0xF0 bit(s) [7]; byte 26: 0x1B→0x1A bit(s) [0]
[14:22:53.003]      … 24 linha(s) suprimida(s) neste segundo
[14:22:53.003] P-02 rel 0x11/78 B: byte 15: 0xB2→0xE8 bit(s) [3, 4, 6]; byte 16: 0x00→0xFF bit(s) [0, 1, 2, 3, 4, 5, 6, 7]; byte 17: 0xE6→0x1A bit(s) [3, 4, 5, 6, 7]; byte 18: 0xFF→0x00 bit(s) [0, 1, 2, 3, 4, 5, 6, 7]; byte 19: 0x1F→0x6A bit(s) [4, 5, 6]; byte 21: 0x70→0x96 bit(s) [7]; byte 22: 0xF8→0xF7 bit(s) [0, 1, 2, 3]; byte 24: 0x22→0x1F bit(s) [0, 2, 3, 4, 5]
[14:22:53.018] P-02 rel 0x11/78 B: byte 15: 0xE8→0xDA bit(s) [4, 5]; byte 17: 0x1A→0x3F bit(s) [5]; byte 19: 0x6A→0x96 bit(s) [4, 5, 6, 7]; byte 22: 0xF7→0xF6 bit(s) [0]; byte 24: 0x1F→0x1B bit(s) [2]; byte 26: 0x19→0x1C bit(s) [0]
[14:22:53.033] P-02 rel 0x11/78 B: byte 15: 0xDA→0xC4 bit(s) [3, 4]; byte 16: 0xFF→0x01 bit(s) [1, 2, 3, 4, 5, 6, 7]; byte 17: 0x3F→0xCA bit(s) [4, 5, 6, 7]; byte 18: 0x00→0xFF bit(s) [0, 1, 2, 3, 4, 5, 6, 7]; byte 19: 0x96→0x58 bit(s) [6, 7]; byte 21: 0xB4→0x08 bit(s) [7]; byte 22: 0xF6→0xFB bit(s) [0, 2, 3]; byte 23: 0x26→0xE4 bit(s) [7]; byte 24: 0x1B→0x1E bit(s) [0, 2]; byte 26: 0x1C→0x1D bit(s) [0]
[14:22:53.048] P-02 rel 0x11/78 B: byte 15: 0xC4→0xCC bit(s) [3]; byte 16: 0x01→0x02 bit(s) [0, 1]; byte 17: 0xCA→0x97 bit(s) [3, 4, 6]; byte 19: 0x58→0x0A bit(s) [4, 6]; byte 21: 0x08→0xB8 bit(s) [7]; byte 22: 0xFB→0xF8 bit(s) [0, 1]; byte 23: 0xE4→0x7C bit(s) [7]; byte 24: 0x1E→0x21 bit(s) [0, 1, 2, 3, 4, 5]
[14:22:53.077] P-02 rel 0x11/78 B: byte 15: 0xCC→0x92 bit(s) [3, 4, 6]; byte 17: 0x97→0xC0 bit(s) [4, 6]; byte 19: 0x0A→0xE6 bit(s) [5, 6, 7]; byte 20: 0xFF→0xFE bit(s) [0]; byte 22: 0xF8→0xF7 bit(s) [0, 1, 2, 3]; byte 23: 0x7C→0xB6 bit(s) [7]; byte 24: 0x21→0x22 bit(s) [0, 1]
[14:22:53.107] P-02 rel 0x11/78 B: byte 15: 0x92→0xDD bit(s) [3, 6]; byte 16: 0x02→0x01 bit(s) [0, 1]; byte 17: 0xC0→0x12 bit(s) [4, 6, 7]; byte 18: 0xFF→0x00 bit(s) [0, 1, 2, 3, 4, 5, 6, 7]; byte 19: 0xE6→0xF7 bit(s) [4]; byte 22: 0xF7→0xF8 bit(s) [0, 1, 2, 3]; byte 23: 0xB6→0x7E bit(s) [7]; byte 24: 0x22→0x21 bit(s) [0, 1]
[14:22:53.137] P-02 rel 0x11/78 B: byte 15: 0xDD→0x77 bit(s) [3, 5, 7]; byte 17: 0x12→0x47 bit(s) [4, 6]; byte 19: 0xF7→0x11 bit(s) [5, 6, 7]; byte 20: 0xFE→0xFF bit(s) [0]; byte 21: 0xB6→0x00 bit(s) [7]; byte 22: 0xF8→0xF9 bit(s) [0]; byte 24: 0x21→0x1E bit(s) [0, 1, 2, 3, 4, 5]; byte 26: 0x19→0x1A bit(s) [0]
[14:22:53.153] P-02 rel 0x11/78 B: byte 15: 0x77→0x37 bit(s) [6]; byte 16: 0x01→0x03 bit(s) [1]; byte 17: 0x47→0xFF bit(s) [3, 4, 5, 7]; byte 18: 0x00→0xFF bit(s) [0, 1, 2, 3, 4, 5, 6, 7]; byte 19: 0x11→0x0C bit(s) [4]; byte 22: 0xF9→0xF8 bit(s) [0]; byte 24: 0x1E→0x1F bit(s) [0]
[14:22:53.168] P-02 rel 0x11/78 B: byte 15: 0x37→0x48 bit(s) [3, 4, 5, 6]; byte 16: 0x03→0x00 bit(s) [0, 1]; byte 17: 0xFF→0x4D bit(s) [4, 5, 7]; byte 18: 0xFF→0x00 bit(s) [0, 1, 2, 3, 4, 5, 6, 7]; byte 19: 0x0C→0x6A bit(s) [5, 6]; byte 21: 0x46→0xFA bit(s) [7]; byte 22: 0xF8→0xF7 bit(s) [0, 1, 2, 3]; byte 23: 0x42→0x9E bit(s) [7]; byte 24: 0x1F→0x1A bit(s) [0, 2]; byte 26: 0x1A→0x15 bit(s) [0]
[14:22:53.197] P-02 rel 0x11/78 B: byte 15: 0x48→0x7C bit(s) [4, 5]; byte 16: 0x00→0xFF bit(s) [0, 1, 2, 3, 4, 5, 6, 7]; byte 17: 0x4D→0x60 bit(s) [3, 5]; byte 19: 0x6A→0x1D bit(s) [4, 5, 6]; byte 22: 0xF7→0xFA bit(s) [0, 2, 3]; byte 24: 0x1A→0x19 bit(s) [0, 1]; byte 26: 0x15→0x16 bit(s) [0]
[14:22:53.213] P-02 rel 0x11/78 B: byte 15: 0x7C→0xAC bit(s) [4, 6, 7]; byte 16: 0xFF→0xFE bit(s) [0]; byte 17: 0x60→0x5B bit(s) [3, 4, 5]; byte 19: 0x1D→0xD2 bit(s) [6, 7]; byte 20: 0xFF→0xFE bit(s) [0]; byte 21: 0xA6→0x0A bit(s) [7]; byte 22: 0xFA→0xFB bit(s) [0]; byte 23: 0x80→0x78 bit(s) [7]; byte 24: 0x19→0x1B bit(s) [1]; byte 26: 0x16→0x17 bit(s) [0]
[14:22:53.228] P-02 rel 0x11/78 B: byte 15: 0xAC→0xFD bit(s) [4, 6]; byte 16: 0xFE→0xFD bit(s) [0, 1]; byte 17: 0x5B→0x9F bit(s) [6, 7]; byte 19: 0xD2→0xAC bit(s) [4, 5, 6]; byte 21: 0x0A→0xA4 bit(s) [7]; byte 22: 0xFB→0xF7 bit(s) [2, 3]; byte 24: 0x1B→0x1D bit(s) [1, 2]; byte 26: 0x17→0x18 bit(s) [0]
[14:22:53.243] P-02 rel 0x11/78 B: byte 15: 0xFD→0x52 bit(s) [3, 5, 7]; byte 16: 0xFD→0xFE bit(s) [0, 1]; byte 17: 0x9F→0x6A bit(s) [4, 5, 6, 7]; byte 19: 0xAC→0xFD bit(s) [4, 6]; byte 21: 0xA4→0x46 bit(s) [7]; byte 22: 0xF7→0xF5 bit(s) [1]; byte 24: 0x1D→0x21 bit(s) [2, 3, 4, 5]; byte 26: 0x18→0x19 bit(s) [0]
[14:22:53.258] P-02 rel 0x11/78 B: byte 17: 0x6A→0x53 bit(s) [3, 4, 5]; byte 19: 0xFD→0xED bit(s) [4]; byte 23: 0x7C→0xC4 bit(s) [7]; byte 24: 0x21→0x1F bit(s) [1, 2, 3, 4, 5]; byte 26: 0x19→0x18 bit(s) [0]
[14:22:53.273] P-02 rel 0x11/78 B: byte 15: 0x51→0x0F bit(s) [3, 4, 6]; byte 17: 0x53→0x49 bit(s) [3, 4]; byte 19: 0xED→0x40 bit(s) [5, 7]; byte 22: 0xF5→0xF7 bit(s) [1]; byte 23: 0xC4→0x7E bit(s) [7]; byte 24: 0x1F→0x20 bit(s) [0, 1, 2, 3, 4, 5]
[14:22:53.288] P-02 rel 0x11/78 B: byte 15: 0x0F→0x48 bit(s) [6]; byte 16: 0xFE→0xFD bit(s) [0, 1]; byte 17: 0x49→0x1C bit(s) [4, 6]; byte 19: 0x40→0xE5 bit(s) [5, 7]; byte 20: 0xFE→0xFD bit(s) [0, 1]; byte 21: 0x7C→0xF0 bit(s) [7]; byte 23: 0x7E→0xC0 bit(s) [7]; byte 24: 0x20→0x23 bit(s) [0, 1]
[14:22:53.303] P-02 rel 0x11/78 B: byte 15: 0x48→0x2A bit(s) [5, 6]; byte 17: 0x1C→0x16 bit(s) [3]; byte 19: 0xE5→0x2B bit(s) [6, 7]; byte 20: 0xFD→0xFE bit(s) [0, 1]; byte 22: 0xF7→0xF6 bit(s) [0]; byte 24: 0x23→0x20 bit(s) [0, 1]; byte 26: 0x18→0x19 bit(s) [0]
[14:22:53.318] P-02 rel 0x11/78 B: byte 15: 0x2A→0x9E bit(s) [4, 5, 7]; byte 16: 0xFD→0xFC bit(s) [0]; byte 17: 0x16→0x55 bit(s) [6]; byte 22: 0xF6→0xF5 bit(s) [0, 1]; byte 24: 0x20→0x1C bit(s) [2, 3, 4, 5]; byte 26: 0x19→0x1A bit(s) [0]
[14:22:53.333] P-02 rel 0x11/78 B: byte 15: 0x9E→0x40 bit(s) [3, 4, 6, 7]; byte 17: 0x55→0x7A bit(s) [3, 5]; byte 19: 0x24→0xC7 bit(s) [5, 6, 7]; byte 20: 0xFE→0xFD bit(s) [0, 1]; byte 22: 0xF5→0xF2 bit(s) [0, 1, 2]; byte 24: 0x1C→0x19 bit(s) [0, 2]
[14:22:53.348] P-02 rel 0x11/78 B: byte 15: 0x40→0xD9 bit(s) [3, 4, 7]; byte 16: 0xFC→0xFA bit(s) [1, 2]; byte 17: 0x7A→0x94 bit(s) [3, 5, 6, 7]; byte 19: 0xC7→0xD8 bit(s) [4]; byte 20: 0xFD→0xFC bit(s) [0]; byte 22: 0xF2→0xF1 bit(s) [0, 1]; byte 23: 0xAE→0x2E bit(s) [7]; byte 24: 0x19→0x1D bit(s) [2]; byte 26: 0x1A→0x17 bit(s) [0]
[14:22:53.363] P-02 rel 0x11/78 B: byte 15: 0xD9→0x5A bit(s) [7]; byte 16: 0xFA→0xF9 bit(s) [0, 1]; byte 17: 0x94→0xB3 bit(s) [5]; byte 19: 0xD8→0x6B bit(s) [4, 5, 7]; byte 23: 0x2E→0xB2 bit(s) [7]; byte 24: 0x1D→0x24 bit(s) [0, 3, 4, 5]; byte 26: 0x17→0x18 bit(s) [0]
[14:22:53.378] P-02 rel 0x11/78 B: byte 15: 0x5A→0xF7 bit(s) [3, 5, 7]; byte 17: 0xB3→0x0E bit(s) [3, 4, 5, 7]; byte 19: 0x6B→0x11 bit(s) [4, 5, 6]; byte 20: 0xFC→0xFD bit(s) [0]; byte 21: 0xE6→0x1A bit(s) [7]; byte 22: 0xF1→0xF5 bit(s) [2]; byte 23: 0xB2→0x6E bit(s) [7]; byte 24: 0x24→0x28 bit(s) [2, 3]; byte 26: 0x18→0x1F bit(s) [0]
[14:22:53.393] P-02 rel 0x11/78 B: byte 15: 0xF7→0x7D bit(s) [3, 7]; byte 16: 0xF9→0xFD bit(s) [2]; byte 17: 0x0E→0x5D bit(s) [4, 6]; byte 18: 0x00→0xFF bit(s) [0, 1, 2, 3, 4, 5, 6, 7]; byte 19: 0x11→0xB1 bit(s) [5, 7]; byte 22: 0xF5→0xF3 bit(s) [1, 2]; byte 23: 0x6E→0x9C bit(s) [7]; byte 24: 0x28→0x1D bit(s) [0, 2, 4, 5]
[14:22:53.408] P-02 rel 0x11/78 B: byte 15: 0x7D→0x9B bit(s) [5, 6, 7]; byte 16: 0xFD→0x02 bit(s) [0, 1, 2, 3, 4, 5, 6, 7]; byte 17: 0x5D→0x7C bit(s) [5]; byte 19: 0xB1→0x70 bit(s) [6, 7]; byte 20: 0xFD→0xFE bit(s) [0, 1]; byte 22: 0xF3→0xFA bit(s) [0, 3]; byte 24: 0x1D→0x18 bit(s) [0, 2]; byte 26: 0x23→0x1E bit(s) [0]
[14:22:53.423] P-02 rel 0x11/78 B: byte 15: 0x9B→0x05 bit(s) [3, 4, 7]; byte 16: 0x02→0x05 bit(s) [0, 1, 2]; byte 17: 0x7C→0xBF bit(s) [6, 7]; byte 19: 0x70→0x89 bit(s) [4, 5, 6, 7]; byte 22: 0xFA→0xF6 bit(s) [2, 3]; byte 24: 0x18→0x12 bit(s) [1, 3]
[14:22:53.438] P-02 rel 0x11/78 B: byte 15: 0x05→0x85 bit(s) [7]; byte 16: 0x05→0x03 bit(s) [1, 2]; byte 17: 0xBF→0x08 bit(s) [4, 5, 7]; byte 18: 0xFF→0x00 bit(s) [0, 1, 2, 3, 4, 5, 6, 7]; byte 19: 0x89→0xA6 bit(s) [5]; byte 20: 0xFE→0xFD bit(s) [0, 1]; byte 22: 0xF6→0xF2 bit(s) [2]; byte 24: 0x12→0x11 bit(s) [0, 1]; byte 26: 0x1E→0x1F bit(s) [0]
[14:22:53.453] P-02 rel 0x11/78 B: byte 15: 0x85→0xAE bit(s) [3, 5]; byte 16: 0x03→0x00 bit(s) [0, 1]; byte 17: 0x08→0x1E bit(s) [4]; byte 19: 0xA6→0x29 bit(s) [7]; byte 21: 0x7A→0xFC bit(s) [7]; byte 22: 0xF2→0xF0 bit(s) [1]; byte 23: 0x86→0x12 bit(s) [7]; byte 24: 0x11→0x1F bit(s) [1, 2, 3]; byte 26: 0x1F→0x1C bit(s) [0]
[14:22:53.468] P-02 rel 0x11/78 B: byte 15: 0xAE→0x42 bit(s) [3, 5, 6, 7]; byte 17: 0x1E→0x42 bit(s) [3, 4, 6]; byte 19: 0x29→0xDF bit(s) [4, 5, 6, 7]; byte 21: 0xFC→0x3C bit(s) [7]; byte 22: 0xF0→0xED bit(s) [0, 2, 3, 4]; byte 23: 0x12→0xBC bit(s) [7]; byte 24: 0x1F→0x29 bit(s) [1, 2, 4, 5]
[14:22:53.483] P-02 rel 0x11/78 B: byte 15: 0x42→0xCC bit(s) [3, 7]; byte 17: 0x42→0x23 bit(s) [5, 6]; byte 19: 0xDF→0x94 bit(s) [6]; byte 20: 0xFD→0xFE bit(s) [0, 1]; byte 23: 0xBC→0x68 bit(s) [7]; byte 26: 0x1C→0x1D bit(s) [0]
[14:22:53.498] P-02 rel 0x11/78 B: byte 15: 0xCC→0x18 bit(s) [4, 6, 7]; byte 16: 0x00→0x02 bit(s) [1]; byte 17: 0x23→0xFA bit(s) [3, 4, 6, 7]; byte 18: 0x00→0xFF bit(s) [0, 1, 2, 3, 4, 5, 6, 7]; byte 19: 0x94→0x06 bit(s) [4, 7]; byte 20: 0xFE→0xFF bit(s) [0]; byte 22: 0xED→0xEF bit(s) [1]; byte 24: 0x29→0x20 bit(s) [0, 3]
[14:22:53.513] P-02 rel 0x11/78 B: byte 16: 0x02→0x04 bit(s) [1, 2]; byte 17: 0xFA→0x17 bit(s) [3, 5, 6, 7]; byte 18: 0xFF→0x00 bit(s) [0, 1, 2, 3, 4, 5, 6, 7]; byte 19: 0x06→0xE2 bit(s) [5, 6, 7]; byte 20: 0xFF→0xFE bit(s) [0]; byte 22: 0xEF→0xF0 bit(s) [0, 1, 2, 3, 4]; byte 24: 0x20→0x1E bit(s) [1, 2, 3, 4, 5]; byte 26: 0x1D→0x1C bit(s) [0]
[14:22:53.528] P-02 rel 0x11/78 B: byte 15: 0x1B→0xEA bit(s) [4, 5, 6, 7]; byte 17: 0x17→0x4C bit(s) [3, 4, 6]; byte 19: 0xE2→0xF0 bit(s) [4]; byte 21: 0x24→0x96 bit(s) [7]; byte 22: 0xF0→0xEF bit(s) [0, 1, 2, 3, 4]; byte 24: 0x1E→0x21 bit(s) [0, 1, 2, 3, 4, 5]
[14:22:53.543] P-02 rel 0x11/78 B: byte 15: 0xEA→0xF9 bit(s) [4]; byte 16: 0x04→0x03 bit(s) [0, 1, 2]; byte 17: 0x4C→0x6B bit(s) [5]; byte 19: 0xF0→0x4C bit(s) [4, 5, 7]; byte 20: 0xFE→0xFF bit(s) [0]; byte 22: 0xEF→0xEE bit(s) [0]; byte 24: 0x21→0x22 bit(s) [0, 1]
[14:22:53.573] P-02 rel 0x11/78 B: byte 15: 0xF9→0x9A bit(s) [5, 6]; byte 16: 0x03→0x02 bit(s) [0]; byte 17: 0x6B→0x58 bit(s) [4, 5]; byte 19: 0x4C→0xAF bit(s) [5, 6, 7]; byte 24: 0x22→0x24 bit(s) [1, 2]; byte 26: 0x1A→0x1B bit(s) [0]
[14:22:53.588] P-02 rel 0x11/78 B: byte 15: 0x9A→0x03 bit(s) [3, 4, 7]; byte 16: 0x02→0x03 bit(s) [0]; byte 17: 0x58→0x42 bit(s) [3, 4]; byte 19: 0xAF→0x1A bit(s) [4, 5, 7]; byte 20: 0xFF→0x00 bit(s) [0, 1, 2, 3, 4, 5, 6, 7]; byte 21: 0xFA→0x70 bit(s) [7]; byte 22: 0xEE→0xEF bit(s) [0]; byte 23: 0x28→0xBA bit(s) [7]; byte 24: 0x24→0x26 bit(s) [1]
[14:22:53.603] P-02 rel 0x11/78 B: byte 15: 0x03→0x4F bit(s) [3, 6]; byte 17: 0x42→0x5F bit(s) [3, 4]; byte 19: 0x1A→0xC1 bit(s) [4, 6, 7]; byte 22: 0xEF→0xF0 bit(s) [0, 1, 2, 3, 4]; byte 23: 0xBA→0x38 bit(s) [7]; byte 24: 0x26→0x29 bit(s) [0, 1, 2, 3]; byte 26: 0x19→0x18 bit(s) [0]
[14:22:53.618] P-02 rel 0x11/78 B: byte 15: 0x4F→0x6E bit(s) [5]; byte 16: 0x03→0x04 bit(s) [0, 1, 2]; byte 17: 0x5F→0xB5 bit(s) [3, 5, 6, 7]; byte 20: 0x00→0x01 bit(s) [0]; byte 21: 0x06→0xA8 bit(s) [7]; byte 22: 0xF0→0xF1 bit(s) [0]; byte 23: 0x38→0xF2 bit(s) [7]; byte 26: 0x18→0x17 bit(s) [0]
[14:22:53.633] P-02 rel 0x11/78 B: byte 15: 0x6E→0x24 bit(s) [3, 6]; byte 16: 0x04→0x06 bit(s) [1]; byte 17: 0xB5→0xE1 bit(s) [4, 6]; byte 19: 0xC7→0x3E bit(s) [4, 5, 6, 7]; byte 20: 0x01→0x02 bit(s) [0, 1]; byte 22: 0xF1→0xF2 bit(s) [0, 1]; byte 24: 0x29→0x2B bit(s) [1]
[14:22:53.648] P-02 rel 0x11/78 B: byte 15: 0x24→0x06 bit(s) [5]; byte 16: 0x06→0x07 bit(s) [0]; byte 17: 0xE1→0x11 bit(s) [4, 5, 6, 7]; byte 18: 0x00→0x01 bit(s) [0]; byte 19: 0x3E→0xED bit(s) [4, 6, 7]; byte 21: 0x86→0x78 bit(s) [7]; byte 22: 0xF2→0xF4 bit(s) [1, 2]; byte 24: 0x2B→0x2E bit(s) [0, 2]; byte 26: 0x17→0x16 bit(s) [0]
[14:22:53.663] P-02 rel 0x11/78 B: byte 15: 0x06→0x3A bit(s) [3, 4, 5]; byte 16: 0x07→0x06 bit(s) [0]; byte 17: 0x11→0x19 bit(s) [3]; byte 19: 0xED→0xC7 bit(s) [5]; byte 20: 0x02→0x03 bit(s) [0]; byte 22: 0xF4→0xF5 bit(s) [0]; byte 24: 0x2E→0x2F bit(s) [0]; byte 26: 0x16→0x17 bit(s) [0]
[14:22:54.008]      … 22 linha(s) suprimida(s) neste segundo
[14:22:54.008] P-02 rel 0x11/78 B: byte 15: 0xDA→0xC5 bit(s) [3, 4]; byte 16: 0xFF→0xFE bit(s) [0]; byte 17: 0x98→0x80 bit(s) [3, 4]; byte 18: 0x00→0xFF bit(s) [0, 1, 2, 3, 4, 5, 6, 7]; byte 19: 0x73→0x8D bit(s) [4, 5, 6, 7]; byte 22: 0xFB→0xFC bit(s) [0, 1, 2]; byte 23: 0xAA→0x6E bit(s) [7]; byte 24: 0x12→0x10 bit(s) [1]
[14:22:54.023] P-02 rel 0x11/78 B: byte 15: 0xC5→0x31 bit(s) [4, 5, 6, 7]; byte 16: 0xFE→0xFF bit(s) [0]; byte 17: 0x80→0x25 bit(s) [5, 7]; byte 19: 0x8D→0x28 bit(s) [5, 7]; byte 22: 0xFC→0xFE bit(s) [1]; byte 24: 0x10→0x0D bit(s) [0, 2, 3, 4]
[14:22:54.038] P-02 rel 0x11/78 B: byte 15: 0x31→0x9C bit(s) [3, 5, 7]; byte 17: 0x25→0xC4 bit(s) [5, 6, 7]; byte 18: 0xFF→0xFE bit(s) [0]; byte 19: 0x28→0x58 bit(s) [4, 5, 6]; byte 20: 0x01→0x00 bit(s) [0]; byte 22: 0xFE→0x00 bit(s) [1, 2, 3, 4, 5, 6, 7]; byte 24: 0x0D→0x10 bit(s) [0, 2, 3, 4]; byte 26: 0x14→0x13 bit(s) [0]
[14:22:54.053] P-02 rel 0x11/78 B: byte 15: 0x9C→0x93 bit(s) [3]; byte 17: 0xC4→0x55 bit(s) [4, 7]; byte 19: 0x58→0x60 bit(s) [4, 5]; byte 21: 0x78→0x8E bit(s) [7]; byte 22: 0x00→0xFF bit(s) [0, 1, 2, 3, 4, 5, 6, 7]; byte 24: 0x10→0x20 bit(s) [4, 5]; byte 26: 0x13→0x10 bit(s) [0]
[14:22:54.068] P-02 rel 0x11/78 B: byte 15: 0x93→0xC7 bit(s) [4, 6]; byte 17: 0x55→0x0F bit(s) [3, 4, 6]; byte 19: 0x60→0xD3 bit(s) [4, 5, 7]; byte 21: 0x8E→0x44 bit(s) [7]; byte 24: 0x20→0x1D bit(s) [0, 2, 3, 4, 5]
[14:22:54.083] P-02 rel 0x11/78 B: byte 15: 0xC7→0x81 bit(s) [6]; byte 17: 0x0F→0x99 bit(s) [4, 7]; byte 18: 0xFE→0xFD bit(s) [0, 1]; byte 19: 0xD3→0x2C bit(s) [4, 5, 6, 7]; byte 20: 0x00→0x01 bit(s) [0]; byte 22: 0xFF→0xFD bit(s) [1]; byte 24: 0x1D→0x21 bit(s) [2, 3, 4, 5]
[14:22:54.098] P-02 rel 0x11/78 B: byte 15: 0x81→0xA1 bit(s) [5]; byte 17: 0x99→0x48 bit(s) [4, 6, 7]; byte 19: 0x2C→0x7E bit(s) [4, 6]; byte 24: 0x21→0x19 bit(s) [3, 4, 5]
[14:22:54.113] P-02 rel 0x11/78 B: byte 15: 0xA1→0xF3 bit(s) [4, 6]; byte 17: 0x48→0x5B bit(s) [4]; byte 19: 0x7E→0x44 bit(s) [4, 5]; byte 21: 0x10→0xDE bit(s) [7]; byte 22: 0xFD→0xF9 bit(s) [2]; byte 23: 0x5A→0x92 bit(s) [7]; byte 24: 0x19→0x15 bit(s) [2, 3]; byte 26: 0x0C→0x09 bit(s) [0]
[14:22:54.128] P-02 rel 0x11/78 B: byte 15: 0xF3→0x8A bit(s) [3, 4, 5, 6]; byte 17: 0x5B→0x67 bit(s) [3, 4, 5]; byte 19: 0x44→0xC7 bit(s) [7]; byte 20: 0x01→0x00 bit(s) [0]; byte 21: 0xDE→0x20 bit(s) [7]; byte 22: 0xF9→0xFA bit(s) [0, 1]; byte 24: 0x15→0x13 bit(s) [1, 2]
[14:22:54.143] P-02 rel 0x11/78 B: byte 15: 0x8A→0x9E bit(s) [4]; byte 17: 0x67→0x49 bit(s) [3, 5]; byte 19: 0xC7→0x71 bit(s) [4, 5, 7]; byte 22: 0xFA→0xF8 bit(s) [1]; byte 23: 0xD0→0x1C bit(s) [7]; byte 24: 0x13→0x15 bit(s) [1, 2]
[14:22:54.158] P-02 rel 0x11/78 B: byte 15: 0x9E→0x35 bit(s) [3, 5, 7]; byte 16: 0xFF→0x00 bit(s) [0, 1, 2, 3, 4, 5, 6, 7]; byte 17: 0x49→0x27 bit(s) [3, 5, 6]; byte 19: 0x71→0x01 bit(s) [4, 5, 6]; byte 22: 0xF8→0xF9 bit(s) [0]; byte 24: 0x15→0x19 bit(s) [2, 3]
[14:22:54.187] P-02 rel 0x11/78 B: byte 15: 0x35→0x78 bit(s) [3, 6]; byte 17: 0x27→0x14 bit(s) [4, 5]; byte 19: 0x01→0xAB bit(s) [5, 7]; byte 20: 0x00→0xFF bit(s) [0, 1, 2, 3, 4, 5, 6, 7]; byte 21: 0x4A→0x82 bit(s) [7]; byte 22: 0xF9→0xFA bit(s) [0, 1]; byte 24: 0x19→0x18 bit(s) [0]
[14:22:54.247] P-02 rel 0x11/78 B: byte 15: 0x78→0x4C bit(s) [4, 5]; byte 17: 0x14→0x18 bit(s) [3]; byte 19: 0xAB→0x6D bit(s) [6, 7]; byte 21: 0x82→0x34 bit(s) [7]; byte 24: 0x18→0x17 bit(s) [0, 1, 2, 3]; byte 26: 0x07→0x0A bit(s) [0]
[14:22:54.263] P-02 rel 0x11/78 B: byte 15: 0x4C→0x44 bit(s) [3]; byte 17: 0x18→0xDF bit(s) [6, 7]; byte 18: 0xFD→0xFC bit(s) [0]; byte 19: 0x6D→0xA5 bit(s) [6, 7]; byte 21: 0x34→0xFA bit(s) [7]; byte 22: 0xFA→0xF8 bit(s) [1]; byte 24: 0x17→0x19 bit(s) [1, 2, 3]; byte 26: 0x0A→0x0F bit(s) [0]
[14:22:54.278] P-02 rel 0x11/78 B: byte 15: 0x44→0x58 bit(s) [3, 4]; byte 17: 0xDF→0x46 bit(s) [3, 4, 7]; byte 19: 0xA5→0xF9 bit(s) [4, 6]; byte 22: 0xF8→0xFB bit(s) [0, 1]
[14:22:54.293] P-02 rel 0x11/78 B: byte 5: 0x80→0x82 bit(s) [1]; byte 15: 0x58→0x89 bit(s) [4, 6, 7]; byte 16: 0x00→0x01 bit(s) [0]; byte 17: 0x46→0x68 bit(s) [3, 5]; byte 19: 0xF9→0x26 bit(s) [4, 6, 7]; byte 20: 0xFF→0x00 bit(s) [0, 1, 2, 3, 4, 5, 6, 7]; byte 22: 0xFB→0xFC bit(s) [0, 1, 2]; byte 23: 0x64→0xCA bit(s) [7]; byte 24: 0x19→0x16 bit(s) [0, 1, 2, 3]; byte 26: 0x0D→0x0E bit(s) [0]
[14:22:54.308] P-02 rel 0x11/78 B: byte 5: 0x82→0x88 bit(s) [1, 3]; byte 15: 0x89→0xFB bit(s) [4, 5, 6]; byte 16: 0x01→0x00 bit(s) [0]; byte 19: 0x26→0x4A bit(s) [5, 6]; byte 22: 0xFC→0xF8 bit(s) [2]; byte 23: 0xCA→0x0A bit(s) [7]; byte 24: 0x16→0x18 bit(s) [1, 2, 3]
[14:22:54.323] P-02 rel 0x11/78 B: byte 5: 0x88→0x80 bit(s) [3]; byte 15: 0xFB→0x2A bit(s) [4, 6, 7]; byte 17: 0x6E→0x9E bit(s) [4, 5, 6, 7]; byte 19: 0x4A→0xFB bit(s) [4, 5, 7]; byte 20: 0x00→0xFF bit(s) [0, 1, 2, 3, 4, 5, 6, 7]; byte 22: 0xF8→0xFA bit(s) [1]; byte 24: 0x18→0x13 bit(s) [0, 1, 3]
[14:22:54.338] P-02 rel 0x11/78 B: byte 15: 0x2A→0xDF bit(s) [4, 5, 6, 7]; byte 16: 0x00→0xFF bit(s) [0, 1, 2, 3, 4, 5, 6, 7]; byte 17: 0x9E→0xD9 bit(s) [6]; byte 19: 0xFB→0xE0 bit(s) [4]; byte 22: 0xFA→0xF6 bit(s) [2, 3]; byte 24: 0x13→0x16 bit(s) [0, 2]; byte 26: 0x0E→0x0F bit(s) [0]
[14:22:54.353] P-02 rel 0x11/78 B: byte 17: 0xD9→0xF2 bit(s) [3, 5]; byte 19: 0xE0→0x13 bit(s) [4, 5, 6, 7]; byte 20: 0xFF→0x00 bit(s) [0, 1, 2, 3, 4, 5, 6, 7]; byte 21: 0xDA→0x4E bit(s) [7]; byte 22: 0xF6→0xF4 bit(s) [1]; byte 24: 0x16→0x1A bit(s) [2, 3]
[14:22:54.368] P-02 rel 0x11/78 B: byte 15: 0xDA→0x10 bit(s) [3, 6, 7]; byte 16: 0xFF→0x00 bit(s) [0, 1, 2, 3, 4, 5, 6, 7]; byte 17: 0xF2→0x5F bit(s) [3, 5, 7]; byte 18: 0xFC→0xFD bit(s) [0]; byte 19: 0x13→0x2A bit(s) [4, 5]; byte 21: 0x4E→0xA2 bit(s) [7]; byte 22: 0xF4→0xF3 bit(s) [0, 1, 2]; byte 24: 0x1A→0x1B bit(s) [0]
[14:22:54.383] P-02 rel 0x11/78 B: byte 17: 0x5F→0xA3 bit(s) [3, 4, 5, 6, 7]; byte 21: 0xA2→0x0E bit(s) [7]; byte 22: 0xF3→0xF5 bit(s) [1, 2]; byte 23: 0x0E→0x96 bit(s) [7]; byte 24: 0x1B→0x18 bit(s) [0, 1]; byte 26: 0x09→0x0A bit(s) [0]
[14:22:54.398] P-02 rel 0x11/78 B: byte 15: 0x17→0x23 bit(s) [4, 5]; byte 17: 0xA3→0xD0 bit(s) [4, 5, 6]; byte 19: 0x2C→0x1C bit(s) [4, 5]; byte 22: 0xF5→0xF6 bit(s) [0, 1]; byte 24: 0x18→0x16 bit(s) [1, 2, 3]; byte 26: 0x0A→0x0B bit(s) [0]
[14:22:54.413] P-02 rel 0x11/78 B: byte 15: 0x23→0x18 bit(s) [3, 4, 5]; byte 17: 0xD0→0x25 bit(s) [4, 5, 6, 7]; byte 18: 0xFD→0xFE bit(s) [0, 1]; byte 21: 0x3C→0xCE bit(s) [7]; byte 22: 0xF6→0xF5 bit(s) [0, 1]; byte 24: 0x16→0x15 bit(s) [0, 1]; byte 26: 0x0B→0x0C bit(s) [0]
[14:22:54.430] P-02 rel 0x11/78 B: byte 15: 0x18→0x34 bit(s) [3, 5]; byte 17: 0x25→0x7F bit(s) [3, 4, 6]; byte 21: 0xCE→0x5C bit(s) [7]; byte 22: 0xF5→0xF6 bit(s) [0, 1]; byte 23: 0xFC→0x68 bit(s) [7]; byte 24: 0x15→0x16 bit(s) [0, 1]
[14:22:54.445] P-02 rel 0x11/78 B: byte 15: 0x34→0xF7 bit(s) [6, 7]; byte 16: 0x00→0xFF bit(s) [0, 1, 2, 3, 4, 5, 6, 7]; byte 17: 0x7F→0xCC bit(s) [4, 5, 7]; byte 19: 0x1B→0xFF bit(s) [5, 6, 7]; byte 20: 0x00→0xFF bit(s) [0, 1, 2, 3, 4, 5, 6, 7]; byte 24: 0x16→0x18 bit(s) [1, 2, 3]
[14:22:54.460] P-02 rel 0x11/78 B: byte 15: 0xF7→0x12 bit(s) [5, 6, 7]; byte 16: 0xFF→0xFE bit(s) [0]; byte 17: 0xCC→0x07 bit(s) [3, 6, 7]; byte 18: 0xFE→0xFF bit(s) [0]; byte 19: 0xFF→0x2A bit(s) [4, 6, 7]; byte 20: 0xFF→0x00 bit(s) [0, 1, 2, 3, 4, 5, 6, 7]; byte 24: 0x18→0x19 bit(s) [0]
[14:22:54.474] P-02 rel 0x11/78 B: byte 15: 0x12→0x48 bit(s) [3, 4, 6]; byte 16: 0xFE→0xFC bit(s) [1]; byte 17: 0x07→0xAA bit(s) [3, 5, 7]; byte 18: 0xFF→0xFE bit(s) [0]; byte 19: 0x2A→0xB0 bit(s) [4, 7]; byte 20: 0x00→0xFF bit(s) [0, 1, 2, 3, 4, 5, 6, 7]; byte 21: 0x3C→0x92 bit(s) [7]; byte 23: 0x6C→0x84 bit(s) [7]; byte 24: 0x19→0x18 bit(s) [0]; byte 26: 0x0E→0x0D bit(s) [0]
[14:22:54.488] P-02 rel 0x11/78 B: byte 15: 0x48→0x7C bit(s) [4, 5]; byte 17: 0xAA→0x90 bit(s) [3, 4, 5]; byte 19: 0xB0→0x2B bit(s) [4, 7]; byte 24: 0x18→0x16 bit(s) [1, 2, 3]; byte 26: 0x0D→0x0C bit(s) [0]
[14:22:54.503] P-02 rel 0x11/78 B: byte 15: 0x7C→0x9F bit(s) [5, 6, 7]; byte 16: 0xFC→0xFD bit(s) [0]; byte 17: 0x90→0xAB bit(s) [3, 4, 5]; byte 19: 0x2B→0xAE bit(s) [7]; byte 20: 0xFF→0xFE bit(s) [0]; byte 21: 0xB2→0x14 bit(s) [7]; byte 22: 0xF6→0xF5 bit(s) [0, 1]; byte 24: 0x16→0x17 bit(s) [0]; byte 26: 0x0C→0x09 bit(s) [0]
[14:22:54.518] P-02 rel 0x11/78 B: byte 16: 0xFD→0xFF bit(s) [1]; byte 17: 0xAB→0x30 bit(s) [3, 4, 7]; byte 18: 0xFE→0xFF bit(s) [0]; byte 19: 0xAE→0x55 bit(s) [4, 5, 6, 7]; byte 21: 0x14→0xEC bit(s) [7]; byte 22: 0xF5→0xF3 bit(s) [1, 2]; byte 24: 0x17→0x19 bit(s) [1, 2, 3]; byte 26: 0x09→0x06 bit(s) [0]
[14:22:54.533] P-02 rel 0x11/78 B: byte 15: 0x99→0xDA bit(s) [6]; byte 16: 0xFF→0x01 bit(s) [1, 2, 3, 4, 5, 6, 7]; byte 17: 0x30→0xF8 bit(s) [3, 6, 7]; byte 19: 0x55→0x8E bit(s) [4, 6, 7]; byte 22: 0xF3→0xF1 bit(s) [1]; byte 23: 0xDE→0x06 bit(s) [7]; byte 24: 0x19→0x1B bit(s) [1]; byte 26: 0x06→0x07 bit(s) [0]
[14:22:54.548] P-02 rel 0x11/78 B: byte 15: 0xDA→0x76 bit(s) [3, 5, 7]; byte 16: 0x01→0x02 bit(s) [0, 1]; byte 17: 0xF8→0x9B bit(s) [5, 6]; byte 18: 0xFF→0x00 bit(s) [0, 1, 2, 3, 4, 5, 6, 7]; byte 19: 0x8E→0x0D bit(s) [7]; byte 20: 0xFE→0xFF bit(s) [0]; byte 21: 0xAA→0x22 bit(s) [7]; byte 22: 0xF1→0xF0 bit(s) [0]; byte 23: 0x06→0xDE bit(s) [7]; byte 26: 0x07→0x0A bit(s) [0]
[14:22:54.563] P-02 rel 0x11/78 B: byte 15: 0x76→0xD3 bit(s) [5, 7]; byte 16: 0x02→0x01 bit(s) [0, 1]; byte 17: 0x9B→0xE7 bit(s) [3, 4, 5, 6]; byte 19: 0x0D→0x78 bit(s) [4, 5, 6]; byte 21: 0x22→0x96 bit(s) [7]; byte 22: 0xF0→0xEF bit(s) [0, 1, 2, 3, 4]
[14:22:54.578] P-02 rel 0x11/78 B: byte 15: 0xD3→0x32 bit(s) [5, 6, 7]; byte 17: 0xE7→0x45 bit(s) [5, 7]; byte 18: 0x00→0x01 bit(s) [0]; byte 19: 0x78→0x19 bit(s) [5, 6]; byte 20: 0xFF→0x00 bit(s) [0, 1, 2, 3, 4, 5, 6, 7]; byte 22: 0xEF→0xF0 bit(s) [0, 1, 2, 3, 4]; byte 23: 0xBA→0x7A bit(s) [7]; byte 24: 0x1B→0x1A bit(s) [0]
[14:22:54.593] P-02 rel 0x11/78 B: byte 15: 0x32→0xFB bit(s) [3, 6, 7]; byte 16: 0x01→0x00 bit(s) [0]; byte 17: 0x45→0x92 bit(s) [4, 6, 7]; byte 19: 0x19→0xA3 bit(s) [4, 5, 7]; byte 21: 0xAE→0x68 bit(s) [7]; byte 22: 0xF0→0xF1 bit(s) [0]; byte 24: 0x1A→0x17 bit(s) [0, 2, 3]; byte 26: 0x0A→0x0D bit(s) [0]
[14:22:54.608] P-02 rel 0x11/78 B: byte 15: 0xFB→0x7A bit(s) [7]; byte 17: 0x92→0xC0 bit(s) [4, 6]; byte 19: 0xA3→0x06 bit(s) [5, 7]; byte 20: 0x00→0x01 bit(s) [0]; byte 22: 0xF1→0xF2 bit(s) [0, 1]; byte 23: 0x74→0xC6 bit(s) [7]; byte 24: 0x17→0x16 bit(s) [0]
[14:22:54.623] P-02 rel 0x11/78 B: byte 15: 0x7A→0xFC bit(s) [7]; byte 16: 0x00→0xFF bit(s) [0, 1, 2, 3, 4, 5, 6, 7]; byte 17: 0xC0→0xE8 bit(s) [3, 5]; byte 19: 0x06→0x48 bit(s) [6]; byte 24: 0x16→0x17 bit(s) [0]; byte 26: 0x0F→0x10 bit(s) [0]
[14:22:54.638] P-02 rel 0x11/78 B: byte 15: 0xFC→0xAF bit(s) [4, 6]; byte 17: 0xE8→0x22 bit(s) [3, 6, 7]; byte 18: 0x01→0x02 bit(s) [0, 1]; byte 19: 0x48→0xA2 bit(s) [5, 6, 7]; byte 22: 0xF2→0xF4 bit(s) [1, 2]; byte 23: 0xC0→0x7A bit(s) [7]; byte 24: 0x17→0x18 bit(s) [0, 1, 2, 3]
[14:22:54.653] P-02 rel 0x11/78 B: byte 15: 0xAF→0x30 bit(s) [3, 4, 7]; byte 16: 0xFF→0x00 bit(s) [0, 1, 2, 3, 4, 5, 6, 7]; byte 17: 0x22→0x4D bit(s) [3, 5, 6]; byte 19: 0xA2→0x0A bit(s) [5, 7]; byte 20: 0x01→0x02 bit(s) [0, 1]; byte 22: 0xF4→0xF5 bit(s) [0]; byte 26: 0x10→0x11 bit(s) [0]
[14:22:54.908] P-01 botão "Button A" [buttonA]: PRESSIONADO
[14:22:54.983] P-01 botão "Button A" [buttonA]: solto
[14:22:55.013]      … 22 linha(s) suprimida(s) neste segundo
[14:22:55.013] P-02 rel 0x11/78 B: byte 19: 0xD4→0xAB bit(s) [4, 5, 6]; byte 22: 0x00→0xFF bit(s) [0, 1, 2, 3, 4, 5, 6, 7]; byte 23: 0xC8→0x62 bit(s) [7]; byte 24: 0x19→0x16 bit(s) [0, 1, 2, 3]; byte 26: 0x0B→0x0A bit(s) [0]
[14:22:55.028] P-02 rel 0x11/78 B: byte 15: 0x9B→0x30 bit(s) [3, 5, 7]; byte 19: 0xAB→0x40 bit(s) [5, 6, 7]; byte 21: 0x22→0xC0 bit(s) [7]; byte 24: 0x16→0x17 bit(s) [0]; byte 26: 0x0A→0x09 bit(s) [0]
[14:22:55.043] P-02 rel 0x11/78 B: byte 15: 0x30→0x05 bit(s) [4, 5]; byte 17: 0x36→0x3E bit(s) [3]; byte 19: 0x40→0x0F bit(s) [6]; byte 21: 0xC0→0x52 bit(s) [7]; byte 24: 0x17→0x18 bit(s) [0, 1, 2, 3]; byte 26: 0x09→0x0A bit(s) [0]
[14:22:55.058] P-02 rel 0x11/78 B: byte 15: 0x05→0x84 bit(s) [7]; byte 16: 0x01→0x00 bit(s) [0]; byte 17: 0x3E→0x54 bit(s) [3, 5, 6]; byte 19: 0x0F→0xF7 bit(s) [4, 5, 6, 7]; byte 20: 0xFF→0xFE bit(s) [0]; byte 22: 0xFF→0xFC bit(s) [0, 1]; byte 23: 0x10→0xF4 bit(s) [7]; byte 24: 0x18→0x15 bit(s) [0, 2, 3]; byte 26: 0x0A→0x09 bit(s) [0]
[14:22:55.072] P-02 rel 0x11/78 B: byte 19: 0xF7→0xC5 bit(s) [4, 5]; byte 22: 0xFC→0xFE bit(s) [1]; byte 24: 0x15→0x14 bit(s) [0]; byte 26: 0x09→0x0C bit(s) [0]
[14:22:55.088] P-02 rel 0x11/78 B: byte 15: 0x85→0xD7 bit(s) [4, 6]; byte 17: 0x57→0x46 bit(s) [4]; byte 19: 0xC5→0xA8 bit(s) [5, 6]; byte 22: 0xFE→0xFB bit(s) [0, 2]; byte 23: 0xB6→0x08 bit(s) [7]; byte 24: 0x14→0x17 bit(s) [0, 1]
[14:22:55.103] P-02 rel 0x11/78 B: byte 15: 0xD7→0x25 bit(s) [4, 5, 6, 7]; byte 16: 0x00→0x01 bit(s) [0]; byte 17: 0x46→0x53 bit(s) [4]; byte 19: 0xA8→0xB0 bit(s) [4]; byte 22: 0xFB→0xFA bit(s) [0]; byte 24: 0x17→0x19 bit(s) [1, 2, 3]; byte 26: 0x0A→0x09 bit(s) [0]
[14:22:55.118] P-02 rel 0x11/78 B: byte 15: 0x25→0x19 bit(s) [3, 4, 5]; byte 17: 0x53→0x66 bit(s) [4, 5]; byte 19: 0xB0→0xE3 bit(s) [4, 6]; byte 23: 0x2C→0xD4 bit(s) [7]; byte 26: 0x09→0x08 bit(s) [0]
[14:22:55.133] P-02 rel 0x11/78 B: byte 15: 0x19→0xD9 bit(s) [6, 7]; byte 16: 0x01→0x00 bit(s) [0]; byte 19: 0xE3→0xF8 bit(s) [4]; byte 23: 0xD4→0x22 bit(s) [7]; byte 24: 0x19→0x17 bit(s) [1, 2, 3]; byte 26: 0x08→0x09 bit(s) [0]
[14:22:55.148] P-02 rel 0x11/78 B: byte 15: 0xD9→0xB7 bit(s) [3, 5, 6]; byte 17: 0x65→0x76 bit(s) [4]; byte 19: 0xF8→0xD5 bit(s) [5]; byte 22: 0xFA→0xF8 bit(s) [1]; byte 24: 0x17→0x16 bit(s) [0]; byte 26: 0x09→0x08 bit(s) [0]
[14:22:55.163] P-02 rel 0x11/78 B: byte 15: 0xB7→0xBA bit(s) [3]; byte 19: 0xD5→0xE3 bit(s) [4, 5]; byte 21: 0x7E→0xF0 bit(s) [7]; byte 24: 0x16→0x18 bit(s) [1, 2, 3]; byte 26: 0x08→0x09 bit(s) [0]
[14:22:55.178] P-02 rel 0x11/78 B: byte 15: 0xBA→0x6F bit(s) [4, 6, 7]; byte 17: 0x75→0x5C bit(s) [3, 5]; byte 19: 0xE3→0x24 bit(s) [6, 7]; byte 20: 0xFE→0xFF bit(s) [0]; byte 21: 0xF0→0x26 bit(s) [7]; byte 24: 0x18→0x19 bit(s) [0]
[14:22:55.193] P-02 rel 0x11/78 B: byte 15: 0x6F→0x2A bit(s) [6]; byte 17: 0x5C→0x3E bit(s) [5, 6]; byte 19: 0x24→0x52 bit(s) [4, 5, 6]; byte 23: 0x62→0xF0 bit(s) [7]; byte 24: 0x19→0x17 bit(s) [1, 2, 3]; byte 26: 0x09→0x0A bit(s) [0]
[14:22:55.208] P-02 rel 0x11/78 B: byte 15: 0x2A→0x58 bit(s) [4, 5, 6]; byte 17: 0x3E→0x32 bit(s) [3]; byte 19: 0x52→0x7A bit(s) [5]; byte 21: 0x76→0xE4 bit(s) [7]; byte 26: 0x0A→0x09 bit(s) [0]
[14:22:55.221] P-02 resumo: relatório 0x11 com 78 bytes, 3066 recebido(s); ruído de repouso: byte 9 bits [3, 4, 5, 6, 7]; byte 13 bits [1, 2, 3, 4, 5, 6, 7]; byte 15 bits [0, 1, 2]; byte 17 bits [0, 1, 2]; byte 19 bits [0, 1, 2, 3]; byte 21 bits [1, 2, 3, 4, 5, 6]; byte 23 bits [1, 2, 3, 4, 5, 6]; byte 25 bits [1, 2, 3, 4, 5, 6, 7]; byte 26 bits [1, 2, 3, 4, 5]; byte 74 bits [0, 1, 2, 3, 4, 5, 6, 7]; byte 75 bits [0, 1, 2, 3, 4, 5, 6, 7]; byte 76 bits [0, 1, 2, 3, 4, 5, 6, 7]; byte 77 bits [0, 1, 2, 3, 4, 5, 6, 7]
[14:22:55.237] P-02 rel 0x11/78 B: byte 15: 0x58→0x93 bit(s) [3, 6, 7]; byte 17: 0x32→0x22 bit(s) [4]; byte 19: 0x7A→0x92 bit(s) [5, 6, 7]; byte 22: 0xF8→0xF9 bit(s) [0]; byte 23: 0xBA→0x02 bit(s) [7]; byte 26: 0x09→0x0A bit(s) [0]
[14:22:55.253] P-02 rel 0x11/78 B: byte 15: 0x93→0xDB bit(s) [3, 6]; byte 17: 0x22→0x0A bit(s) [3, 5]; byte 19: 0x92→0xB2 bit(s) [5]; byte 21: 0x8A→0x60 bit(s) [7]; byte 22: 0xF9→0xFA bit(s) [0, 1]; byte 23: 0x02→0xD2 bit(s) [7]; byte 24: 0x17→0x15 bit(s) [1]
[14:22:55.268] P-02 rel 0x11/78 B: byte 15: 0xDB→0xFC bit(s) [5]; byte 17: 0x0A→0xE4 bit(s) [3, 5, 6, 7]; byte 18: 0x00→0xFF bit(s) [0, 1, 2, 3, 4, 5, 6, 7]; byte 19: 0xB2→0xED bit(s) [4, 6]; byte 21: 0x60→0x9C bit(s) [7]; byte 24: 0x15→0x16 bit(s) [0, 1]; byte 26: 0x0A→0x09 bit(s) [0]
[14:22:55.297] P-02 rel 0x11/78 B: byte 15: 0xFC→0xEA bit(s) [4]; byte 17: 0xE4→0xD9 bit(s) [3, 4, 5]; byte 19: 0xED→0xF4 bit(s) [4]; byte 23: 0xDC→0x6C bit(s) [7]; byte 24: 0x16→0x17 bit(s) [0]; byte 26: 0x09→0x0A bit(s) [0]
[14:22:55.313] P-02 rel 0x11/78 B: byte 15: 0xEA→0xC3 bit(s) [3, 5]; byte 19: 0xF4→0xEE bit(s) [4]; byte 21: 0x86→0x4C bit(s) [7]; byte 22: 0xFA→0xFB bit(s) [0]; byte 23: 0x6C→0xBE bit(s) [7]; byte 24: 0x17→0x15 bit(s) [1]
[14:22:55.328] P-02 rel 0x11/78 B: byte 15: 0xC3→0xF7 bit(s) [4, 5]; byte 17: 0xDF→0xFC bit(s) [5]; byte 19: 0xEE→0xDA bit(s) [4, 5]; byte 21: 0x4C→0xD0 bit(s) [7]; byte 23: 0xBE→0x7E bit(s) [7]; byte 24: 0x15→0x16 bit(s) [0, 1]
[14:22:55.343] P-02 rel 0x11/78 B: byte 7: 0x08→0x18 bit(s) [4]; byte 15: 0xF7→0x99 bit(s) [3, 5, 6]; byte 17: 0xFC→0x10 bit(s) [3, 5, 6, 7]; byte 18: 0xFF→0x00 bit(s) [0, 1, 2, 3, 4, 5, 6, 7]; byte 19: 0xDA→0x81 bit(s) [4, 6]; byte 23: 0x7E→0xEC bit(s) [7]; byte 24: 0x16→0x12 bit(s) [2]; byte 26: 0x08→0x07 bit(s) [0]
[14:22:55.343] P-01 botão "Button X" [buttonX]: PRESSIONADO
[14:22:55.358] P-02 rel 0x11/78 B: byte 15: 0x99→0xD2 bit(s) [3, 6]; byte 16: 0x00→0xFF bit(s) [0, 1, 2, 3, 4, 5, 6, 7]; byte 17: 0x10→0x23 bit(s) [4, 5]; byte 19: 0x81→0x78 bit(s) [4, 5, 6, 7]; byte 22: 0xFB→0xFA bit(s) [0]; byte 24: 0x12→0x15 bit(s) [0, 1, 2]
[14:22:55.373] P-02 rel 0x11/78 B: byte 15: 0xD2→0x89 bit(s) [3, 4, 6]; byte 19: 0x78→0x6C bit(s) [4]; byte 23: 0xF0→0x7A bit(s) [7]; byte 24: 0x15→0x16 bit(s) [0, 1]; byte 26: 0x07→0x08 bit(s) [0]
[14:22:55.388] P-02 rel 0x11/78 B: byte 7: 0x18→0x08 bit(s) [4]; byte 15: 0x89→0x9C bit(s) [4]; byte 21: 0xAC→0x24 bit(s) [7]; byte 23: 0x7A→0xA4 bit(s) [7]
[14:22:55.388] P-01 botão "Button X" [buttonX]: solto
[14:22:55.403] P-02 rel 0x11/78 B: byte 15: 0x9C→0xDB bit(s) [6]; byte 23: 0xA4→0x44 bit(s) [7]
[14:22:55.418] P-02 rel 0x11/78 B: byte 15: 0xDB→0x1C bit(s) [6, 7]; byte 16: 0xFF→0x00 bit(s) [0, 1, 2, 3, 4, 5, 6, 7]
[14:22:55.433] P-02 rel 0x11/78 B: byte 15: 0x1C→0x4E bit(s) [4, 6]; byte 17: 0x26→0x19 bit(s) [3, 4, 5]; byte 19: 0x6E→0x8B bit(s) [5, 6, 7]; byte 23: 0x6A→0xB6 bit(s) [7]; byte 26: 0x08→0x09 bit(s) [0]
[14:22:55.448] P-02 rel 0x11/78 B: byte 7: 0x08→0x18 bit(s) [4]; byte 15: 0x4E→0x76 bit(s) [3, 4, 5]; byte 17: 0x19→0x07 bit(s) [3, 4]; byte 19: 0x8B→0xA8 bit(s) [5]; byte 21: 0x2C→0xE2 bit(s) [7]; byte 22: 0xFA→0xF9 bit(s) [0, 1]
[14:22:55.448] P-01 botão "Button X" [buttonX]: PRESSIONADO
[14:22:55.463] P-02 rel 0x11/78 B: byte 15: 0x76→0x89 bit(s) [3, 4, 5, 6, 7]; byte 17: 0x07→0xFE bit(s) [3, 4, 5, 6, 7]; byte 18: 0x00→0xFF bit(s) [0, 1, 2, 3, 4, 5, 6, 7]; byte 19: 0xA8→0xCD bit(s) [5, 6]
[14:22:55.478] P-02 rel 0x11/78 B: byte 15: 0x89→0xB6 bit(s) [3, 4, 5]; byte 19: 0xCD→0xFD bit(s) [4, 5]
[14:22:55.493] P-02 rel 0x11/78 B: byte 15: 0xB6→0xEE bit(s) [3, 4, 6]; byte 17: 0xF8→0xEE bit(s) [4]; byte 19: 0xFD→0x2A bit(s) [4, 6, 7]; byte 20: 0xFF→0x00 bit(s) [0, 1, 2, 3, 4, 5, 6, 7]
[14:22:55.508] P-02 rel 0x11/78 B: byte 15: 0xEE→0x15 bit(s) [3, 4, 5, 6, 7]; byte 16: 0x00→0x01 bit(s) [0]; byte 17: 0xEE→0xE1 bit(s) [3]; byte 19: 0x2A→0x42 bit(s) [5, 6]; byte 24: 0x16→0x15 bit(s) [0, 1]
[14:22:55.523] P-02 rel 0x11/78 B: byte 7: 0x18→0x08 bit(s) [4]; byte 15: 0x15→0x25 bit(s) [4, 5]; byte 17: 0xE1→0xDC bit(s) [3, 4, 5]; byte 19: 0x42→0x3F bit(s) [4, 5, 6]; byte 21: 0xF0→0x08 bit(s) [7]; byte 22: 0xF9→0xFA bit(s) [0, 1]; byte 23: 0xBA→0x04 bit(s) [7]; byte 26: 0x09→0x08 bit(s) [0]
[14:22:55.523] P-01 botão "Button X" [buttonX]: solto
[14:22:55.538] P-02 rel 0x11/78 B: byte 15: 0x25→0xEF bit(s) [3, 6, 7]; byte 16: 0x01→0x00 bit(s) [0]; byte 17: 0xDC→0xE1 bit(s) [3, 4, 5]; byte 19: 0x3F→0x25 bit(s) [4]; byte 21: 0x08→0xC6 bit(s) [7]; byte 24: 0x15→0x16 bit(s) [0, 1]
[14:22:55.553] P-02 rel 0x11/78 B: byte 15: 0xEF→0x04 bit(s) [3, 5, 6, 7]; byte 16: 0x00→0x01 bit(s) [0]; byte 17: 0xE1→0x9F bit(s) [3, 4, 5, 6]; byte 22: 0xFA→0xFB bit(s) [0]; byte 24: 0x16→0x15 bit(s) [0, 1]; byte 26: 0x08→0x0B bit(s) [0]
[14:22:55.568] P-02 rel 0x11/78 B: byte 15: 0x04→0xD3 bit(s) [4, 6, 7]; byte 16: 0x01→0x00 bit(s) [0]; byte 17: 0x9F→0xBA bit(s) [5]; byte 19: 0x27→0x1E bit(s) [4, 5]; byte 22: 0xFB→0xF9 bit(s) [1]; byte 23: 0x14→0xDC bit(s) [7]; byte 24: 0x15→0x14 bit(s) [0]; byte 26: 0x0B→0x06 bit(s) [0]
[14:22:55.583] P-02 rel 0x11/78 B: byte 15: 0xD3→0x6D bit(s) [3, 4, 5, 7]; byte 17: 0xBA→0xD8 bit(s) [5, 6]; byte 23: 0xDC→0x08 bit(s) [7]; byte 24: 0x14→0x15 bit(s) [0]; byte 26: 0x06→0x05 bit(s) [0]
[14:22:55.598] P-02 rel 0x11/78 B: byte 15: 0x6D→0x07 bit(s) [3, 5, 6]; byte 17: 0xD8→0xE5 bit(s) [3, 4, 5]; byte 19: 0x1C→0x2D bit(s) [4, 5]; byte 22: 0xF9→0xFA bit(s) [0, 1]; byte 23: 0x08→0xF8 bit(s) [7]; byte 26: 0x05→0x06 bit(s) [0]
[14:22:55.613] P-02 rel 0x11/78 B: byte 15: 0x07→0x1B bit(s) [3, 4]; byte 17: 0xE5→0x01 bit(s) [5, 6, 7]; byte 18: 0xFF→0x00 bit(s) [0, 1, 2, 3, 4, 5, 6, 7]; byte 21: 0xAC→0x12 bit(s) [7]; byte 22: 0xFA→0xFB bit(s) [0]; byte 23: 0xF8→0x32 bit(s) [7]; byte 24: 0x15→0x16 bit(s) [0, 1]; byte 26: 0x06→0x07 bit(s) [0]
[14:22:55.628] P-02 rel 0x11/78 B: byte 15: 0x1B→0x42 bit(s) [3, 4, 6]; byte 17: 0x01→0x16 bit(s) [4]
[14:22:56.003]      … 24 linha(s) suprimida(s) neste segundo
[14:22:56.003] P-02 rel 0x11/78 B: byte 15: 0x1E→0x2B bit(s) [4, 5]; byte 21: 0x66→0x80 bit(s) [7]
[14:22:56.018] P-02 rel 0x11/78 B: byte 15: 0x2B→0x32 bit(s) [3, 4]; byte 26: 0x07→0x08 bit(s) [0]
[14:22:56.033] P-02 rel 0x11/78 B: byte 15: 0x32→0x22 bit(s) [4]; byte 19: 0xEF→0xF1 bit(s) [4]; byte 21: 0x82→0x5E bit(s) [7]; byte 23: 0x92→0x4C bit(s) [7]
[14:22:56.048] P-02 rel 0x11/78 B: byte 15: 0x22→0x03 bit(s) [5]
[14:22:56.063] P-02 rel 0x11/78 B: byte 15: 0x03→0xF8 bit(s) [3, 4, 5, 6, 7]; byte 16: 0x00→0xFF bit(s) [0, 1, 2, 3, 4, 5, 6, 7]; byte 17: 0x1A→0x17 bit(s) [3]
[14:22:56.078] P-02 rel 0x11/78 B: byte 15: 0xF8→0xE3 bit(s) [3, 4]
[14:22:56.093] P-02 rel 0x11/78 B: byte 15: 0xE3→0xD6 bit(s) [4, 5]; byte 19: 0xF8→0x03 bit(s) [4, 5, 6, 7]; byte 20: 0xFF→0x00 bit(s) [0, 1, 2, 3, 4, 5, 6, 7]; byte 23: 0x48→0x82 bit(s) [7]; byte 26: 0x08→0x07 bit(s) [0]
[14:22:56.108] P-02 rel 0x11/78 B: byte 15: 0xD6→0xCA bit(s) [3, 4]
[14:22:56.123] P-02 rel 0x11/78 B: byte 15: 0xCA→0xC7 bit(s) [3]; byte 19: 0x0C→0x10 bit(s) [4]; byte 26: 0x07→0x08 bit(s) [0]
[14:22:56.139] P-02 rel 0x11/78 B: byte 17: 0x11→0x08 bit(s) [3, 4]; byte 21: 0x10→0xE6 bit(s) [7]; byte 22: 0xFA→0xF9 bit(s) [0, 1]
[14:22:56.153] P-02 rel 0x11/78 B: byte 15: 0xC7→0xD1 bit(s) [4]; byte 17: 0x08→0x00 bit(s) [3]; byte 19: 0x10→0x0A bit(s) [4]; byte 23: 0x86→0x42 bit(s) [7]
[14:22:56.168] P-02 rel 0x11/78 B: byte 17: 0x00→0xFB bit(s) [3, 4, 5, 6, 7]; byte 18: 0x00→0xFF bit(s) [0, 1, 2, 3, 4, 5, 6, 7]; byte 19: 0x0A→0xFB bit(s) [4, 5, 6, 7]; byte 20: 0x00→0xFF bit(s) [0, 1, 2, 3, 4, 5, 6, 7]
[14:22:56.183] P-02 rel 0x11/78 B: byte 15: 0xD2→0xCD bit(s) [3, 4]; byte 17: 0xFB→0xF4 bit(s) [3]; byte 23: 0x56→0x80 bit(s) [7]; byte 26: 0x08→0x07 bit(s) [0]
[14:22:56.198] P-02 rel 0x11/78 B: byte 17: 0xF4→0xF9 bit(s) [3]; byte 19: 0xF4→0xE7 bit(s) [4]; byte 23: 0x80→0x4A bit(s) [7]; byte 24: 0x14→0x15 bit(s) [0]
[14:22:56.213] P-02 rel 0x11/78 B: byte 15: 0xCA→0xD9 bit(s) [4]; byte 17: 0xF9→0x00 bit(s) [3, 4, 5, 6, 7]; byte 18: 0xFF→0x00 bit(s) [0, 1, 2, 3, 4, 5, 6, 7]; byte 19: 0xE7→0xF0 bit(s) [4]; byte 23: 0x4A→0xC6 bit(s) [7]
[14:22:56.228] P-02 rel 0x11/78 B: byte 15: 0xD9→0xE2 bit(s) [3, 4, 5]; byte 23: 0xC6→0x1C bit(s) [7]; byte 24: 0x15→0x16 bit(s) [0, 1]
[14:22:56.243] P-02 rel 0x11/78 B: byte 15: 0xE2→0xFC bit(s) [3, 4]; byte 17: 0x07→0x0E bit(s) [3]; byte 19: 0xF8→0x00 bit(s) [4, 5, 6, 7]; byte 20: 0xFF→0x00 bit(s) [0, 1, 2, 3, 4, 5, 6, 7]
[14:22:56.258] P-02 rel 0x11/78 B: byte 15: 0xFC→0x1C bit(s) [5, 6, 7]; byte 16: 0xFF→0x00 bit(s) [0, 1, 2, 3, 4, 5, 6, 7]; byte 17: 0x0E→0x19 bit(s) [4]
[14:22:56.287] P-02 rel 0x11/78 B: byte 15: 0x1C→0x2C bit(s) [4, 5]; byte 23: 0x3A→0xB0 bit(s) [7]; byte 24: 0x16→0x15 bit(s) [0, 1]
[14:22:56.318] P-02 rel 0x11/78 B: byte 15: 0x2E→0x27 bit(s) [3]; byte 24: 0x15→0x14 bit(s) [0]
[14:22:56.347] P-02 rel 0x11/78 B: byte 15: 0x27→0x2D bit(s) [3]
[14:22:56.363] P-02 rel 0x11/78 B: byte 15: 0x2D→0x20 bit(s) [3]; byte 17: 0x19→0x17 bit(s) [3]; byte 19: 0x01→0xFA bit(s) [4, 5, 6, 7]; byte 20: 0x00→0xFF bit(s) [0, 1, 2, 3, 4, 5, 6, 7]; byte 21: 0xF6→0x14 bit(s) [7]; byte 22: 0xF9→0xFA bit(s) [0, 1]
[14:22:56.378] P-02 rel 0x11/78 B: byte 15: 0x20→0x17 bit(s) [4, 5]; byte 21: 0x14→0xFA bit(s) [7]; byte 22: 0xFA→0xF9 bit(s) [0, 1]
[14:22:56.393] P-02 rel 0x11/78 B: byte 15: 0x17→0x26 bit(s) [4, 5]; byte 17: 0x16→0x0F bit(s) [3, 4]; byte 21: 0xFA→0x3C bit(s) [7]; byte 22: 0xF9→0xFA bit(s) [0, 1]
[14:22:56.408] P-02 rel 0x11/78 B: byte 19: 0xF7→0x01 bit(s) [4, 5, 6, 7]; byte 20: 0xFF→0x00 bit(s) [0, 1, 2, 3, 4, 5, 6, 7]; byte 23: 0xDE→0x08 bit(s) [7]; byte 24: 0x14→0x15 bit(s) [0]
[14:22:56.423] P-02 rel 0x11/78 B: byte 17: 0x0D→0x10 bit(s) [3, 4]; byte 23: 0x08→0xA2 bit(s) [7]; byte 24: 0x15→0x14 bit(s) [0]
[14:22:56.438] P-02 rel 0x11/78 B: byte 15: 0x27→0x2E bit(s) [3]; byte 17: 0x10→0x0A bit(s) [3, 4]; byte 19: 0x0F→0x13 bit(s) [4]
[14:22:56.453] P-02 rel 0x11/78 B: byte 15: 0x2E→0x27 bit(s) [3]
[14:22:56.468] P-02 rel 0x11/78 B: byte 15: 0x27→0x1A bit(s) [3, 4, 5]; byte 23: 0x9E→0x56 bit(s) [7]
[14:22:56.483] P-02 rel 0x11/78 B: byte 15: 0x1A→0x2F bit(s) [4, 5]; byte 17: 0x09→0x05 bit(s) [3]; byte 24: 0x14→0x15 bit(s) [0]; byte 26: 0x07→0x08 bit(s) [0]
[14:22:56.498] P-02 rel 0x11/78 B: byte 7: 0x08→0x88 bit(s) [7]; byte 15: 0x2F→0xBA bit(s) [4, 7]; byte 16: 0x00→0xFF bit(s) [0, 1, 2, 3, 4, 5, 6, 7]; byte 17: 0x05→0xF5 bit(s) [4, 5, 6, 7]; byte 18: 0x00→0xFF bit(s) [0, 1, 2, 3, 4, 5, 6, 7]; byte 19: 0x1F→0xE9 bit(s) [4, 5, 6, 7]; byte 20: 0x00→0xFF bit(s) [0, 1, 2, 3, 4, 5, 6, 7]; byte 21: 0x52→0xDE bit(s) [7]; byte 22: 0xFA→0xF9 bit(s) [0, 1]; byte 23: 0x20→0x86 bit(s) [7]; byte 24: 0x15→0x13 bit(s) [1, 2]
[14:22:56.498] P-01 botão "Button Y" [buttonY]: PRESSIONADO
[14:22:56.513] P-02 rel 0x11/78 B: byte 15: 0xBA→0x40 bit(s) [3, 4, 5, 6, 7]; byte 17: 0xF5→0xE6 bit(s) [4]; byte 21: 0xDE→0x5E bit(s) [7]; byte 26: 0x08→0x07 bit(s) [0]
[14:22:56.528] P-02 rel 0x11/78 B: byte 7: 0x88→0x08 bit(s) [7]; byte 15: 0x40→0x32 bit(s) [4, 5, 6]; byte 17: 0xE6→0xEB bit(s) [3]; byte 21: 0x5E→0xEA bit(s) [7]; byte 22: 0xF9→0xF8 bit(s) [0]; byte 24: 0x13→0x14 bit(s) [0, 1, 2]
[14:22:56.528] P-01 botão "Button Y" [buttonY]: solto
[14:22:56.543] P-02 rel 0x11/78 B: byte 19: 0xEF→0xF7 bit(s) [4]; byte 22: 0xF8→0xF9 bit(s) [0]
[14:22:56.558] P-02 rel 0x11/78 B: byte 15: 0x34→0x0D bit(s) [3, 4, 5]; byte 17: 0xEF→0xF4 bit(s) [3, 4]; byte 19: 0xF7→0x05 bit(s) [4, 5, 6, 7]; byte 20: 0xFF→0x00 bit(s) [0, 1, 2, 3, 4, 5, 6, 7]; byte 21: 0x86→0x0A bit(s) [7]; byte 22: 0xF9→0xFA bit(s) [0, 1]; byte 23: 0xF2→0x04 bit(s) [7]; byte 24: 0x14→0x15 bit(s) [0]
[14:22:56.573] P-02 rel 0x11/78 B: byte 7: 0x08→0x88 bit(s) [7]; byte 15: 0x0D→0x1F bit(s) [4]; byte 17: 0xF4→0xFC bit(s) [3]; byte 19: 0x05→0x19 bit(s) [4]; byte 23: 0x04→0x80 bit(s) [7]
[14:22:56.573] P-01 botão "Button Y" [buttonY]: PRESSIONADO
[14:22:56.588] P-02 rel 0x11/78 B: byte 15: 0x1F→0x8D bit(s) [4, 7]; byte 19: 0x19→0x34 bit(s) [5]; byte 23: 0x80→0x74 bit(s) [7]; byte 24: 0x15→0x16 bit(s) [0, 1]; byte 26: 0x07→0x08 bit(s) [0]
[14:22:56.603] P-02 rel 0x11/78 B: byte 7: 0x88→0x08 bit(s) [7]; byte 15: 0x8D→0x0D bit(s) [7]; byte 16: 0xFF→0x00 bit(s) [0, 1, 2, 3, 4, 5, 6, 7]; byte 17: 0xFF→0x01 bit(s) [3, 4, 5, 6, 7]; byte 18: 0xFF→0x00 bit(s) [0, 1, 2, 3, 4, 5, 6, 7]; byte 19: 0x34→0x4E bit(s) [4, 5, 6]; byte 24: 0x16→0x17 bit(s) [0]
[14:22:56.603] P-01 botão "Button Y" [buttonY]: solto
[14:22:56.618] P-02 rel 0x11/78 B: byte 15: 0x0D→0x91 bit(s) [3, 4, 7]; byte 19: 0x4E→0x6B bit(s) [5]; byte 23: 0x1A→0xDE bit(s) [7]; byte 24: 0x17→0x16 bit(s) [0]; byte 26: 0x08→0x07 bit(s) [0]
[14:22:56.633] P-02 rel 0x11/78 B: byte 7: 0x08→0x88 bit(s) [7]; byte 15: 0x91→0xBE bit(s) [3, 5]; byte 17: 0x07→0x0F bit(s) [3]; byte 19: 0x6B→0x75 bit(s) [4]; byte 23: 0xDE→0x04 bit(s) [7]
[14:22:56.633] P-01 botão "Button Y" [buttonY]: PRESSIONADO
[14:22:56.663] P-01 botão "Button Y" [buttonY]: solto
[14:22:57.008]      … 24 linha(s) suprimida(s) neste segundo
[14:22:57.008] P-02 rel 0x11/78 B: byte 15: 0x31→0x58 bit(s) [3, 5, 6]; byte 17: 0x14→0x18 bit(s) [3]; byte 19: 0x3D→0x5E bit(s) [5, 6]; byte 23: 0xD2→0x6A bit(s) [7]
[14:22:57.023] P-02 rel 0x11/78 B: byte 15: 0x58→0x90 bit(s) [3, 6, 7]; byte 19: 0x5E→0x7A bit(s) [5]
[14:22:57.052] P-02 rel 0x11/78 B: byte 15: 0x90→0xCA bit(s) [3, 4, 6]; byte 17: 0x1D→0x2F bit(s) [4, 5]; byte 19: 0x7A→0x9A bit(s) [5, 6, 7]
[14:22:57.068] P-02 rel 0x11/78 B: byte 15: 0xCA→0xED bit(s) [5]; byte 17: 0x2F→0x46 bit(s) [3, 5, 6]; byte 19: 0x9A→0xC1 bit(s) [4, 6]; byte 21: 0x82→0x3A bit(s) [7]; byte 23: 0x6C→0xBE bit(s) [7]; byte 26: 0x0A→0x0B bit(s) [0]
[14:22:57.083] P-02 rel 0x11/78 B: byte 15: 0xED→0x3A bit(s) [4, 6, 7]; byte 16: 0xFE→0xFF bit(s) [0]; byte 17: 0x46→0x53 bit(s) [4]; byte 19: 0xC1→0x05 bit(s) [6, 7]; byte 20: 0xFF→0x00 bit(s) [0, 1, 2, 3, 4, 5, 6, 7]; byte 23: 0xBE→0x7A bit(s) [7]
[14:22:57.098] P-02 rel 0x11/78 B: byte 15: 0x3A→0xCA bit(s) [4, 5, 6, 7]; byte 17: 0x53→0xB2 bit(s) [5, 6, 7]; byte 19: 0x05→0x3B bit(s) [4, 5]; byte 21: 0x00→0xEE bit(s) [7]; byte 22: 0xF8→0xF6 bit(s) [1, 2, 3]; byte 23: 0x7A→0xD0 bit(s) [7]; byte 26: 0x0B→0x0C bit(s) [0]
[14:22:57.113] P-02 rel 0x11/78 B: byte 15: 0xCA→0xE1 bit(s) [3, 5]; byte 17: 0xB2→0x09 bit(s) [3, 4, 5, 7]; byte 18: 0xFF→0x00 bit(s) [0, 1, 2, 3, 4, 5, 6, 7]; byte 21: 0xEE→0x2A bit(s) [7]; byte 22: 0xF6→0xF7 bit(s) [0]; byte 23: 0xD0→0x1C bit(s) [7]; byte 24: 0x17→0x18 bit(s) [0, 1, 2, 3]
[14:22:57.128] P-02 rel 0x11/78 B: byte 15: 0xE1→0x02 bit(s) [5, 6, 7]; byte 16: 0xFF→0x00 bit(s) [0, 1, 2, 3, 4, 5, 6, 7]; byte 17: 0x09→0x5F bit(s) [4, 6]; byte 26: 0x0C→0x0D bit(s) [0]
[14:22:57.143] P-02 rel 0x11/78 B: byte 15: 0x02→0x7C bit(s) [3, 4, 5, 6]; byte 17: 0x5F→0x71 bit(s) [3, 5]; byte 19: 0x36→0x44 bit(s) [4, 5, 6]; byte 26: 0x0D→0x0C bit(s) [0]
[14:22:57.158] P-02 rel 0x11/78 B: byte 15: 0x7C→0xAB bit(s) [4, 6, 7]; byte 17: 0x71→0x89 bit(s) [3, 4, 5, 6, 7]; byte 19: 0x44→0x58 bit(s) [4]; byte 26: 0x0C→0x0B bit(s) [0]
[14:22:57.173] P-02 rel 0x11/78 B: byte 19: 0x58→0x6A bit(s) [4, 5]; byte 21: 0x64→0xD8 bit(s) [7]
[14:22:57.188] P-02 rel 0x11/78 B: byte 15: 0xA8→0xC0 bit(s) [3, 5, 6]; byte 17: 0x8B→0x87 bit(s) [3]; byte 19: 0x6A→0x73 bit(s) [4]; byte 21: 0xD8→0x20 bit(s) [7]; byte 22: 0xF7→0xF8 bit(s) [0, 1, 2, 3]
[14:22:57.203] P-02 rel 0x11/78 B: byte 15: 0xC0→0xCC bit(s) [3]; byte 17: 0x87→0x7E bit(s) [3, 4, 5, 6, 7]; byte 23: 0x22→0xE6 bit(s) [7]; byte 24: 0x18→0x17 bit(s) [0, 1, 2, 3]
[14:22:57.218] P-02 rel 0x11/78 B: byte 15: 0xCC→0xA4 bit(s) [3, 5, 6]; byte 17: 0x7E→0x54 bit(s) [3, 5]; byte 19: 0x78→0x62 bit(s) [4]; byte 21: 0x76→0x8E bit(s) [7]; byte 22: 0xF8→0xF9 bit(s) [0]; byte 26: 0x0B→0x0A bit(s) [0]
[14:22:57.233] P-02 rel 0x11/78 B: byte 15: 0xA4→0x8F bit(s) [3, 5]; byte 17: 0x54→0x1C bit(s) [3, 6]; byte 19: 0x62→0x57 bit(s) [4, 5]; byte 26: 0x0A→0x09 bit(s) [0]
[14:22:57.248] P-02 rel 0x11/78 B: byte 15: 0x8F→0x82 bit(s) [3]; byte 17: 0x1C→0x01 bit(s) [3, 4]; byte 19: 0x57→0x4E bit(s) [4]; byte 21: 0xC4→0x10 bit(s) [7]; byte 23: 0x90→0x42 bit(s) [7]
[14:22:57.263] P-02 rel 0x11/78 B: byte 15: 0x82→0x5E bit(s) [3, 4, 6, 7]; byte 21: 0x10→0x96 bit(s) [7]; byte 22: 0xF9→0xF8 bit(s) [0]; byte 23: 0x42→0xEE bit(s) [7]; byte 24: 0x17→0x16 bit(s) [0]
[14:22:57.291] P-02 rel 0x11/78 B: byte 15: 0x5E→0x3D bit(s) [5, 6]; byte 17: 0x06→0x0C bit(s) [3]; byte 19: 0x48→0x38 bit(s) [4, 5, 6]; byte 21: 0x96→0x42 bit(s) [7]; byte 26: 0x09→0x0A bit(s) [0]
[14:22:57.336] P-02 rel 0x11/78 B: byte 15: 0x3D→0x22 bit(s) [3, 4]; byte 19: 0x38→0x2E bit(s) [4]
[14:22:57.353] P-02 rel 0x11/78 B: byte 15: 0x22→0xEE bit(s) [3, 6, 7]; byte 16: 0x00→0xFF bit(s) [0, 1, 2, 3, 4, 5, 6, 7]; byte 17: 0x0D→0x16 bit(s) [3, 4]; byte 23: 0xA4→0x12 bit(s) [7]; byte 24: 0x16→0x17 bit(s) [0]
[14:22:57.368] P-02 rel 0x11/78 B: byte 15: 0xEE→0x10 bit(s) [3, 4, 5, 6, 7]; byte 16: 0xFF→0x00 bit(s) [0, 1, 2, 3, 4, 5, 6, 7]; byte 17: 0x16→0x18 bit(s) [3]; byte 19: 0x21→0x1D bit(s) [4, 5]; byte 23: 0x12→0x8C bit(s) [7]
[14:22:57.397] P-02 rel 0x11/78 B: byte 15: 0x10→0x21 bit(s) [4, 5]; byte 17: 0x18→0x12 bit(s) [3]; byte 19: 0x1D→0x35 bit(s) [5]; byte 21: 0x36→0xB6 bit(s) [7]
[14:22:57.413] P-02 rel 0x11/78 B: byte 15: 0x21→0x14 bit(s) [4, 5]; byte 23: 0x88→0x6A bit(s) [7]
[14:22:57.428] P-02 rel 0x11/78 B: byte 15: 0x14→0x07 bit(s) [4]; byte 17: 0x13→0x19 bit(s) [3]; byte 23: 0x6A→0xA8 bit(s) [7]
[14:22:57.443] P-02 rel 0x11/78 B: byte 15: 0x07→0x2F bit(s) [3, 5]; byte 17: 0x19→0x13 bit(s) [3]
[14:22:57.458] P-02 rel 0x11/78 B: byte 17: 0x13→0x0A bit(s) [3, 4]; byte 23: 0xA4→0x7A bit(s) [7]
[14:22:57.473] P-02 rel 0x11/78 B: byte 15: 0x28→0x0E bit(s) [5]; byte 17: 0x0A→0x04 bit(s) [3]; byte 23: 0x7A→0x8C bit(s) [7]
[14:22:57.488] P-02 rel 0x11/78 B: byte 15: 0x0E→0xFE bit(s) [4, 5, 6, 7]; byte 16: 0x00→0xFF bit(s) [0, 1, 2, 3, 4, 5, 6, 7]; byte 17: 0x04→0x09 bit(s) [3]; byte 19: 0x31→0x17 bit(s) [5]; byte 24: 0x17→0x16 bit(s) [0]
[14:22:57.503] P-02 rel 0x11/78 B: byte 15: 0xFE→0xEF bit(s) [4]; byte 17: 0x09→0x13 bit(s) [3, 4]; byte 19: 0x17→0x07 bit(s) [4]; byte 21: 0xEE→0x1E bit(s) [7]; byte 22: 0xF8→0xF9 bit(s) [0]; byte 23: 0xEC→0x74 bit(s) [7]; byte 24: 0x16→0x17 bit(s) [0]
[14:22:57.518] P-02 rel 0x11/78 B: byte 15: 0xEF→0x1E bit(s) [4, 5, 6, 7]; byte 16: 0xFF→0x00 bit(s) [0, 1, 2, 3, 4, 5, 6, 7]; byte 23: 0x74→0x8C bit(s) [7]
[14:22:57.533] P-02 rel 0x11/78 B: byte 15: 0x1E→0x2A bit(s) [4, 5]; byte 19: 0x02→0xFE bit(s) [4, 5, 6, 7]; byte 20: 0x00→0xFF bit(s) [0, 1, 2, 3, 4, 5, 6, 7]; byte 21: 0x30→0xFE bit(s) [7]; byte 22: 0xF9→0xF8 bit(s) [0]
[14:22:57.548] P-02 rel 0x11/78 B: byte 15: 0x2A→0x16 bit(s) [3, 4, 5]; byte 19: 0xFE→0x03 bit(s) [4, 5, 6, 7]; byte 20: 0xFF→0x00 bit(s) [0, 1, 2, 3, 4, 5, 6, 7]; byte 23: 0xA6→0x56 bit(s) [7]
[14:22:57.563] P-02 rel 0x11/78 B: byte 15: 0x16→0x0F bit(s) [3, 4]
[14:22:57.578] P-02 rel 0x11/78 B: byte 15: 0x0F→0x00 bit(s) [3]
[14:22:57.593] P-02 rel 0x11/78 B: byte 17: 0x10→0x0A bit(s) [3, 4]; byte 19: 0x05→0xFF bit(s) [4, 5, 6, 7]; byte 20: 0x00→0xFF bit(s) [0, 1, 2, 3, 4, 5, 6, 7]; byte 21: 0xF6→0x16 bit(s) [7]; byte 22: 0xF8→0xF9 bit(s) [0]
[14:22:57.608] P-02 rel 0x11/78 B: byte 15: 0x01→0x0E bit(s) [3]; byte 21: 0x16→0xFA bit(s) [7]; byte 22: 0xF9→0xF8 bit(s) [0]
[14:22:57.623] P-02 rel 0x11/78 B: byte 15: 0x0E→0x03 bit(s) [3]; byte 17: 0x08→0x07 bit(s) [3]
[14:22:57.638] P-02 rel 0x11/78 B: byte 15: 0x03→0xF5 bit(s) [4, 5, 6, 7]; byte 16: 0x00→0xFF bit(s) [0, 1, 2, 3, 4, 5, 6, 7]; byte 17: 0x07→0x09 bit(s) [3]; byte 19: 0xFF→0x07 bit(s) [4, 5, 6, 7]; byte 20: 0xFF→0x00 bit(s) [0, 1, 2, 3, 4, 5, 6, 7]
[14:22:57.653] P-02 rel 0x11/78 B: byte 15: 0xF5→0x02 bit(s) [4, 5, 6, 7]; byte 16: 0xFF→0x00 bit(s) [0, 1, 2, 3, 4, 5, 6, 7]; byte 17: 0x09→0x07 bit(s) [3]; byte 19: 0x07→0x13 bit(s) [4]; byte 21: 0xEA→0x14 bit(s) [7]; byte 22: 0xF8→0xF9 bit(s) [0]
[14:22:57.668] P-02 rel 0x11/78 B: byte 15: 0x02→0x08 bit(s) [3]; byte 17: 0x07→0x08 bit(s) [3]
[14:22:58.013]      … 17 linha(s) suprimida(s) neste segundo
[14:22:58.013] P-02 rel 0x11/78 B: byte 15: 0xE5→0xF4 bit(s) [4]; byte 26: 0x09→0x0A bit(s) [0]
[14:22:58.028] P-02 rel 0x11/78 B: byte 19: 0x1E→0x21 bit(s) [4, 5]
[14:22:58.043] P-02 rel 0x11/78 B: byte 15: 0xF3→0xEE bit(s) [3, 4]
[14:22:58.058] P-02 rel 0x11/78 B: byte 15: 0xEE→0xE5 bit(s) [3]
[14:22:58.073] P-02 rel 0x11/78 B: byte 15: 0xE5→0xF3 bit(s) [4]; byte 17: 0x02→0xFE bit(s) [3, 4, 5, 6, 7]; byte 18: 0x00→0xFF bit(s) [0, 1, 2, 3, 4, 5, 6, 7]
[14:22:58.088] P-02 rel 0x11/78 B: byte 17: 0xFE→0x00 bit(s) [3, 4, 5, 6, 7]; byte 18: 0xFF→0x00 bit(s) [0, 1, 2, 3, 4, 5, 6, 7]
[14:22:58.118] P-02 rel 0x11/78 B: byte 15: 0xF0→0xE8 bit(s) [3, 4]
[14:22:58.133] P-02 rel 0x11/78 B: byte 19: 0x24→0x19 bit(s) [4, 5]
[14:22:58.148] P-02 rel 0x11/78 B: byte 15: 0xE9→0xF2 bit(s) [3, 4]
[14:22:58.163] P-02 rel 0x11/78 B: byte 17: 0x05→0x09 bit(s) [3]; byte 19: 0x13→0x0D bit(s) [4]
[14:22:58.178] P-02 rel 0x11/78 B: byte 15: 0xF3→0xFB bit(s) [3]; byte 23: 0x76→0x90 bit(s) [7]
[14:22:58.193] P-02 rel 0x11/78 B: byte 23: 0x90→0x7C bit(s) [7]
[14:22:58.208] P-02 rel 0x11/78 B: byte 17: 0x09→0x06 bit(s) [3]
[14:22:58.253] P-02 rel 0x11/78 B: byte 19: 0x01→0xFB bit(s) [4, 5, 6, 7]; byte 20: 0x00→0xFF bit(s) [0, 1, 2, 3, 4, 5, 6, 7]
[14:22:58.268] P-02 rel 0x11/78 B: byte 15: 0xFA→0x01 bit(s) [3, 4, 5, 6, 7]; byte 16: 0xFF→0x00 bit(s) [0, 1, 2, 3, 4, 5, 6, 7]
[14:22:58.283] P-02 rel 0x11/78 B: byte 15: 0x01→0xFC bit(s) [3, 4, 5, 6, 7]; byte 16: 0x00→0xFF bit(s) [0, 1, 2, 3, 4, 5, 6, 7]; byte 26: 0x0A→0x09 bit(s) [0]
[14:22:58.298] P-02 rel 0x11/78 B: byte 15: 0xFC→0xF2 bit(s) [3]; byte 26: 0x09→0x0A bit(s) [0]
[14:22:58.313] P-02 rel 0x11/78 B: byte 19: 0xFB→0x03 bit(s) [4, 5, 6, 7]; byte 20: 0xFF→0x00 bit(s) [0, 1, 2, 3, 4, 5, 6, 7]
[14:22:58.343] P-02 rel 0x11/78 B: byte 15: 0xF3→0xF9 bit(s) [3]; byte 16: 0xFF→0x00 bit(s) [0, 1, 2, 3, 4, 5, 6, 7]
[14:22:58.358] P-02 rel 0x11/78 B: byte 16: 0x00→0xFF bit(s) [0, 1, 2, 3, 4, 5, 6, 7]; byte 23: 0x08→0xFE bit(s) [7]; byte 24: 0x17→0x16 bit(s) [0]
[14:22:58.387] P-02 rel 0x11/78 B: byte 15: 0xF9→0xF2 bit(s) [3]; byte 19: 0x0F→0x15 bit(s) [4]; byte 23: 0xFE→0x14 bit(s) [7]; byte 24: 0x16→0x17 bit(s) [0]
[14:22:58.403] P-02 rel 0x11/78 B: byte 15: 0xF2→0xE5 bit(s) [4]
[14:22:58.433] P-02 rel 0x11/78 B: byte 15: 0xE1→0xDD bit(s) [3, 4, 5]
[14:22:58.448] P-02 rel 0x11/78 B: byte 15: 0xDD→0xD6 bit(s) [3]; byte 26: 0x0A→0x09 bit(s) [0]
[14:22:58.463] P-02 rel 0x11/78 B: byte 15: 0xD6→0xD9 bit(s) [3]; byte 19: 0x1F→0x21 bit(s) [4, 5]; byte 26: 0x09→0x0A bit(s) [0]
[14:22:58.478] P-02 rel 0x11/78 B: byte 15: 0xD9→0xEA bit(s) [4, 5]; byte 19: 0x21→0x1E bit(s) [4, 5]
[14:22:58.523] P-02 rel 0x11/78 B: byte 15: 0xEE→0xE5 bit(s) [3]
[14:22:58.538] P-02 rel 0x11/78 B: byte 15: 0xE5→0xDC bit(s) [3, 4, 5]
[14:22:58.553] P-02 rel 0x11/78 B: byte 15: 0xDC→0xE6 bit(s) [3, 4, 5]; byte 17: 0x06→0x0B bit(s) [3]; byte 19: 0x10→0x09 bit(s) [4]
[14:22:58.568] P-02 rel 0x11/78 B: byte 15: 0xE6→0xF1 bit(s) [4]; byte 17: 0x0B→0x10 bit(s) [3, 4]; byte 21: 0x46→0xF8 bit(s) [7]; byte 22: 0xF9→0xF8 bit(s) [0]; byte 26: 0x0A→0x09 bit(s) [0]
[14:22:58.583] P-02 rel 0x11/78 B: byte 15: 0xF1→0x11 bit(s) [5, 6, 7]; byte 16: 0xFF→0x00 bit(s) [0, 1, 2, 3, 4, 5, 6, 7]; byte 22: 0xF8→0xF9 bit(s) [0]; byte 23: 0x3E→0xB4 bit(s) [7]; byte 26: 0x09→0x0A bit(s) [0]
[14:22:58.598] P-02 rel 0x11/78 B: byte 15: 0x11→0x0A bit(s) [3, 4]; byte 17: 0x14→0x03 bit(s) [4]; byte 19: 0x0F→0x10 bit(s) [4]; byte 21: 0xB2→0x2E bit(s) [7]; byte 23: 0xB4→0x4E bit(s) [7]; byte 26: 0x0A→0x09 bit(s) [0]
[14:22:58.613] P-02 rel 0x11/78 B: byte 17: 0x03→0x0C bit(s) [3]; byte 19: 0x10→0x0E bit(s) [4]; byte 26: 0x09→0x0A bit(s) [0]
[14:22:58.628] P-02 rel 0x11/78 B: byte 15: 0x0B→0x1D bit(s) [4]; byte 17: 0x0C→0x06 bit(s) [3]; byte 21: 0x40→0x80 bit(s) [7]; byte 23: 0x60→0x80 bit(s) [7]
[14:22:58.643] P-02 rel 0x11/78 B: byte 15: 0x1D→0x34 bit(s) [3, 5]; byte 17: 0x06→0x09 bit(s) [3]; byte 21: 0x80→0x68 bit(s) [7]; byte 23: 0x80→0x5C bit(s) [7]
[14:22:58.658] P-02 rel 0x11/78 B: byte 15: 0x34→0x3A bit(s) [3]; byte 17: 0x09→0x02 bit(s) [3]
[14:22:58.673] P-02 rel 0x11/78 B: byte 15: 0x3A→0x2C bit(s) [4]; byte 19: 0x06→0xFE bit(s) [4, 5, 6, 7]; byte 20: 0x00→0xFF bit(s) [0, 1, 2, 3, 4, 5, 6, 7]
[14:22:58.703] P-02 rel 0x11/78 B: byte 15: 0x2F→0x42 bit(s) [3, 5, 6]; byte 17: 0x01→0xFF bit(s) [3, 4, 5, 6, 7]; byte 18: 0x00→0xFF bit(s) [0, 1, 2, 3, 4, 5, 6, 7]; byte 26: 0x0A→0x09 bit(s) [0]
[14:22:58.718] P-02 rel 0x11/78 B: byte 17: 0xFF→0x00 bit(s) [3, 4, 5, 6, 7]; byte 18: 0xFF→0x00 bit(s) [0, 1, 2, 3, 4, 5, 6, 7]
[14:22:58.733] P-02 rel 0x11/78 B: byte 15: 0x42→0x30 bit(s) [4, 5, 6]; byte 17: 0x00→0x09 bit(s) [3]
[14:22:59.003]      … 15 linha(s) suprimida(s) neste segundo
[14:22:59.003] P-02 rel 0x11/78 B: byte 15: 0x3B→0x30 bit(s) [3]; byte 17: 0xFF→0x07 bit(s) [3, 4, 5, 6, 7]; byte 18: 0xFF→0x00 bit(s) [0, 1, 2, 3, 4, 5, 6, 7]; byte 23: 0xB0→0x74 bit(s) [7]; byte 26: 0x09→0x08 bit(s) [0]
[14:22:59.018] P-02 rel 0x11/78 B: byte 15: 0x30→0xFE bit(s) [3, 6, 7]; byte 16: 0x00→0xFF bit(s) [0, 1, 2, 3, 4, 5, 6, 7]; byte 17: 0x07→0x09 bit(s) [3]; byte 19: 0x02→0xFB bit(s) [4, 5, 6, 7]; byte 20: 0x00→0xFF bit(s) [0, 1, 2, 3, 4, 5, 6, 7]; byte 26: 0x08→0x09 bit(s) [0]
[14:22:59.033] P-02 rel 0x11/78 B: byte 15: 0xFE→0xF6 bit(s) [3]; byte 17: 0x09→0x03 bit(s) [3]; byte 21: 0x78→0xEA bit(s) [7]; byte 22: 0xF9→0xF8 bit(s) [0]; byte 23: 0x0C→0xC8 bit(s) [7]; byte 26: 0x09→0x0A bit(s) [0]
[14:22:59.048] P-02 rel 0x11/78 B: byte 15: 0xF6→0x0F bit(s) [3, 4, 5, 6, 7]; byte 16: 0xFF→0x00 bit(s) [0, 1, 2, 3, 4, 5, 6, 7]; byte 19: 0xFB→0x00 bit(s) [4, 5, 6, 7]; byte 20: 0xFF→0x00 bit(s) [0, 1, 2, 3, 4, 5, 6, 7]; byte 26: 0x0A→0x09 bit(s) [0]
[14:22:59.063] P-02 rel 0x11/78 B: byte 15: 0x0F→0x1D bit(s) [4]; byte 21: 0xF6→0x5C bit(s) [7]; byte 22: 0xF8→0xF9 bit(s) [0]
[14:22:59.078] P-02 rel 0x11/78 B: byte 15: 0x1D→0xFD bit(s) [5, 6, 7]; byte 16: 0x00→0xFF bit(s) [0, 1, 2, 3, 4, 5, 6, 7]; byte 19: 0x04→0xFB bit(s) [4, 5, 6, 7]; byte 20: 0x00→0xFF bit(s) [0, 1, 2, 3, 4, 5, 6, 7]; byte 23: 0xA0→0x42 bit(s) [7]
[14:22:59.093] P-02 rel 0x11/78 B: byte 15: 0xFD→0xE5 bit(s) [3, 4]; byte 21: 0x30→0xDA bit(s) [7]; byte 22: 0xF9→0xF8 bit(s) [0]; byte 23: 0x42→0x94 bit(s) [7]
[14:22:59.108] P-02 rel 0x11/78 B: byte 15: 0xE5→0xF2 bit(s) [4]; byte 19: 0xFA→0x01 bit(s) [4, 5, 6, 7]; byte 20: 0xFF→0x00 bit(s) [0, 1, 2, 3, 4, 5, 6, 7]; byte 21: 0xDA→0x50 bit(s) [7]; byte 22: 0xF8→0xF9 bit(s) [0]
[14:22:59.123] P-02 rel 0x11/78 B: byte 23: 0x96→0x06 bit(s) [7]; byte 24: 0x16→0x17 bit(s) [0]
[14:22:59.138] P-02 rel 0x11/78 B: byte 15: 0xF3→0xF8 bit(s) [3]; byte 23: 0x06→0xD0 bit(s) [7]; byte 24: 0x17→0x16 bit(s) [0]
[14:22:59.153] P-02 rel 0x11/78 B: byte 15: 0xF8→0x0B bit(s) [4, 5, 6, 7]; byte 16: 0xFF→0x00 bit(s) [0, 1, 2, 3, 4, 5, 6, 7]
[14:22:59.168] P-02 rel 0x11/78 B: byte 19: 0x06→0xF2 bit(s) [4, 5, 6, 7]; byte 20: 0x00→0xFF bit(s) [0, 1, 2, 3, 4, 5, 6, 7]; byte 21: 0x00→0xEC bit(s) [7]; byte 22: 0xF9→0xF8 bit(s) [0]; byte 24: 0x16→0x15 bit(s) [0, 1]
[14:22:59.183] P-02 rel 0x11/78 B: byte 15: 0x0A→0x16 bit(s) [3, 4]; byte 17: 0x06→0x0D bit(s) [3]; byte 19: 0xF2→0xEC bit(s) [4]; byte 21: 0xEC→0x02 bit(s) [7]; byte 22: 0xF8→0xF9 bit(s) [0]; byte 23: 0xEA→0x5C bit(s) [7]; byte 24: 0x15→0x16 bit(s) [0, 1]
[14:22:59.198] P-02 rel 0x11/78 B: byte 15: 0x16→0x0A bit(s) [3, 4]; byte 17: 0x0D→0x05 bit(s) [3]; byte 19: 0xEC→0xF0 bit(s) [4]; byte 24: 0x16→0x17 bit(s) [0]; byte 26: 0x09→0x0A bit(s) [0]
[14:22:59.213] P-02 rel 0x11/78 B: byte 15: 0x0A→0x1B bit(s) [4]; byte 17: 0x05→0xF2 bit(s) [4, 5, 6, 7]; byte 18: 0x00→0xFF bit(s) [0, 1, 2, 3, 4, 5, 6, 7]; byte 21: 0x4A→0xCA bit(s) [7]; byte 22: 0xF9→0xF8 bit(s) [0]; byte 23: 0x5E→0xFC bit(s) [7]; byte 24: 0x17→0x13 bit(s) [2]
[14:22:59.228] P-02 rel 0x11/78 B: byte 15: 0x1B→0xED bit(s) [4, 5, 6, 7]; byte 16: 0x00→0xFF bit(s) [0, 1, 2, 3, 4, 5, 6, 7]; byte 17: 0xF2→0xFC bit(s) [3]; byte 19: 0xFD→0x05 bit(s) [4, 5, 6, 7]; byte 20: 0xFF→0x00 bit(s) [0, 1, 2, 3, 4, 5, 6, 7]; byte 22: 0xF8→0xF9 bit(s) [0]; byte 24: 0x13→0x16 bit(s) [0, 2]; byte 26: 0x0A→0x09 bit(s) [0]
[14:22:59.243] P-02 rel 0x11/78 B: byte 17: 0xFC→0xF7 bit(s) [3]; byte 24: 0x16→0x17 bit(s) [0]
[14:22:59.258] P-02 rel 0x11/78 B: byte 7: 0x08→0x48 bit(s) [6]; byte 15: 0xEA→0xFB bit(s) [4]; byte 19: 0x0F→0x1A bit(s) [4]; byte 26: 0x09→0x0A bit(s) [0]
[14:22:59.258] P-01 botão "Button B" [buttonB]: PRESSIONADO
[14:22:59.273] P-02 rel 0x11/78 B: byte 15: 0xFB→0x08 bit(s) [4, 5, 6, 7]; byte 16: 0xFF→0x00 bit(s) [0, 1, 2, 3, 4, 5, 6, 7]; byte 19: 0x1A→0x27 bit(s) [4, 5]; byte 21: 0xD0→0x0A bit(s) [7]; byte 22: 0xF9→0xFA bit(s) [0, 1]; byte 23: 0x8E→0x3A bit(s) [7]
[14:22:59.288] P-02 rel 0x11/78 B: byte 7: 0x48→0x08 bit(s) [6]; byte 15: 0x08→0x04 bit(s) [3]; byte 21: 0x0A→0xEC bit(s) [7]; byte 22: 0xFA→0xF9 bit(s) [0, 1]; byte 24: 0x17→0x16 bit(s) [0]; byte 26: 0x0A→0x09 bit(s) [0]
[14:22:59.288] P-01 botão "Button B" [buttonB]: solto
[14:22:59.303] P-02 rel 0x11/78 B: byte 15: 0x04→0xEA bit(s) [3, 5, 6, 7]; byte 16: 0x00→0xFF bit(s) [0, 1, 2, 3, 4, 5, 6, 7]; byte 17: 0xF2→0xFA bit(s) [3]; byte 19: 0x24→0x43 bit(s) [5, 6]; byte 21: 0xEC→0x26 bit(s) [7]; byte 22: 0xF9→0xFA bit(s) [0, 1]; byte 23: 0x0C→0xCE bit(s) [7]; byte 24: 0x16→0x19 bit(s) [0, 1, 2, 3]
[14:22:59.318] P-02 rel 0x11/78 B: byte 15: 0xEA→0x07 bit(s) [3, 5, 6, 7]; byte 16: 0xFF→0x00 bit(s) [0, 1, 2, 3, 4, 5, 6, 7]; byte 17: 0xFA→0xF3 bit(s) [3]; byte 19: 0x43→0x34 bit(s) [4, 5, 6]; byte 21: 0x26→0xB4 bit(s) [7]; byte 22: 0xFA→0xF9 bit(s) [0, 1]; byte 24: 0x19→0x15 bit(s) [2, 3]
[14:22:59.333] P-02 rel 0x11/78 B: byte 15: 0x07→0x22 bit(s) [5]; byte 17: 0xF3→0x03 bit(s) [4, 5, 6, 7]; byte 18: 0xFF→0x00 bit(s) [0, 1, 2, 3, 4, 5, 6, 7]; byte 19: 0x34→0x1F bit(s) [5]; byte 21: 0xB4→0x08 bit(s) [7]; byte 26: 0x09→0x08 bit(s) [0]
[14:22:59.348] P-02 rel 0x11/78 B: byte 15: 0x22→0x14 bit(s) [4, 5]; byte 17: 0x03→0x11 bit(s) [4]; byte 19: 0x1F→0x0E bit(s) [4]; byte 21: 0x08→0xE2 bit(s) [7]; byte 22: 0xF9→0xF8 bit(s) [0]; byte 23: 0xC2→0x6C bit(s) [7]
[14:22:59.363] P-02 rel 0x11/78 B: byte 15: 0x14→0xF9 bit(s) [3, 5, 6, 7]; byte 16: 0x00→0xFF bit(s) [0, 1, 2, 3, 4, 5, 6, 7]; byte 17: 0x11→0x0C bit(s) [3, 4]; byte 23: 0x6C→0xE4 bit(s) [7]; byte 26: 0x08→0x09 bit(s) [0]
[14:22:59.378] P-02 rel 0x11/78 B: byte 15: 0xF9→0xD1 bit(s) [3, 5]; byte 23: 0xE4→0x1C bit(s) [7]; byte 24: 0x15→0x16 bit(s) [0, 1]
[14:22:59.393] P-02 rel 0x11/78 B: byte 15: 0xD1→0xCC bit(s) [3, 4]
[14:22:59.408] P-02 rel 0x11/78 B: byte 15: 0xCC→0xDA bit(s) [4]; byte 17: 0x08→0x02 bit(s) [3]; byte 23: 0x7C→0xDE bit(s) [7]
[14:22:59.437] P-02 rel 0x11/78 B: byte 15: 0xDA→0xE5 bit(s) [3, 4, 5]
[14:22:59.453] P-02 rel 0x11/78 B: byte 15: 0xE5→0xF8 bit(s) [3, 4]
[14:22:59.468] P-02 rel 0x11/78 B: byte 17: 0x05→0xFF bit(s) [3, 4, 5, 6, 7]; byte 18: 0x00→0xFF bit(s) [0, 1, 2, 3, 4, 5, 6, 7]; byte 21: 0xDC→0x26 bit(s) [7]; byte 22: 0xF8→0xF9 bit(s) [0]
[14:22:59.483] P-02 rel 0x11/78 B: byte 15: 0xFE→0x01 bit(s) [3, 4, 5, 6, 7]; byte 16: 0xFF→0x00 bit(s) [0, 1, 2, 3, 4, 5, 6, 7]
[14:22:59.512] P-02 rel 0x11/78 B: byte 21: 0x72→0x8C bit(s) [7]
[14:22:59.528] P-02 rel 0x11/78 B: byte 19: 0x01→0xFE bit(s) [4, 5, 6, 7]; byte 20: 0x00→0xFF bit(s) [0, 1, 2, 3, 4, 5, 6, 7]
[14:22:59.543] P-02 rel 0x11/78 B: byte 15: 0x06→0x0D bit(s) [3]; byte 17: 0xFC→0x00 bit(s) [3, 4, 5, 6, 7]; byte 18: 0xFF→0x00 bit(s) [0, 1, 2, 3, 4, 5, 6, 7]
[14:22:59.558] P-02 rel 0x11/78 B: byte 15: 0x0D→0x1A bit(s) [4]; byte 21: 0x84→0x7C bit(s) [7]
[14:22:59.588] P-02 rel 0x11/78 B: byte 15: 0x1C→0x26 bit(s) [3, 4, 5]; byte 17: 0x06→0x0F bit(s) [3]
[14:22:59.603] P-02 rel 0x11/78 B: byte 15: 0x26→0x34 bit(s) [4]
[14:22:59.618] P-02 rel 0x11/78 B: byte 15: 0x34→0x29 bit(s) [3, 4]; byte 21: 0x1C→0xFC bit(s) [7]; byte 22: 0xF9→0xF8 bit(s) [0]; byte 23: 0x90→0x60 bit(s) [7]
[14:22:59.647] P-02 rel 0x11/78 B: byte 15: 0x29→0x35 bit(s) [3, 4]; byte 21: 0xFC→0x02 bit(s) [7]; byte 22: 0xF8→0xF9 bit(s) [0]; byte 23: 0x60→0x8E bit(s) [7]
[14:23:00.008]      … 23 linha(s) suprimida(s) neste segundo
[14:23:00.008] P-02 rel 0x11/78 B: byte 15: 0xD9→0xD4 bit(s) [3]; byte 23: 0x88→0x46 bit(s) [7]
[14:23:00.023] P-02 rel 0x11/78 B: byte 15: 0xD4→0xE2 bit(s) [4, 5]; byte 19: 0x27→0x1F bit(s) [4, 5]
[14:23:00.038] P-02 rel 0x11/78 B: byte 15: 0xE2→0xF3 bit(s) [4]
[14:23:00.053] P-02 rel 0x11/78 B: byte 15: 0xF3→0xEB bit(s) [3, 4]
[14:23:00.068] P-02 rel 0x11/78 B: byte 15: 0xEB→0xE0 bit(s) [3]
[14:23:00.083] P-02 rel 0x11/78 B: byte 15: 0xE0→0xDD bit(s) [3, 4, 5]; byte 17: 0x02→0xFF bit(s) [3, 4, 5, 6, 7]; byte 18: 0x00→0xFF bit(s) [0, 1, 2, 3, 4, 5, 6, 7]
[14:23:00.112] P-02 rel 0x11/78 B: byte 15: 0xDD→0xD3 bit(s) [3]; byte 17: 0xFF→0x00 bit(s) [3, 4, 5, 6, 7]; byte 18: 0xFF→0x00 bit(s) [0, 1, 2, 3, 4, 5, 6, 7]; byte 19: 0x10→0x0E bit(s) [4]
[14:23:00.128] P-02 rel 0x11/78 B: byte 15: 0xD3→0xDB bit(s) [3]
[14:23:00.143] P-02 rel 0x11/78 B: byte 15: 0xDB→0xEA bit(s) [4, 5]
[14:23:00.158] P-02 rel 0x11/78 B: byte 15: 0xEA→0xF6 bit(s) [3, 4]; byte 17: 0x03→0x0C bit(s) [3]; byte 21: 0x38→0x80 bit(s) [7]; byte 23: 0x6E→0xA0 bit(s) [7]
[14:23:00.173] P-02 rel 0x11/78 B: byte 15: 0xF6→0xED bit(s) [3, 4]; byte 21: 0x80→0x4E bit(s) [7]; byte 23: 0xA0→0x52 bit(s) [7]
[14:23:00.188] P-02 rel 0x11/78 B: byte 15: 0xED→0xE0 bit(s) [3]
[14:23:00.203] P-02 rel 0x11/78 B: byte 15: 0xE0→0xCD bit(s) [3, 5]
[14:23:00.218] P-02 rel 0x11/78 B: byte 17: 0x08→0x00 bit(s) [3]
[14:23:00.248] P-02 rel 0x11/78 B: byte 15: 0xCD→0xD4 bit(s) [3, 4]
[14:23:00.263] P-02 rel 0x11/78 B: byte 15: 0xD4→0xDC bit(s) [3]
[14:23:00.278] P-02 rel 0x11/78 B: byte 15: 0xDC→0xEB bit(s) [4, 5]; byte 17: 0x05→0x09 bit(s) [3]; byte 19: 0x0E→0x12 bit(s) [4]; byte 23: 0x40→0x92 bit(s) [7]
[14:23:00.293] P-02 rel 0x11/78 B: byte 15: 0xEB→0xDF bit(s) [4, 5]
[14:23:00.308] P-02 rel 0x11/78 B: byte 23: 0x88→0x70 bit(s) [7]
[14:23:00.323] P-02 rel 0x11/78 B: byte 15: 0xDB→0xEA bit(s) [4, 5]; byte 23: 0x70→0x82 bit(s) [7]
[14:23:00.338] P-02 rel 0x11/78 B: byte 23: 0x82→0x60 bit(s) [7]
[14:23:00.353] P-02 rel 0x11/78 B: byte 17: 0x0A→0x07 bit(s) [3]; byte 23: 0x60→0xA0 bit(s) [7]
[14:23:00.368] P-02 rel 0x11/78 B: byte 23: 0xA0→0x60 bit(s) [7]
[14:23:00.384] P-02 rel 0x11/78 B: byte 19: 0x13→0x0F bit(s) [4]; byte 23: 0x60→0x94 bit(s) [7]
[14:23:00.398] P-02 rel 0x11/78 B: byte 15: 0xED→0x01 bit(s) [3, 5, 6, 7]; byte 16: 0xFF→0x00 bit(s) [0, 1, 2, 3, 4, 5, 6, 7]
[14:23:00.413] P-02 rel 0x11/78 B: byte 15: 0x01→0xF5 bit(s) [4, 5, 6, 7]; byte 16: 0x00→0xFF bit(s) [0, 1, 2, 3, 4, 5, 6, 7]; byte 19: 0x0A→0xFF bit(s) [4, 5, 6, 7]; byte 20: 0x00→0xFF bit(s) [0, 1, 2, 3, 4, 5, 6, 7]
[14:23:00.428] P-02 rel 0x11/78 B: byte 17: 0x07→0x08 bit(s) [3]; byte 23: 0x84→0x6A bit(s) [7]
[14:23:00.443] P-02 rel 0x11/78 B: byte 23: 0x6A→0x8A bit(s) [7]
[14:23:00.458] P-02 rel 0x11/78 B: byte 15: 0xF6→0x0A bit(s) [3, 4, 5, 6, 7]; byte 16: 0xFF→0x00 bit(s) [0, 1, 2, 3, 4, 5, 6, 7]; byte 17: 0x08→0x07 bit(s) [3]
[14:23:00.487] P-02 rel 0x11/78 B: byte 17: 0x07→0x08 bit(s) [3]
[14:23:00.503] P-02 rel 0x11/78 B: byte 15: 0x09→0x05 bit(s) [3]; byte 23: 0x90→0x74 bit(s) [7]
[14:23:00.518] P-02 rel 0x11/78 B: byte 15: 0x05→0x0E bit(s) [3]; byte 17: 0x08→0x06 bit(s) [3]
[14:23:00.533] P-02 rel 0x11/78 B: byte 15: 0x0E→0x18 bit(s) [4]; byte 17: 0x06→0x0B bit(s) [3]
[14:23:00.548] P-02 rel 0x11/78 B: byte 15: 0x18→0x15 bit(s) [3]
[14:23:00.563] P-02 rel 0x11/78 B: byte 19: 0xFE→0x00 bit(s) [4, 5, 6, 7]; byte 20: 0xFF→0x00 bit(s) [0, 1, 2, 3, 4, 5, 6, 7]
[14:23:00.578] P-02 rel 0x11/78 B: byte 17: 0x09→0x06 bit(s) [3]
[14:23:00.593] P-02 rel 0x11/78 B: byte 15: 0x17→0x1D bit(s) [3]
[14:23:00.623] P-02 rel 0x11/78 B: byte 15: 0x18→0x0D bit(s) [4]
[14:23:00.638] P-02 rel 0x11/78 B: byte 15: 0x0D→0x06 bit(s) [3]
[14:23:00.653] P-02 rel 0x11/78 B: byte 15: 0x06→0x0D bit(s) [3]
[14:23:01.013]      … 23 linha(s) suprimida(s) neste segundo
[14:23:01.013] P-02 rel 0x11/78 B: byte 15: 0xDA→0xCC bit(s) [4]; byte 17: 0x06→0x0A bit(s) [3]
[14:23:01.028] P-02 rel 0x11/78 B: byte 15: 0xCC→0xED bit(s) [5]; byte 17: 0x0A→0x07 bit(s) [3]; byte 21: 0x86→0x66 bit(s) [7]; byte 23: 0x46→0x92 bit(s) [7]; byte 26: 0x08→0x09 bit(s) [0]
[14:23:01.043] P-02 rel 0x11/78 B: byte 15: 0xED→0x11 bit(s) [3, 4, 5, 6, 7]; byte 16: 0xFF→0x00 bit(s) [0, 1, 2, 3, 4, 5, 6, 7]; byte 19: 0x0A→0x16 bit(s) [4]
[14:23:01.058] P-02 rel 0x11/78 B: byte 15: 0x11→0x3A bit(s) [3, 5]; byte 17: 0x06→0x0D bit(s) [3]; byte 19: 0x16→0x21 bit(s) [4, 5]
[14:23:01.073] P-02 rel 0x11/78 B: byte 15: 0x3A→0x66 bit(s) [3, 4, 6]; byte 19: 0x21→0x36 bit(s) [4]
[14:23:01.088] P-02 rel 0x11/78 B: byte 8: 0x00→0x01 bit(s) [0]; byte 15: 0x66→0x77 bit(s) [4]; byte 21: 0x3C→0xC6 bit(s) [7]; byte 22: 0xF9→0xF8 bit(s) [0]; byte 23: 0xB4→0x66 bit(s) [7]
[14:23:01.088] P-01 botão "Left Shoulder" [leftShoulder]: PRESSIONADO
[14:23:01.103] P-02 rel 0x11/78 B: byte 15: 0x77→0xA4 bit(s) [4, 6, 7]; byte 17: 0x0F→0xFF bit(s) [4, 5, 6, 7]; byte 18: 0x00→0xFF bit(s) [0, 1, 2, 3, 4, 5, 6, 7]; byte 19: 0x3E→0x45 bit(s) [4, 5, 6]
[14:23:01.118] P-02 rel 0x11/78 B: byte 15: 0xA4→0x7F bit(s) [3, 4, 6, 7]; byte 17: 0xFF→0xE7 bit(s) [3, 4]; byte 23: 0x4A→0xE2 bit(s) [7]; byte 24: 0x16→0x15 bit(s) [0, 1]; byte 26: 0x09→0x08 bit(s) [0]
[14:23:01.133] P-02 rel 0x11/78 B: byte 15: 0x7F→0x63 bit(s) [3, 4]; byte 17: 0xE7→0xDD bit(s) [3, 4, 5]; byte 19: 0x41→0x37 bit(s) [4, 5, 6]; byte 23: 0xE2→0x1C bit(s) [7]; byte 24: 0x15→0x16 bit(s) [0, 1]
[14:23:01.148] P-02 rel 0x11/78 B: byte 15: 0x63→0x48 bit(s) [3, 5]; byte 21: 0xFC→0x68 bit(s) [7]; byte 22: 0xF8→0xF9 bit(s) [0]; byte 23: 0x1C→0xEC bit(s) [7]; byte 24: 0x16→0x15 bit(s) [0, 1]
[14:23:01.163] P-02 rel 0x11/78 B: byte 15: 0x48→0x41 bit(s) [3]; byte 17: 0xDE→0xE7 bit(s) [3, 4, 5]; byte 19: 0x31→0x2E bit(s) [4]; byte 21: 0x68→0xC8 bit(s) [7]; byte 23: 0xEC→0x34 bit(s) [7]; byte 24: 0x15→0x16 bit(s) [0, 1]
[14:23:01.178] P-02 rel 0x11/78 B: byte 15: 0x41→0x20 bit(s) [5, 6]; byte 17: 0xE7→0xF3 bit(s) [4]; byte 23: 0x34→0x9C bit(s) [7]; byte 24: 0x16→0x15 bit(s) [0, 1]
[14:23:01.193] P-02 rel 0x11/78 B: byte 15: 0x20→0xDA bit(s) [3, 4, 5, 6, 7]; byte 16: 0x00→0xFF bit(s) [0, 1, 2, 3, 4, 5, 6, 7]; byte 17: 0xF3→0xFB bit(s) [3]; byte 21: 0xBC→0x20 bit(s) [7]; byte 22: 0xF9→0xFA bit(s) [0, 1]; byte 23: 0x9C→0x58 bit(s) [7]
[14:23:01.208] P-02 rel 0x11/78 B: byte 15: 0xDA→0xD1 bit(s) [3]; byte 19: 0x20→0x19 bit(s) [4, 5]
[14:23:01.223] P-02 rel 0x11/78 B: byte 15: 0xD1→0xB2 bit(s) [5, 6]
[14:23:01.238] P-02 rel 0x11/78 B: byte 15: 0xB2→0x91 bit(s) [5]; byte 19: 0x15→0x06 bit(s) [4]
[14:23:01.253] P-02 rel 0x11/78 B: byte 15: 0x91→0x8B bit(s) [3, 4]; byte 17: 0xFE→0x0C bit(s) [4, 5, 6, 7]; byte 18: 0xFF→0x00 bit(s) [0, 1, 2, 3, 4, 5, 6, 7]; byte 21: 0x10→0xD2 bit(s) [7]; byte 22: 0xFA→0xF9 bit(s) [0, 1]; byte 23: 0x40→0xA8 bit(s) [7]
[14:23:01.268] P-02 rel 0x11/78 B: byte 8: 0x01→0x00 bit(s) [0]; byte 15: 0x8B→0xB8 bit(s) [4, 5]; byte 17: 0x0C→0x23 bit(s) [3, 5]; byte 26: 0x08→0x09 bit(s) [0]
[14:23:01.268] P-01 botão "Left Shoulder" [leftShoulder]: solto
[14:23:01.283] P-02 rel 0x11/78 B: byte 15: 0xB8→0xA2 bit(s) [3, 4]; byte 17: 0x23→0x17 bit(s) [4, 5]; byte 19: 0x02→0xF7 bit(s) [4, 5, 6, 7]; byte 20: 0x00→0xFF bit(s) [0, 1, 2, 3, 4, 5, 6, 7]; byte 21: 0x84→0x1C bit(s) [7]; byte 22: 0xF9→0xFA bit(s) [0, 1]; byte 23: 0xCA→0x10 bit(s) [7]; byte 24: 0x15→0x16 bit(s) [0, 1]; byte 26: 0x09→0x08 bit(s) [0]
[14:23:01.298] P-02 rel 0x11/78 B: byte 15: 0xA2→0x9C bit(s) [3, 4, 5]; byte 17: 0x17→0x21 bit(s) [4, 5]; byte 21: 0x1C→0xC4 bit(s) [7]; byte 22: 0xFA→0xF9 bit(s) [0, 1]
[14:23:01.313] P-02 rel 0x11/78 B: byte 15: 0x9C→0xCC bit(s) [4, 6]; byte 26: 0x08→0x09 bit(s) [0]
[14:23:01.328] P-02 rel 0x11/78 B: byte 15: 0xCC→0xF7 bit(s) [3, 4, 5]; byte 17: 0x20→0x1B bit(s) [3, 4, 5]; byte 19: 0xFE→0x03 bit(s) [4, 5, 6, 7]; byte 20: 0xFF→0x00 bit(s) [0, 1, 2, 3, 4, 5, 6, 7]; byte 21: 0xAE→0x54 bit(s) [7]
[14:23:01.357] P-02 rel 0x11/78 B: byte 15: 0xF7→0x28 bit(s) [3, 4, 6, 7]; byte 16: 0xFF→0x00 bit(s) [0, 1, 2, 3, 4, 5, 6, 7]; byte 17: 0x1B→0x25 bit(s) [3, 4, 5]; byte 19: 0x03→0x14 bit(s) [4]; byte 21: 0x54→0xDE bit(s) [7]
[14:23:01.373] P-02 rel 0x11/78 B: byte 8: 0x00→0x02 bit(s) [1]; byte 15: 0x28→0x3E bit(s) [4]; byte 17: 0x25→0x10 bit(s) [4, 5]; byte 21: 0xDE→0x48 bit(s) [7]; byte 23: 0x50→0x80 bit(s) [7]
[14:23:01.373] P-01 botão "Right Shoulder" [rightShoulder]: PRESSIONADO
[14:23:01.388] P-02 rel 0x11/78 B: byte 15: 0x3E→0x6D bit(s) [4, 6]; byte 17: 0x10→0x0D bit(s) [3, 4]; byte 19: 0x10→0x0F bit(s) [4]; byte 21: 0x48→0xF2 bit(s) [7]; byte 22: 0xF9→0xF8 bit(s) [0]; byte 23: 0x80→0x68 bit(s) [7]
[14:23:01.403] P-02 rel 0x11/78 B: byte 17: 0x0D→0x1D bit(s) [4]; byte 21: 0xF2→0x78 bit(s) [7]; byte 22: 0xF8→0xF9 bit(s) [0]; byte 23: 0x68→0xBA bit(s) [7]; byte 24: 0x16→0x15 bit(s) [0, 1]; byte 26: 0x09→0x08 bit(s) [0]
[14:23:01.418] P-02 rel 0x11/78 B: byte 15: 0x6F→0x0B bit(s) [5, 6]
[14:23:01.433] P-02 rel 0x11/78 B: byte 15: 0x0B→0xBA bit(s) [4, 5, 7]; byte 16: 0x00→0xFF bit(s) [0, 1, 2, 3, 4, 5, 6, 7]; byte 17: 0x1A→0x0D bit(s) [4]
[14:23:01.448] P-02 rel 0x11/78 B: byte 15: 0xBA→0xB0 bit(s) [3]; byte 17: 0x0D→0xF6 bit(s) [3, 4, 5, 6, 7]; byte 18: 0x00→0xFF bit(s) [0, 1, 2, 3, 4, 5, 6, 7]
[14:23:01.463] P-02 rel 0x11/78 B: byte 17: 0xF6→0xDA bit(s) [3, 5]; byte 23: 0xFE→0x5A bit(s) [7]; byte 24: 0x15→0x16 bit(s) [0, 1]
[14:23:01.478] P-02 rel 0x11/78 B: byte 15: 0xB7→0xAC bit(s) [3, 4]; byte 17: 0xDA→0xBC bit(s) [5, 6]; byte 19: 0x0D→0x28 bit(s) [5]
[14:23:01.493] P-02 rel 0x11/78 B: byte 15: 0xAC→0xBA bit(s) [4]; byte 19: 0x28→0x41 bit(s) [5, 6]; byte 26: 0x08→0x09 bit(s) [0]
[14:23:01.537] P-02 rel 0x11/78 B: byte 17: 0xBC→0xD4 bit(s) [3, 5, 6]; byte 19: 0x41→0x52 bit(s) [4]; byte 21: 0x4E→0x9A bit(s) [7]; byte 26: 0x09→0x08 bit(s) [0]
[14:23:01.553] P-02 rel 0x11/78 B: byte 8: 0x02→0x00 bit(s) [1]; byte 15: 0xBD→0xA7 bit(s) [3, 4]; byte 17: 0xD4→0xF3 bit(s) [5]; byte 21: 0x9A→0x1A bit(s) [7]; byte 22: 0xF9→0xFA bit(s) [0, 1]; byte 23: 0x18→0xEE bit(s) [7]; byte 24: 0x16→0x15 bit(s) [0, 1]; byte 26: 0x08→0x09 bit(s) [0]
[14:23:01.553] P-01 botão "Right Shoulder" [rightShoulder]: solto
[14:23:01.568] P-02 rel 0x11/78 B: byte 15: 0xA7→0x11 bit(s) [4, 5, 7]; byte 16: 0xFF→0x00 bit(s) [0, 1, 2, 3, 4, 5, 6, 7]; byte 17: 0xF3→0xEE bit(s) [3, 4]; byte 19: 0x58→0x38 bit(s) [5, 6]; byte 22: 0xFA→0xF9 bit(s) [0, 1]; byte 23: 0xEE→0x3E bit(s) [7]; byte 24: 0x15→0x16 bit(s) [0, 1]
[14:23:01.583] P-02 rel 0x11/78 B: byte 15: 0x11→0x5A bit(s) [3, 6]; byte 21: 0x56→0xC6 bit(s) [7]; byte 23: 0x3E→0xC8 bit(s) [7]; byte 26: 0x09→0x08 bit(s) [0]
[14:23:01.598] P-02 rel 0x11/78 B: byte 15: 0x5A→0x84 bit(s) [3, 4, 6, 7]; byte 17: 0xEE→0x07 bit(s) [3, 5, 6, 7]; byte 18: 0xFF→0x00 bit(s) [0, 1, 2, 3, 4, 5, 6, 7]; byte 19: 0x34→0x28 bit(s) [4]; byte 21: 0xC6→0x36 bit(s) [7]; byte 22: 0xF9→0xFA bit(s) [0, 1]; byte 24: 0x16→0x15 bit(s) [0, 1]
[14:23:01.613] P-02 rel 0x11/78 B: byte 8: 0x00→0x04 bit(s) [2]; byte 10: 0x00→0x95 bit(s) [0, 2, 4, 7]; byte 15: 0x84→0x9D bit(s) [3, 4]; byte 17: 0x07→0x14 bit(s) [4]; byte 19: 0x28→0x1E bit(s) [4, 5]; byte 21: 0x36→0xE2 bit(s) [7]; byte 22: 0xFA→0xF9 bit(s) [0, 1]
[14:23:01.613] P-01 botão "Left Trigger" [leftTrigger]: PRESSIONADO
[14:23:01.628] P-02 rel 0x11/78 B: byte 10: 0x95→0xFF bit(s) [1, 3, 5, 6]; byte 15: 0x9D→0xDF bit(s) [6]; byte 17: 0x14→0x4B bit(s) [3, 4, 6]; byte 19: 0x1E→0x2A bit(s) [4, 5]; byte 24: 0x15→0x16 bit(s) [0, 1]
[14:23:01.657] P-02 rel 0x11/78 B: byte 15: 0xDF→0x11 bit(s) [3, 6, 7]; byte 16: 0x00→0x01 bit(s) [0]; byte 17: 0x4B→0x3E bit(s) [4, 5, 6]; byte 22: 0xF9→0xFA bit(s) [0, 1]; byte 26: 0x0A→0x09 bit(s) [0]
[14:23:01.838] P-01 botão "Left Trigger" [leftTrigger]: solto
[14:23:01.868] P-01 botão "Right Trigger" [rightTrigger]: PRESSIONADO
[14:23:02.002]      … 21 linha(s) suprimida(s) neste segundo
[14:23:02.002] P-02 rel 0x11/78 B: byte 15: 0x61→0xFC bit(s) [3, 4, 7]; byte 16: 0xFF→0xFE bit(s) [0]; byte 17: 0x07→0x0A bit(s) [3]; byte 19: 0xCC→0xD6 bit(s) [4]; byte 23: 0xE6→0x10 bit(s) [7]; byte 24: 0x14→0x15 bit(s) [0]
[14:23:02.018] P-02 rel 0x11/78 B: byte 15: 0xFC→0xF3 bit(s) [3]; byte 17: 0x0A→0x13 bit(s) [3, 4]; byte 19: 0xD6→0xE4 bit(s) [4, 5]; byte 21: 0x34→0xF8 bit(s) [7]; byte 22: 0xF9→0xF8 bit(s) [0]; byte 24: 0x15→0x16 bit(s) [0, 1]; byte 26: 0x07→0x06 bit(s) [0]
[14:23:02.033] P-02 rel 0x11/78 B: byte 15: 0xF3→0x33 bit(s) [6, 7]; byte 16: 0xFE→0xFF bit(s) [0]; byte 19: 0xE4→0x00 bit(s) [5, 6, 7]; byte 20: 0xFF→0x00 bit(s) [0, 1, 2, 3, 4, 5, 6, 7]; byte 21: 0xF8→0x38 bit(s) [7]; byte 22: 0xF8→0xF9 bit(s) [0]; byte 24: 0x16→0x17 bit(s) [0]; byte 26: 0x06→0x0B bit(s) [0]
[14:23:02.048] P-02 rel 0x11/78 B: byte 8: 0x08→0x00 bit(s) [3]; byte 11: 0xFF→0x00 bit(s) [0, 1, 2, 3, 4, 5, 6, 7]; byte 15: 0x33→0xFC bit(s) [3, 6, 7]; byte 16: 0xFF→0xFE bit(s) [0]; byte 17: 0x10→0xDB bit(s) [3, 6, 7]; byte 18: 0x00→0xFF bit(s) [0, 1, 2, 3, 4, 5, 6, 7]; byte 19: 0x00→0x1E bit(s) [4]; byte 21: 0x38→0xBA bit(s) [7]; byte 22: 0xF9→0xF8 bit(s) [0]; byte 23: 0x24→0x82 bit(s) [7]; byte 24: 0x17→0x15 bit(s) [1]
[14:23:02.048] P-01 botão "Right Trigger" [rightTrigger]: solto
[14:23:02.063] P-02 rel 0x11/78 B: byte 15: 0xFC→0xDE bit(s) [5]; byte 17: 0xDB→0x1D bit(s) [6, 7]; byte 18: 0xFF→0x00 bit(s) [0, 1, 2, 3, 4, 5, 6, 7]; byte 19: 0x1E→0x34 bit(s) [5]; byte 24: 0x15→0x16 bit(s) [0, 1]; byte 26: 0x07→0x08 bit(s) [0]
[14:23:02.078] P-02 rel 0x11/78 B: byte 17: 0x1D→0xF2 bit(s) [3, 5, 6, 7]; byte 18: 0x00→0xFF bit(s) [0, 1, 2, 3, 4, 5, 6, 7]; byte 21: 0xE4→0x6C bit(s) [7]; byte 22: 0xF8→0xF9 bit(s) [0]; byte 24: 0x16→0x15 bit(s) [0, 1]; byte 26: 0x08→0x0B bit(s) [0]
[14:23:02.093] P-02 rel 0x11/78 B: byte 15: 0xDC→0x44 bit(s) [3, 4, 7]; byte 16: 0xFE→0xFF bit(s) [0]; byte 19: 0x39→0x2C bit(s) [4]; byte 21: 0x6C→0x9E bit(s) [7]; byte 26: 0x0B→0x08 bit(s) [0]
[14:23:02.108] P-02 rel 0x11/78 B: byte 15: 0x44→0x82 bit(s) [6, 7]; byte 17: 0xF6→0x17 bit(s) [5, 6, 7]; byte 18: 0xFF→0x00 bit(s) [0, 1, 2, 3, 4, 5, 6, 7]; byte 19: 0x2C→0x1D bit(s) [4, 5]; byte 21: 0x9E→0x0C bit(s) [7]; byte 22: 0xF9→0xFA bit(s) [0, 1]; byte 23: 0xC2→0x1C bit(s) [7]; byte 24: 0x15→0x16 bit(s) [0, 1]
[14:23:02.123] P-02 rel 0x11/78 B: byte 15: 0x82→0x75 bit(s) [4, 5, 6, 7]; byte 17: 0x17→0x18 bit(s) [3]; byte 23: 0x1C→0xD4 bit(s) [7]; byte 24: 0x16→0x15 bit(s) [0, 1]; byte 26: 0x08→0x09 bit(s) [0]
[14:23:02.138] P-02 rel 0x11/78 B: byte 15: 0x75→0x51 bit(s) [5]; byte 17: 0x18→0x14 bit(s) [3]; byte 19: 0x15→0x0A bit(s) [4]; byte 21: 0x22→0xF0 bit(s) [7]; byte 22: 0xFA→0xF9 bit(s) [0, 1]
[14:23:02.153] P-02 rel 0x11/78 B: byte 15: 0x51→0x32 bit(s) [5, 6]; byte 23: 0xDC→0x6E bit(s) [7]; byte 24: 0x15→0x16 bit(s) [0, 1]
[14:23:02.168] P-02 rel 0x11/78 B: byte 21: 0xF2→0x00 bit(s) [7]; byte 22: 0xF9→0xFA bit(s) [0, 1]; byte 23: 0x6E→0xEE bit(s) [7]
[14:23:02.183] P-02 rel 0x11/78 B: byte 15: 0x35→0x41 bit(s) [4, 5, 6]; byte 17: 0x10→0x0C bit(s) [3, 4]; byte 21: 0x00→0xB0 bit(s) [7]; byte 22: 0xFA→0xF9 bit(s) [0, 1]; byte 23: 0xEE→0x48 bit(s) [7]; byte 24: 0x16→0x17 bit(s) [0]
[14:23:02.198] P-02 rel 0x11/78 B: byte 15: 0x41→0x4E bit(s) [3]
[14:23:02.213] P-02 rel 0x11/78 B: byte 15: 0x4E→0x6C bit(s) [5]; byte 21: 0x98→0x5A bit(s) [7]; byte 23: 0x70→0xD0 bit(s) [7]; byte 26: 0x09→0x0A bit(s) [0]
[14:23:02.228] P-02 rel 0x11/78 B: byte 15: 0x6C→0x9A bit(s) [4, 5, 6, 7]; byte 19: 0x0D→0x12 bit(s) [4]
[14:23:02.243] P-02 rel 0x11/78 B: byte 15: 0x9A→0xB0 bit(s) [3, 5]; byte 19: 0x12→0x0F bit(s) [4]
[14:23:02.258] P-02 rel 0x11/78 B: byte 15: 0xB0→0xCE bit(s) [3, 4, 5, 6]; byte 19: 0x0F→0x11 bit(s) [4]; byte 23: 0x92→0x4C bit(s) [7]; byte 26: 0x0A→0x09 bit(s) [0]
[14:23:02.273] P-02 rel 0x11/78 B: byte 15: 0xCE→0xE9 bit(s) [5]; byte 21: 0x00→0xEC bit(s) [7]; byte 22: 0xF9→0xF8 bit(s) [0]
[14:23:02.288] P-02 rel 0x11/78 B: byte 15: 0xE9→0xDB bit(s) [4, 5]; byte 21: 0xEC→0x28 bit(s) [7]; byte 22: 0xF8→0xF9 bit(s) [0]
[14:23:02.303] P-02 rel 0x11/78 B: byte 15: 0xDB→0xCC bit(s) [4]; byte 19: 0x11→0x0C bit(s) [4]
[14:23:02.318] P-02 rel 0x11/78 B: byte 15: 0xCC→0xD4 bit(s) [3, 4]; byte 17: 0x0B→0x06 bit(s) [3]; byte 26: 0x09→0x0A bit(s) [0]
[14:23:02.333] P-02 rel 0x11/78 B: byte 21: 0x6E→0x86 bit(s) [7]
[14:23:02.348] P-02 rel 0x11/78 B: byte 15: 0xD5→0xD8 bit(s) [3]; byte 19: 0x08→0xFE bit(s) [4, 5, 6, 7]; byte 20: 0x00→0xFF bit(s) [0, 1, 2, 3, 4, 5, 6, 7]; byte 21: 0x86→0x60 bit(s) [7]; byte 23: 0x14→0xE4 bit(s) [7]; byte 24: 0x17→0x16 bit(s) [0]
[14:23:02.363] P-02 rel 0x11/78 B: byte 15: 0xD8→0xE8 bit(s) [4, 5]; byte 21: 0x60→0x90 bit(s) [7]; byte 23: 0xE4→0x14 bit(s) [7]; byte 24: 0x16→0x17 bit(s) [0]; byte 26: 0x0A→0x09 bit(s) [0]
[14:23:02.378] P-02 rel 0x11/78 B: byte 17: 0x05→0x08 bit(s) [3]
[14:23:02.393] P-02 rel 0x11/78 B: byte 19: 0xFA→0x00 bit(s) [4, 5, 6, 7]; byte 20: 0xFF→0x00 bit(s) [0, 1, 2, 3, 4, 5, 6, 7]; byte 26: 0x09→0x0A bit(s) [0]
[14:23:02.408] P-02 rel 0x11/78 B: byte 21: 0x8C→0x7C bit(s) [7]
[14:23:02.423] P-02 rel 0x11/78 B: byte 15: 0xED→0xF2 bit(s) [3, 4]; byte 17: 0x09→0x06 bit(s) [3]
[14:23:02.438] P-02 rel 0x11/78 B: byte 19: 0x0A→0x11 bit(s) [4]; byte 21: 0x58→0x86 bit(s) [7]; byte 23: 0x10→0xEE bit(s) [7]; byte 24: 0x17→0x16 bit(s) [0]
[14:23:02.453] P-02 rel 0x11/78 B: byte 17: 0x06→0x0A bit(s) [3]; byte 19: 0x11→0x0F bit(s) [4]; byte 23: 0xEE→0x06 bit(s) [7]; byte 24: 0x16→0x17 bit(s) [0]
[14:23:02.468] P-02 rel 0x11/78 B: byte 19: 0x0F→0x17 bit(s) [4]; byte 21: 0x84→0x54 bit(s) [7]; byte 23: 0x06→0xFC bit(s) [7]; byte 24: 0x17→0x16 bit(s) [0]
[14:23:02.483] P-02 rel 0x11/78 B: byte 17: 0x0B→0x07 bit(s) [3]; byte 26: 0x0A→0x09 bit(s) [0]
[14:23:02.498] P-02 rel 0x11/78 B: byte 17: 0x07→0x09 bit(s) [3]; byte 21: 0x6C→0x88 bit(s) [7]; byte 23: 0xFC→0x0C bit(s) [7]; byte 24: 0x16→0x17 bit(s) [0]
[14:23:02.513] P-02 rel 0x11/78 B: byte 15: 0xF3→0xEB bit(s) [3, 4]; byte 17: 0x09→0x02 bit(s) [3]; byte 19: 0x12→0x0D bit(s) [4]; byte 21: 0x88→0x76 bit(s) [7]
[14:23:02.543] P-02 rel 0x11/78 B: byte 15: 0xEE→0xF2 bit(s) [3, 4]
[14:23:02.571] P-02 rel 0x11/78 B: byte 15: 0xF2→0xFC bit(s) [3]; byte 21: 0x6E→0xA2 bit(s) [7]
[14:23:02.588] P-02 rel 0x11/78 B: byte 15: 0xFC→0xF7 bit(s) [3]
[14:23:02.603] P-02 rel 0x11/78 B: byte 15: 0xF7→0xDE bit(s) [3, 5]; byte 17: 0x05→0x08 bit(s) [3]
[14:23:02.618] P-02 rel 0x11/78 B: byte 15: 0xDE→0xD1 bit(s) [3]; byte 26: 0x09→0x0A bit(s) [0]
[14:23:03.023]      … 20 linha(s) suprimida(s) neste segundo
[14:23:03.023] P-02 rel 0x11/78 B: byte 15: 0xEA→0xE3 bit(s) [3]; byte 19: 0x06→0xFF bit(s) [4, 5, 6, 7]; byte 20: 0x00→0xFF bit(s) [0, 1, 2, 3, 4, 5, 6, 7]
[14:23:03.037] P-02 rel 0x11/78 B: byte 17: 0x09→0x06 bit(s) [3]
[14:23:03.053] P-02 rel 0x11/78 B: byte 17: 0x06→0x08 bit(s) [3]
[14:23:03.068] P-02 rel 0x11/78 B: byte 15: 0xE2→0xDD bit(s) [3, 4, 5]
[14:23:03.098] P-02 rel 0x11/78 B: byte 15: 0xDC→0xD6 bit(s) [3]
[14:23:03.113] P-02 rel 0x11/78 B: byte 15: 0xD6→0xDE bit(s) [3]; byte 17: 0x09→0x06 bit(s) [3]; byte 19: 0xFD→0x00 bit(s) [4, 5, 6, 7]; byte 20: 0xFF→0x00 bit(s) [0, 1, 2, 3, 4, 5, 6, 7]
[14:23:03.143] P-02 rel 0x11/78 B: byte 15: 0xDA→0xCA bit(s) [4]
[14:23:03.158] P-02 rel 0x11/78 B: byte 15: 0xCA→0xC0 bit(s) [3]
[14:23:03.188] P-02 rel 0x11/78 B: byte 15: 0xC5→0xCB bit(s) [3]; byte 23: 0xBA→0x08 bit(s) [7]; byte 24: 0x17→0x18 bit(s) [0, 1, 2, 3]
[14:23:03.217] P-02 rel 0x11/78 B: byte 15: 0xCB→0xDC bit(s) [4]
[14:23:03.233] P-02 rel 0x11/78 B: byte 15: 0xDC→0x02 bit(s) [3, 4, 6, 7]; byte 16: 0xFF→0x00 bit(s) [0, 1, 2, 3, 4, 5, 6, 7]
[14:23:03.248] P-02 rel 0x11/78 B: byte 15: 0x02→0x12 bit(s) [4]; byte 17: 0x03→0x08 bit(s) [3]; byte 23: 0x18→0xFC bit(s) [7]; byte 24: 0x18→0x17 bit(s) [0, 1, 2, 3]
[14:23:03.263] P-02 rel 0x11/78 B: byte 15: 0x12→0x00 bit(s) [4]; byte 17: 0x08→0x02 bit(s) [3]; byte 19: 0x01→0xF3 bit(s) [4, 5, 6, 7]; byte 20: 0x00→0xFF bit(s) [0, 1, 2, 3, 4, 5, 6, 7]; byte 21: 0x9C→0x6C bit(s) [7]; byte 23: 0xFC→0x0C bit(s) [7]; byte 24: 0x17→0x18 bit(s) [0, 1, 2, 3]; byte 26: 0x0A→0x0B bit(s) [0]
[14:23:03.278] P-02 rel 0x11/78 B: byte 15: 0x00→0xE5 bit(s) [5, 6, 7]; byte 16: 0x00→0xFF bit(s) [0, 1, 2, 3, 4, 5, 6, 7]; byte 17: 0x02→0xF3 bit(s) [4, 5, 6, 7]; byte 18: 0x00→0xFF bit(s) [0, 1, 2, 3, 4, 5, 6, 7]; byte 19: 0xF3→0xED bit(s) [4]; byte 23: 0x0C→0xBC bit(s) [7]; byte 24: 0x18→0x17 bit(s) [0, 1, 2, 3]; byte 26: 0x0B→0x0A bit(s) [0]
[14:23:03.293] P-02 rel 0x11/78 B: byte 15: 0xE5→0xD5 bit(s) [4, 5]
[14:23:03.308] P-02 rel 0x11/78 B: byte 15: 0xD5→0xBC bit(s) [3, 5, 6]; byte 17: 0xF4→0xEC bit(s) [3, 4]
[14:23:03.323] P-02 rel 0x11/78 B: byte 15: 0xBC→0xAE bit(s) [4]; byte 17: 0xEC→0xF1 bit(s) [3, 4]; byte 23: 0x8E→0x04 bit(s) [7]; byte 24: 0x17→0x18 bit(s) [0, 1, 2, 3]
[14:23:03.338] P-02 rel 0x11/78 B: byte 15: 0xAE→0xCB bit(s) [5, 6]; byte 26: 0x0A→0x0B bit(s) [0]
[14:23:03.353] P-02 rel 0x11/78 B: byte 15: 0xCB→0xF2 bit(s) [3, 4, 5]; byte 17: 0xF1→0xE2 bit(s) [4]; byte 19: 0xEE→0xFB bit(s) [4]; byte 26: 0x0B→0x0C bit(s) [0]
[14:23:03.368] P-02 rel 0x11/78 B: byte 15: 0xF2→0x14 bit(s) [5, 6, 7]; byte 16: 0xFF→0x00 bit(s) [0, 1, 2, 3, 4, 5, 6, 7]; byte 17: 0xE2→0xD9 bit(s) [3, 4, 5]; byte 19: 0xFB→0x01 bit(s) [4, 5, 6, 7]; byte 20: 0xFF→0x00 bit(s) [0, 1, 2, 3, 4, 5, 6, 7]; byte 26: 0x0C→0x0B bit(s) [0]
[14:23:03.383] P-02 rel 0x11/78 B: byte 15: 0x14→0x8A bit(s) [3, 4, 7]; byte 17: 0xD9→0xE8 bit(s) [4, 5]; byte 19: 0x01→0xFA bit(s) [4, 5, 6, 7]; byte 20: 0x00→0xFF bit(s) [0, 1, 2, 3, 4, 5, 6, 7]; byte 21: 0x04→0xEC bit(s) [7]; byte 23: 0x48→0x80 bit(s) [7]; byte 24: 0x18→0x17 bit(s) [0, 1, 2, 3]; byte 26: 0x0B→0x0A bit(s) [0]
[14:23:03.398] P-02 rel 0x11/78 B: byte 15: 0x8A→0x27 bit(s) [3, 5, 7]; byte 17: 0xE8→0xC8 bit(s) [5]; byte 19: 0xFA→0x25 bit(s) [4, 6, 7]; byte 20: 0xFF→0x00 bit(s) [0, 1, 2, 3, 4, 5, 6, 7]; byte 21: 0xEC→0x6E bit(s) [7]; byte 23: 0x80→0x00 bit(s) [7]; byte 26: 0x0A→0x09 bit(s) [0]
[14:23:03.413] P-02 rel 0x11/78 B: byte 15: 0x27→0x57 bit(s) [4, 5, 6]; byte 17: 0xC8→0xE6 bit(s) [3, 5]; byte 19: 0x25→0x17 bit(s) [4, 5]; byte 21: 0x6E→0xE4 bit(s) [7]; byte 23: 0x00→0xB2 bit(s) [7]; byte 26: 0x09→0x0A bit(s) [0]
[14:23:03.428] P-02 rel 0x11/78 B: byte 15: 0x57→0xFE bit(s) [3, 5, 7]; byte 16: 0x00→0xFF bit(s) [0, 1, 2, 3, 4, 5, 6, 7]; byte 17: 0xE6→0xDB bit(s) [3, 4, 5]; byte 23: 0xB2→0x5A bit(s) [7]
[14:23:03.443] P-02 rel 0x11/78 B: byte 17: 0xDB→0xE3 bit(s) [3, 4, 5]
[14:23:03.458] P-02 rel 0x11/78 B: byte 15: 0xF9→0xF1 bit(s) [3]; byte 19: 0x11→0x0E bit(s) [4]; byte 23: 0x46→0xC4 bit(s) [7]
[14:23:03.473] P-02 rel 0x11/78 B: byte 15: 0xF1→0x04 bit(s) [4, 5, 6, 7]; byte 16: 0xFF→0x00 bit(s) [0, 1, 2, 3, 4, 5, 6, 7]; byte 17: 0xE6→0xE9 bit(s) [3]; byte 21: 0xE8→0x06 bit(s) [7]; byte 22: 0xF9→0xFA bit(s) [0, 1]
[14:23:03.488] P-02 rel 0x11/78 B: byte 15: 0x04→0x1C bit(s) [3, 4]; byte 17: 0xE9→0xF4 bit(s) [3, 4]; byte 23: 0xA4→0x76 bit(s) [7]
[14:23:03.503] P-02 rel 0x11/78 B: byte 15: 0x1C→0x39 bit(s) [5]; byte 17: 0xF4→0xFC bit(s) [3]; byte 21: 0x1C→0xF2 bit(s) [7]; byte 22: 0xFA→0xF9 bit(s) [0, 1]; byte 23: 0x76→0xA6 bit(s) [7]
[14:23:03.518] P-02 rel 0x11/78 B: byte 15: 0x39→0x4B bit(s) [4, 5, 6]; byte 17: 0xFC→0x01 bit(s) [3, 4, 5, 6, 7]; byte 18: 0xFF→0x00 bit(s) [0, 1, 2, 3, 4, 5, 6, 7]
[14:23:03.533] P-02 rel 0x11/78 B: byte 19: 0x00→0xFB bit(s) [4, 5, 6, 7]; byte 20: 0x00→0xFF bit(s) [0, 1, 2, 3, 4, 5, 6, 7]
[14:23:03.548] P-02 rel 0x11/78 B: byte 15: 0x4D→0x3C bit(s) [4, 5, 6]; byte 17: 0x06→0x08 bit(s) [3]; byte 23: 0x88→0x58 bit(s) [7]
[14:23:03.563] P-02 rel 0x11/78 B: byte 15: 0x3C→0x41 bit(s) [3, 4, 5, 6]; byte 23: 0x58→0x8A bit(s) [7]
[14:23:03.578] P-02 rel 0x11/78 B: byte 17: 0x0D→0x10 bit(s) [3, 4]; byte 23: 0x8A→0x08 bit(s) [7]
[14:23:03.593] P-02 rel 0x11/78 B: byte 19: 0xF3→0xEF bit(s) [4]; byte 23: 0x08→0xB6 bit(s) [7]
[14:23:03.622] P-02 rel 0x11/78 B: byte 17: 0x14→0x19 bit(s) [3]; byte 19: 0xEF→0xF1 bit(s) [4]; byte 21: 0x98→0x7C bit(s) [7]; byte 23: 0xB6→0x72 bit(s) [7]
[14:23:03.638] P-02 rel 0x11/78 B: byte 15: 0x42→0x3B bit(s) [3, 4, 5, 6]; byte 17: 0x19→0x13 bit(s) [3]; byte 23: 0x72→0x88 bit(s) [7]
[14:23:03.653] P-02 rel 0x11/78 B: byte 15: 0x3B→0x30 bit(s) [3]; byte 17: 0x13→0x08 bit(s) [3, 4]
[14:23:03.683] P-02 rel 0x11/78 B: byte 15: 0x36→0x3D bit(s) [3]
[14:23:03.698] P-02 rel 0x11/78 B: byte 15: 0x3D→0x36 bit(s) [3]; byte 23: 0x8C→0x7A bit(s) [7]
[14:23:04.013]      … 20 linha(s) suprimida(s) neste segundo
[14:23:04.013] P-02 rel 0x11/78 B: byte 17: 0x06→0x0A bit(s) [3]
[14:23:04.028] P-02 rel 0x11/78 B: byte 15: 0xFF→0x04 bit(s) [3, 4, 5, 6, 7]; byte 16: 0xFF→0x00 bit(s) [0, 1, 2, 3, 4, 5, 6, 7]; byte 26: 0x09→0x0A bit(s) [0]
[14:23:04.043] P-02 rel 0x11/78 B: byte 15: 0x04→0x0D bit(s) [3]; byte 19: 0x08→0x12 bit(s) [4]
[14:23:04.058] P-02 rel 0x11/78 B: byte 15: 0x0D→0xFF bit(s) [4, 5, 6, 7]; byte 16: 0x00→0xFF bit(s) [0, 1, 2, 3, 4, 5, 6, 7]; byte 17: 0x08→0x06 bit(s) [3]; byte 26: 0x0A→0x09 bit(s) [0]
[14:23:04.073] P-02 rel 0x11/78 B: byte 15: 0xFF→0xF0 bit(s) [3]; byte 23: 0x20→0xF0 bit(s) [7]; byte 24: 0x17→0x16 bit(s) [0]; byte 26: 0x09→0x0A bit(s) [0]
[14:23:04.088] P-02 rel 0x11/78 B: byte 23: 0xF0→0x04 bit(s) [7]; byte 24: 0x16→0x17 bit(s) [0]; byte 26: 0x0A→0x09 bit(s) [0]
[14:23:04.103] P-02 rel 0x11/78 B: byte 15: 0xF5→0xFE bit(s) [3]; byte 21: 0x70→0x88 bit(s) [7]; byte 26: 0x09→0x0A bit(s) [0]
[14:23:04.118] P-02 rel 0x11/78 B: byte 21: 0x88→0x64 bit(s) [7]
[14:23:04.133] P-02 rel 0x11/78 B: byte 19: 0x10→0x0F bit(s) [4]; byte 26: 0x0A→0x09 bit(s) [0]
[14:23:04.163] P-02 rel 0x11/78 B: byte 21: 0x6E→0x8A bit(s) [7]
[14:23:04.178] P-02 rel 0x11/78 B: byte 21: 0x8A→0x7C bit(s) [7]; byte 23: 0x16→0xFC bit(s) [7]; byte 24: 0x17→0x16 bit(s) [0]
[14:23:04.193] P-02 rel 0x11/78 B: byte 15: 0xF9→0xF2 bit(s) [3]; byte 21: 0x7C→0x80 bit(s) [7]; byte 23: 0xFC→0x12 bit(s) [7]; byte 24: 0x16→0x17 bit(s) [0]
[14:23:04.208] P-02 rel 0x11/78 B: byte 15: 0xF2→0xEE bit(s) [3, 4]; byte 21: 0x80→0x4C bit(s) [7]
[14:23:04.223] P-02 rel 0x11/78 B: byte 15: 0xEE→0xF2 bit(s) [3, 4]
[14:23:04.238] P-02 rel 0x11/78 B: byte 15: 0xF2→0xFF bit(s) [3]
[14:23:04.253] P-02 rel 0x11/78 B: byte 15: 0xFF→0x0A bit(s) [4, 5, 6, 7]; byte 16: 0xFF→0x00 bit(s) [0, 1, 2, 3, 4, 5, 6, 7]
[14:23:04.268] P-02 rel 0x11/78 B: byte 15: 0x0A→0x02 bit(s) [3]
[14:23:04.283] P-02 rel 0x11/78 B: byte 15: 0x02→0xFC bit(s) [3, 4, 5, 6, 7]; byte 16: 0x00→0xFF bit(s) [0, 1, 2, 3, 4, 5, 6, 7]; byte 21: 0x74→0x80 bit(s) [7]
[14:23:04.298] P-02 rel 0x11/78 B: byte 19: 0x0F→0x11 bit(s) [4]; byte 26: 0x09→0x0A bit(s) [0]
[14:23:04.313] P-02 rel 0x11/78 B: byte 21: 0x8A→0x64 bit(s) [7]
[14:23:04.343] P-02 rel 0x11/78 B: byte 15: 0xFC→0xF3 bit(s) [3]; byte 17: 0x01→0xFE bit(s) [3, 4, 5, 6, 7]; byte 18: 0x00→0xFF bit(s) [0, 1, 2, 3, 4, 5, 6, 7]; byte 21: 0x60→0x80 bit(s) [7]
[14:23:04.358] P-02 rel 0x11/78 B: byte 15: 0xF3→0xFA bit(s) [3]; byte 17: 0xFE→0x01 bit(s) [3, 4, 5, 6, 7]; byte 18: 0xFF→0x00 bit(s) [0, 1, 2, 3, 4, 5, 6, 7]; byte 19: 0x11→0x0D bit(s) [4]; byte 26: 0x0A→0x09 bit(s) [0]
[14:23:04.388] P-02 rel 0x11/78 B: byte 15: 0xFF→0x02 bit(s) [3, 4, 5, 6, 7]; byte 16: 0xFF→0x00 bit(s) [0, 1, 2, 3, 4, 5, 6, 7]
[14:23:04.403] P-02 rel 0x11/78 B: byte 15: 0x02→0xFD bit(s) [3, 4, 5, 6, 7]; byte 16: 0x00→0xFF bit(s) [0, 1, 2, 3, 4, 5, 6, 7]; byte 21: 0x80→0x7E bit(s) [7]
[14:23:04.418] P-02 rel 0x11/78 B: byte 19: 0x01→0xFD bit(s) [4, 5, 6, 7]; byte 20: 0x00→0xFF bit(s) [0, 1, 2, 3, 4, 5, 6, 7]; byte 21: 0x7E→0x8A bit(s) [7]
[14:23:04.433] P-02 rel 0x11/78 B: byte 21: 0x8A→0x7C bit(s) [7]; byte 23: 0x1C→0xF2 bit(s) [7]; byte 24: 0x17→0x16 bit(s) [0]
[14:23:04.448] P-02 rel 0x11/78 B: byte 23: 0xF2→0x08 bit(s) [7]; byte 24: 0x16→0x17 bit(s) [0]
[14:23:04.463] P-02 rel 0x11/78 B: byte 19: 0xFF→0x03 bit(s) [4, 5, 6, 7]; byte 20: 0xFF→0x00 bit(s) [0, 1, 2, 3, 4, 5, 6, 7]; byte 21: 0x5E→0x94 bit(s) [7]
[14:23:04.478] P-02 rel 0x11/78 B: byte 21: 0x94→0x7E bit(s) [7]; byte 23: 0x00→0xFE bit(s) [7]; byte 24: 0x17→0x16 bit(s) [0]
[14:23:04.493] P-02 rel 0x11/78 B: byte 23: 0xFE→0x06 bit(s) [7]; byte 24: 0x16→0x17 bit(s) [0]
[14:23:04.523] P-02 rel 0x11/78 B: byte 15: 0xF8→0xF6 bit(s) [3]; byte 19: 0x09→0x12 bit(s) [4]; byte 23: 0x10→0xEA bit(s) [7]; byte 24: 0x17→0x16 bit(s) [0]
[14:23:04.538] P-02 rel 0x11/78 B: byte 15: 0xF6→0xEC bit(s) [3, 4]; byte 23: 0xEA→0x06 bit(s) [7]; byte 24: 0x16→0x17 bit(s) [0]
[14:23:04.553] P-02 rel 0x11/78 B: byte 15: 0xEC→0xE7 bit(s) [3]
[14:23:04.583] P-02 rel 0x11/78 B: byte 21: 0x68→0x84 bit(s) [7]
[14:23:04.598] P-02 rel 0x11/78 B: byte 26: 0x09→0x0A bit(s) [0]
[14:23:04.613] P-02 rel 0x11/78 B: byte 15: 0xE6→0xE8 bit(s) [3]; byte 26: 0x0A→0x09 bit(s) [0]
[14:23:04.628] P-02 rel 0x11/78 B: byte 21: 0x9C→0x6E bit(s) [7]; byte 26: 0x09→0x0A bit(s) [0]
[14:23:04.643] P-02 rel 0x11/78 B: byte 17: 0x02→0xFF bit(s) [3, 4, 5, 6, 7]; byte 18: 0x00→0xFF bit(s) [0, 1, 2, 3, 4, 5, 6, 7]; byte 26: 0x0A→0x09 bit(s) [0]
[14:23:04.672] P-02 rel 0x11/78 B: byte 15: 0xED→0xE7 bit(s) [3]; byte 17: 0xFF→0x03 bit(s) [3, 4, 5, 6, 7]; byte 18: 0xFF→0x00 bit(s) [0, 1, 2, 3, 4, 5, 6, 7]; byte 21: 0x74→0x9C bit(s) [7]
[14:23:04.688] P-02 rel 0x11/78 B: byte 17: 0x03→0xFF bit(s) [3, 4, 5, 6, 7]; byte 18: 0x00→0xFF bit(s) [0, 1, 2, 3, 4, 5, 6, 7]
[14:23:05.003]      … 19 linha(s) suprimida(s) neste segundo
[14:23:05.003] P-02 rel 0x11/78 B: byte 26: 0x0A→0x09 bit(s) [0]
[14:23:05.018] P-02 rel 0x11/78 B: byte 15: 0xF0→0xEF bit(s) [3, 4]; byte 19: 0x0B→0x12 bit(s) [4]; byte 21: 0xAA→0x7C bit(s) [7]; byte 26: 0x09→0x0A bit(s) [0]
[14:23:05.033] P-02 rel 0x11/78 B: byte 15: 0xEF→0xF0 bit(s) [3, 4]; byte 21: 0x7C→0x92 bit(s) [7]
[14:23:05.048] P-02 rel 0x11/78 B: byte 15: 0xF0→0xEA bit(s) [3, 4]
[14:23:05.063] P-02 rel 0x11/78 B: byte 19: 0x10→0x0D bit(s) [4]
[14:23:05.078] P-02 rel 0x11/78 B: byte 15: 0xED→0xF1 bit(s) [3, 4]; byte 26: 0x0A→0x09 bit(s) [0]
[14:23:05.108] P-02 rel 0x11/78 B: byte 17: 0x05→0x08 bit(s) [3]
[14:23:05.138] P-02 rel 0x11/78 B: byte 15: 0xF7→0xF8 bit(s) [3]; byte 17: 0x08→0x04 bit(s) [3]; byte 26: 0x09→0x0A bit(s) [0]
[14:23:05.168] P-02 rel 0x11/78 B: byte 21: 0x8E→0x5E bit(s) [7]
[14:23:05.183] P-02 rel 0x11/78 B: byte 19: 0x0B→0x15 bit(s) [4]; byte 21: 0x5E→0x82 bit(s) [7]
[14:23:05.198] P-02 rel 0x11/78 B: byte 15: 0xFC→0x18 bit(s) [5, 6, 7]; byte 16: 0xFF→0x00 bit(s) [0, 1, 2, 3, 4, 5, 6, 7]; byte 21: 0x82→0x70 bit(s) [7]; byte 23: 0x70→0x88 bit(s) [7]
[14:23:05.213] P-02 rel 0x11/78 B: byte 15: 0x18→0x2A bit(s) [4, 5]; byte 17: 0x00→0xFE bit(s) [3, 4, 5, 6, 7]; byte 18: 0x00→0xFF bit(s) [0, 1, 2, 3, 4, 5, 6, 7]; byte 19: 0x1D→0x2B bit(s) [4, 5]
[14:23:05.219] P-02 resumo: relatório 0x11 com 78 bytes, 3706 recebido(s); ruído de repouso: byte 9 bits [3, 4, 5, 6, 7]; byte 13 bits [1, 2, 3, 4, 5, 6, 7]; byte 15 bits [0, 1, 2]; byte 17 bits [0, 1, 2]; byte 19 bits [0, 1, 2, 3]; byte 21 bits [1, 2, 3, 4, 5, 6]; byte 23 bits [1, 2, 3, 4, 5, 6]; byte 25 bits [1, 2, 3, 4, 5, 6, 7]; byte 26 bits [1, 2, 3, 4, 5]; byte 74 bits [0, 1, 2, 3, 4, 5, 6, 7]; byte 75 bits [0, 1, 2, 3, 4, 5, 6, 7]; byte 76 bits [0, 1, 2, 3, 4, 5, 6, 7]; byte 77 bits [0, 1, 2, 3, 4, 5, 6, 7]
[14:23:05.228] P-02 rel 0x11/78 B: byte 15: 0x2A→0x23 bit(s) [3]; byte 19: 0x2B→0x39 bit(s) [4]; byte 26: 0x0A→0x09 bit(s) [0]
[14:23:05.243] P-02 rel 0x11/78 B: byte 15: 0x23→0x1B bit(s) [3, 4, 5]; byte 19: 0x39→0x46 bit(s) [4, 5, 6]; byte 23: 0x92→0x66 bit(s) [7]; byte 26: 0x09→0x0A bit(s) [0]
[14:23:05.258] P-02 rel 0x11/78 B: byte 26: 0x0A→0x09 bit(s) [0]
[14:23:05.273] P-02 rel 0x11/78 B: byte 15: 0x1A→0x0D bit(s) [4]; byte 23: 0x46→0xDA bit(s) [7]; byte 24: 0x17→0x16 bit(s) [0]
[14:23:05.288] P-02 rel 0x11/78 B: byte 26: 0x09→0x0A bit(s) [0]
[14:23:05.303] P-02 rel 0x11/78 B: byte 15: 0x0D→0x03 bit(s) [3]; byte 17: 0xF8→0xEF bit(s) [4]; byte 21: 0x78→0x88 bit(s) [7]; byte 23: 0xAE→0x16 bit(s) [7]; byte 24: 0x16→0x17 bit(s) [0]
[14:23:05.318] P-02 rel 0x11/78 B: byte 15: 0x03→0xF9 bit(s) [3, 4, 5, 6, 7]; byte 16: 0x00→0xFF bit(s) [0, 1, 2, 3, 4, 5, 6, 7]; byte 26: 0x0A→0x09 bit(s) [0]
[14:23:05.333] P-02 rel 0x11/78 B: byte 15: 0xF9→0xF6 bit(s) [3]
[14:23:05.363] P-02 rel 0x11/78 B: byte 15: 0xF4→0xF8 bit(s) [3]; byte 26: 0x09→0x0A bit(s) [0]
[14:23:05.378] P-02 rel 0x11/78 B: byte 15: 0xF8→0xF2 bit(s) [3]; byte 26: 0x0A→0x09 bit(s) [0]
[14:23:05.393] P-02 rel 0x11/78 B: byte 19: 0x41→0x3A bit(s) [4, 5, 6]; byte 23: 0x02→0xF8 bit(s) [7]; byte 24: 0x17→0x16 bit(s) [0]
[14:23:05.408] P-02 rel 0x11/78 B: byte 21: 0xD8→0x16 bit(s) [7]; byte 22: 0xF9→0xFA bit(s) [0, 1]; byte 23: 0xF8→0x08 bit(s) [7]; byte 24: 0x16→0x17 bit(s) [0]
[14:23:05.422] P-02 rel 0x11/78 B: byte 17: 0xEC→0xF0 bit(s) [3, 4]; byte 19: 0x33→0x27 bit(s) [4]
[14:23:05.438] P-02 rel 0x11/78 B: byte 19: 0x27→0x1A bit(s) [4, 5]; byte 23: 0x04→0xD4 bit(s) [7]; byte 24: 0x17→0x16 bit(s) [0]
[14:23:05.453] P-02 rel 0x11/78 B: byte 17: 0xF6→0xFA bit(s) [3]
[14:23:05.468] P-02 rel 0x11/78 B: byte 15: 0xF4→0xEF bit(s) [3, 4]; byte 19: 0x11→0x09 bit(s) [4]
[14:23:05.483] P-02 rel 0x11/78 B: byte 23: 0xE8→0x2E bit(s) [7]; byte 24: 0x16→0x17 bit(s) [0]
[14:23:05.498] P-02 rel 0x11/78 B: byte 15: 0xEC→0xF7 bit(s) [3, 4]; byte 17: 0xFF→0x04 bit(s) [3, 4, 5, 6, 7]; byte 18: 0xFF→0x00 bit(s) [0, 1, 2, 3, 4, 5, 6, 7]
[14:23:05.513] P-02 rel 0x11/78 B: byte 15: 0xF7→0xFB bit(s) [3]
[14:23:05.528] P-02 rel 0x11/78 B: byte 17: 0x07→0x0A bit(s) [3]
[14:23:05.543] P-02 rel 0x11/78 B: byte 15: 0xF8→0xE7 bit(s) [3, 4]
[14:23:05.558] P-02 rel 0x11/78 B: byte 15: 0xE7→0xDC bit(s) [3, 4, 5]; byte 21: 0x02→0xE8 bit(s) [7]; byte 22: 0xFA→0xF9 bit(s) [0, 1]
[14:23:05.573] P-02 rel 0x11/78 B: byte 15: 0xDC→0xD4 bit(s) [3]
[14:23:05.588] P-02 rel 0x11/78 B: byte 19: 0x00→0xFE bit(s) [4, 5, 6, 7]; byte 20: 0x00→0xFF bit(s) [0, 1, 2, 3, 4, 5, 6, 7]
[14:23:05.603] P-02 rel 0x11/78 B: byte 19: 0xFE→0x02 bit(s) [4, 5, 6, 7]; byte 20: 0xFF→0x00 bit(s) [0, 1, 2, 3, 4, 5, 6, 7]
[14:23:05.618] P-02 rel 0x11/78 B: byte 19: 0x02→0xFD bit(s) [4, 5, 6, 7]; byte 20: 0x00→0xFF bit(s) [0, 1, 2, 3, 4, 5, 6, 7]
[14:23:05.633] P-02 rel 0x11/78 B: byte 15: 0xD3→0xDB bit(s) [3]; byte 19: 0xFD→0x04 bit(s) [4, 5, 6, 7]; byte 20: 0xFF→0x00 bit(s) [0, 1, 2, 3, 4, 5, 6, 7]; byte 21: 0xA8→0x72 bit(s) [7]; byte 26: 0x09→0x0A bit(s) [0]
[14:23:05.649] P-02 rel 0x11/78 B: byte 15: 0xDB→0xEE bit(s) [4, 5]; byte 21: 0x72→0x90 bit(s) [7]; byte 23: 0x6E→0xA8 bit(s) [7]
[14:23:06.008]      … 17 linha(s) suprimida(s) neste segundo
[14:23:06.008] P-02 rel 0x11/78 B: byte 15: 0x0A→0x01 bit(s) [3]
[14:23:06.053] P-02 rel 0x11/78 B: byte 15: 0x00→0xF9 bit(s) [3, 4, 5, 6, 7]; byte 16: 0x00→0xFF bit(s) [0, 1, 2, 3, 4, 5, 6, 7]; byte 19: 0x02→0xFE bit(s) [4, 5, 6, 7]; byte 20: 0x00→0xFF bit(s) [0, 1, 2, 3, 4, 5, 6, 7]; byte 23: 0x18→0xFE bit(s) [7]; byte 24: 0x17→0x16 bit(s) [0]
[14:23:06.068] P-02 rel 0x11/78 B: byte 15: 0xF9→0xF7 bit(s) [3]; byte 23: 0xFE→0x04 bit(s) [7]; byte 24: 0x16→0x17 bit(s) [0]
[14:23:06.083] P-02 rel 0x11/78 B: byte 23: 0x04→0xFA bit(s) [7]; byte 24: 0x17→0x16 bit(s) [0]
[14:23:06.098] P-02 rel 0x11/78 B: byte 15: 0xF5→0xF8 bit(s) [3]; byte 23: 0xFA→0x0E bit(s) [7]; byte 24: 0x16→0x17 bit(s) [0]
[14:23:06.113] P-02 rel 0x11/78 B: byte 15: 0xF8→0xF7 bit(s) [3]
[14:23:06.128] P-02 rel 0x11/78 B: byte 15: 0xF7→0xFA bit(s) [3]
[14:23:06.143] P-02 rel 0x11/78 B: byte 15: 0xFA→0x00 bit(s) [3, 4, 5, 6, 7]; byte 16: 0xFF→0x00 bit(s) [0, 1, 2, 3, 4, 5, 6, 7]
[14:23:06.188] P-02 rel 0x11/78 B: byte 15: 0x02→0xFF bit(s) [3, 4, 5, 6, 7]; byte 16: 0x00→0xFF bit(s) [0, 1, 2, 3, 4, 5, 6, 7]; byte 17: 0x06→0x08 bit(s) [3]
[14:23:06.204] P-02 rel 0x11/78 B: byte 17: 0x08→0x07 bit(s) [3]; byte 23: 0x1E→0xF0 bit(s) [7]; byte 24: 0x17→0x16 bit(s) [0]
[14:23:06.218] P-02 rel 0x11/78 B: byte 17: 0x07→0x09 bit(s) [3]; byte 23: 0xF0→0x02 bit(s) [7]; byte 24: 0x16→0x17 bit(s) [0]
[14:23:06.233] P-02 rel 0x11/78 B: byte 17: 0x09→0x04 bit(s) [3]
[14:23:06.263] P-02 rel 0x11/78 B: byte 19: 0xFF→0x00 bit(s) [4, 5, 6, 7]; byte 20: 0xFF→0x00 bit(s) [0, 1, 2, 3, 4, 5, 6, 7]; byte 23: 0x02→0xF6 bit(s) [7]; byte 24: 0x17→0x16 bit(s) [0]
[14:23:06.278] P-02 rel 0x11/78 B: byte 15: 0xFF→0x02 bit(s) [3, 4, 5, 6, 7]; byte 16: 0xFF→0x00 bit(s) [0, 1, 2, 3, 4, 5, 6, 7]
[14:23:06.293] P-02 rel 0x11/78 B: byte 15: 0x02→0xFF bit(s) [3, 4, 5, 6, 7]; byte 16: 0x00→0xFF bit(s) [0, 1, 2, 3, 4, 5, 6, 7]; byte 23: 0xF4→0x10 bit(s) [7]; byte 24: 0x16→0x17 bit(s) [0]
[14:23:06.323] P-02 rel 0x11/78 B: byte 15: 0xFD→0xF7 bit(s) [3]; byte 23: 0x04→0xEC bit(s) [7]; byte 24: 0x17→0x16 bit(s) [0]
[14:23:06.338] P-02 rel 0x11/78 B: byte 23: 0xEC→0x04 bit(s) [7]; byte 24: 0x16→0x17 bit(s) [0]
[14:23:06.367] P-02 rel 0x11/78 B: byte 15: 0xF6→0xFA bit(s) [3]; byte 23: 0x04→0xFA bit(s) [7]; byte 24: 0x17→0x16 bit(s) [0]
[14:23:06.398] P-02 rel 0x11/78 B: byte 23: 0xEC→0x06 bit(s) [7]; byte 24: 0x16→0x17 bit(s) [0]
[14:23:06.413] P-02 rel 0x11/78 B: byte 15: 0xFE→0xF5 bit(s) [3]; byte 19: 0x0B→0x10 bit(s) [4]; byte 23: 0x06→0xEC bit(s) [7]; byte 24: 0x17→0x16 bit(s) [0]
[14:23:06.428] P-02 rel 0x11/78 B: byte 19: 0x10→0x0D bit(s) [4]; byte 23: 0xEC→0x04 bit(s) [7]; byte 24: 0x16→0x17 bit(s) [0]
[14:23:06.443] P-02 rel 0x11/78 B: byte 15: 0xF6→0xFA bit(s) [3]; byte 19: 0x0D→0x10 bit(s) [4]; byte 23: 0x04→0xF0 bit(s) [7]; byte 24: 0x17→0x16 bit(s) [0]
[14:23:06.458] P-02 rel 0x11/78 B: byte 15: 0xFA→0xF4 bit(s) [3]; byte 19: 0x10→0x0C bit(s) [4]
[14:23:06.473] P-02 rel 0x11/78 B: byte 15: 0xF4→0xEF bit(s) [3, 4]; byte 17: 0x00→0xFE bit(s) [3, 4, 5, 6, 7]; byte 18: 0x00→0xFF bit(s) [0, 1, 2, 3, 4, 5, 6, 7]
[14:23:06.488] P-02 rel 0x11/78 B: byte 23: 0xE6→0x14 bit(s) [7]; byte 24: 0x16→0x17 bit(s) [0]
[14:23:06.503] P-02 rel 0x11/78 B: byte 15: 0xEF→0xF1 bit(s) [3, 4]; byte 17: 0xFE→0x00 bit(s) [3, 4, 5, 6, 7]; byte 18: 0xFF→0x00 bit(s) [0, 1, 2, 3, 4, 5, 6, 7]; byte 23: 0x14→0xFA bit(s) [7]; byte 24: 0x17→0x16 bit(s) [0]
[14:23:06.518] P-02 rel 0x11/78 B: byte 19: 0x01→0xFE bit(s) [4, 5, 6, 7]; byte 20: 0x00→0xFF bit(s) [0, 1, 2, 3, 4, 5, 6, 7]; byte 23: 0xFA→0x1E bit(s) [7]; byte 24: 0x16→0x17 bit(s) [0]
[14:23:06.533] P-02 rel 0x11/78 B: byte 15: 0xF3→0xF9 bit(s) [3]
[14:23:06.563] P-02 rel 0x11/78 B: byte 15: 0xF8→0xF4 bit(s) [3]
[14:23:06.578] P-02 rel 0x11/78 B: byte 19: 0xFF→0x01 bit(s) [4, 5, 6, 7]; byte 20: 0xFF→0x00 bit(s) [0, 1, 2, 3, 4, 5, 6, 7]; byte 23: 0x16→0xDA bit(s) [7]; byte 24: 0x17→0x16 bit(s) [0]
[14:23:06.593] P-02 rel 0x11/78 B: byte 15: 0xF6→0xF8 bit(s) [3]; byte 19: 0x01→0xFC bit(s) [4, 5, 6, 7]; byte 20: 0x00→0xFF bit(s) [0, 1, 2, 3, 4, 5, 6, 7]; byte 23: 0xDA→0x06 bit(s) [7]; byte 24: 0x16→0x17 bit(s) [0]
[14:23:06.608] P-02 rel 0x11/78 B: byte 15: 0xF8→0xF6 bit(s) [3]; byte 19: 0xFC→0x00 bit(s) [4, 5, 6, 7]; byte 20: 0xFF→0x00 bit(s) [0, 1, 2, 3, 4, 5, 6, 7]
[14:23:06.623] P-02 rel 0x11/78 B: byte 15: 0xF6→0xF9 bit(s) [3]; byte 19: 0x00→0xFD bit(s) [4, 5, 6, 7]; byte 20: 0x00→0xFF bit(s) [0, 1, 2, 3, 4, 5, 6, 7]; byte 23: 0x00→0xE2 bit(s) [7]; byte 24: 0x17→0x16 bit(s) [0]
[14:23:06.638] P-02 rel 0x11/78 B: byte 19: 0xFD→0x00 bit(s) [4, 5, 6, 7]; byte 20: 0xFF→0x00 bit(s) [0, 1, 2, 3, 4, 5, 6, 7]
[14:23:06.668] P-02 rel 0x11/78 B: byte 15: 0xF9→0xF3 bit(s) [3]
[14:23:06.683] P-02 rel 0x11/78 B: byte 15: 0xF3→0xEA bit(s) [3, 4]
[14:23:06.698] P-02 rel 0x11/78 B: byte 17: 0x04→0x08 bit(s) [3]; byte 23: 0xEC→0x12 bit(s) [7]; byte 24: 0x16→0x17 bit(s) [0]
[14:23:06.713] P-02 rel 0x11/78 B: byte 15: 0xE9→0xE3 bit(s) [3]; byte 17: 0x08→0x06 bit(s) [3]; byte 23: 0x12→0xFA bit(s) [7]; byte 24: 0x17→0x16 bit(s) [0]
[14:23:06.728] P-02 rel 0x11/78 B: byte 19: 0x00→0xFE bit(s) [4, 5, 6, 7]; byte 20: 0x00→0xFF bit(s) [0, 1, 2, 3, 4, 5, 6, 7]
[14:23:06.743] P-02 rel 0x11/78 B: byte 23: 0xEA→0x06 bit(s) [7]; byte 24: 0x16→0x17 bit(s) [0]
[14:23:06.908] P-01 botão "Right Thumbstick Right" [sem propriedade nomeada]: PRESSIONADO
[14:23:06.908] P-01 botão "Right Thumbstick Up" [sem propriedade nomeada]: PRESSIONADO
[14:23:07.013]      … 16 linha(s) suprimida(s) neste segundo
[14:23:07.013] P-02 rel 0x11/78 B: byte 6: 0x54→0x56 bit(s) [1]; byte 15: 0xCF→0xC6 bit(s) [3]; byte 17: 0xFE→0x01 bit(s) [3, 4, 5, 6, 7]; byte 18: 0xFF→0x00 bit(s) [0, 1, 2, 3, 4, 5, 6, 7]; byte 23: 0xF8→0x38 bit(s) [7]; byte 24: 0x16→0x17 bit(s) [0]
[14:23:07.028] P-02 rel 0x11/78 B: byte 5: 0x80→0x7F bit(s) [0, 1, 2, 3, 4, 5, 6, 7]; byte 6: 0x56→0x5B bit(s) [0, 2, 3]; byte 21: 0x8A→0x6E bit(s) [7]
[14:23:07.028] P-01 botão "Right Thumbstick Left" [sem propriedade nomeada]: PRESSIONADO
[14:23:07.028] P-01 botão "Right Thumbstick Right" [sem propriedade nomeada]: solto
[14:23:07.043] P-02 rel 0x11/78 B: byte 5: 0x7F→0x7D bit(s) [1]; byte 6: 0x5B→0x61 bit(s) [1, 3, 4, 5]; byte 15: 0xC2→0xCE bit(s) [3]; byte 17: 0x01→0xFD bit(s) [3, 4, 5, 6, 7]; byte 18: 0x00→0xFF bit(s) [0, 1, 2, 3, 4, 5, 6, 7]; byte 26: 0x09→0x0A bit(s) [0]
[14:23:07.058] P-02 rel 0x11/78 B: byte 5: 0x7D→0x7C bit(s) [0]; byte 6: 0x61→0x6A bit(s) [0, 1, 3]; byte 15: 0xCE→0xDE bit(s) [4]; byte 19: 0x2C→0x33 bit(s) [4]; byte 26: 0x0A→0x09 bit(s) [0]
[14:23:07.073] P-02 rel 0x11/78 B: byte 6: 0x6A→0x73 bit(s) [0, 3, 4]; byte 15: 0xDE→0xE7 bit(s) [3, 4, 5]
[14:23:07.073] P-01 botão "Right Thumbstick Left" [sem propriedade nomeada]: solto
[14:23:07.073] P-01 botão "Right Thumbstick Up" [sem propriedade nomeada]: solto
[14:23:07.088] P-02 rel 0x11/78 B: byte 6: 0x73→0x76 bit(s) [0, 2]; byte 15: 0xE7→0xF1 bit(s) [4]
[14:23:07.103] P-02 rel 0x11/78 B: byte 5: 0x7C→0x7D bit(s) [0]; byte 6: 0x76→0x7B bit(s) [0, 2, 3]; byte 15: 0xF1→0x01 bit(s) [4, 5, 6, 7]; byte 16: 0xFF→0x00 bit(s) [0, 1, 2, 3, 4, 5, 6, 7]; byte 17: 0xF9→0xF6 bit(s) [3]; byte 26: 0x09→0x0A bit(s) [0]
[14:23:07.118] P-02 rel 0x11/78 B: byte 5: 0x7D→0x80 bit(s) [0, 2, 3, 4, 5, 6, 7]; byte 6: 0x7B→0x80 bit(s) [0, 1, 3, 4, 5, 6, 7]; byte 15: 0x01→0xF6 bit(s) [4, 5, 6, 7]; byte 16: 0x00→0xFF bit(s) [0, 1, 2, 3, 4, 5, 6, 7]; byte 19: 0x34→0x2A bit(s) [4]; byte 21: 0x50→0xB0 bit(s) [7]; byte 23: 0x20→0xCC bit(s) [7]; byte 24: 0x17→0x16 bit(s) [0]; byte 26: 0x0A→0x09 bit(s) [0]
[14:23:07.133] P-02 rel 0x11/78 B: byte 15: 0xF6→0xE1 bit(s) [4]; byte 23: 0xCC→0x0C bit(s) [7]; byte 24: 0x16→0x17 bit(s) [0]
[14:23:07.148] P-02 rel 0x11/78 B: byte 15: 0xE1→0xF0 bit(s) [4]; byte 23: 0x0C→0xFE bit(s) [7]; byte 24: 0x17→0x16 bit(s) [0]
[14:23:07.163] P-02 rel 0x11/78 B: byte 15: 0xF0→0x07 bit(s) [4, 5, 6, 7]; byte 16: 0xFF→0x00 bit(s) [0, 1, 2, 3, 4, 5, 6, 7]; byte 17: 0xF5→0xEE bit(s) [3, 4]; byte 19: 0x2C→0x34 bit(s) [4]; byte 26: 0x09→0x0A bit(s) [0]
[14:23:07.178] P-02 rel 0x11/78 B: byte 15: 0x07→0x09 bit(s) [3]; byte 21: 0x80→0x48 bit(s) [7]; byte 23: 0xE6→0x1A bit(s) [7]; byte 24: 0x16→0x17 bit(s) [0]
[14:23:07.193] P-02 rel 0x11/78 B: byte 15: 0x09→0xF6 bit(s) [3, 4, 5, 6, 7]; byte 16: 0x00→0xFF bit(s) [0, 1, 2, 3, 4, 5, 6, 7]; byte 17: 0xEA→0xE2 bit(s) [3]; byte 19: 0x35→0x2E bit(s) [4]; byte 23: 0x1A→0xD8 bit(s) [7]; byte 24: 0x17→0x16 bit(s) [0]; byte 26: 0x0A→0x09 bit(s) [0]
[14:23:07.208] P-02 rel 0x11/78 B: byte 15: 0xF6→0xEE bit(s) [3, 4]; byte 21: 0x70→0xDA bit(s) [7]
[14:23:07.223] P-02 rel 0x11/78 B: byte 5: 0x80→0x7F bit(s) [0, 1, 2, 3, 4, 5, 6, 7]; byte 15: 0xEE→0xE4 bit(s) [3]; byte 17: 0xE3→0xEA bit(s) [3]; byte 19: 0x26→0x1B bit(s) [4, 5]; byte 21: 0xDA→0x18 bit(s) [7]; byte 22: 0xF9→0xFA bit(s) [0, 1]
[14:23:07.238] P-02 rel 0x11/78 B: byte 5: 0x7F→0x7D bit(s) [1]; byte 6: 0x80→0x83 bit(s) [0, 1]; byte 21: 0x18→0xEC bit(s) [7]; byte 22: 0xFA→0xF9 bit(s) [0, 1]
[14:23:07.253] P-02 rel 0x11/78 B: byte 5: 0x7D→0x7A bit(s) [0, 1, 2]; byte 6: 0x83→0x89 bit(s) [1, 3]; byte 15: 0xE5→0xEE bit(s) [3]; byte 17: 0xEF→0xF4 bit(s) [3, 4]; byte 21: 0xEC→0x48 bit(s) [7]; byte 23: 0xCA→0x54 bit(s) [7]; byte 24: 0x16→0x17 bit(s) [0]
[14:23:07.268] P-02 rel 0x11/78 B: byte 5: 0x7A→0x76 bit(s) [2, 3]; byte 6: 0x89→0x91 bit(s) [3, 4]; byte 15: 0xEE→0x05 bit(s) [3, 5, 6, 7]; byte 16: 0xFF→0x00 bit(s) [0, 1, 2, 3, 4, 5, 6, 7]; byte 17: 0xF4→0xF8 bit(s) [3]
[14:23:07.268] P-01 botão "Right Thumbstick Left" [sem propriedade nomeada]: PRESSIONADO
[14:23:07.268] P-01 botão "Right Thumbstick Down" [sem propriedade nomeada]: PRESSIONADO
[14:23:07.283] P-02 rel 0x11/78 B: byte 5: 0x76→0x71 bit(s) [0, 1, 2]; byte 6: 0x91→0x9A bit(s) [0, 1, 3]; byte 15: 0x05→0x0F bit(s) [3]; byte 17: 0xF8→0xF7 bit(s) [3]; byte 19: 0x16→0x0F bit(s) [4]; byte 23: 0x34→0xF0 bit(s) [7]; byte 24: 0x17→0x16 bit(s) [0]
[14:23:07.298] P-02 rel 0x11/78 B: byte 5: 0x71→0x6D bit(s) [2, 3, 4]; byte 6: 0x9A→0xA5 bit(s) [0, 1, 2, 3, 4, 5]; byte 15: 0x0F→0x14 bit(s) [3, 4]
[14:23:07.327] P-02 rel 0x11/78 B: byte 5: 0x6D→0x68 bit(s) [0, 2]; byte 6: 0xA5→0xB2 bit(s) [0, 1, 2, 4]; byte 15: 0x14→0x23 bit(s) [4, 5]; byte 19: 0x06→0xFE bit(s) [4, 5, 6, 7]; byte 20: 0x00→0xFF bit(s) [0, 1, 2, 3, 4, 5, 6, 7]
[14:23:07.343] P-02 rel 0x11/78 B: byte 5: 0x68→0x65 bit(s) [0, 2, 3]; byte 6: 0xB2→0xBB bit(s) [0, 3]; byte 15: 0x23→0x3B bit(s) [3, 4]; byte 21: 0x62→0xAA bit(s) [7]; byte 23: 0xF6→0x46 bit(s) [7]; byte 24: 0x16→0x17 bit(s) [0]
[14:23:07.358] P-02 rel 0x11/78 B: byte 5: 0x65→0x61 bit(s) [2]; byte 6: 0xBB→0xCB bit(s) [4, 5, 6]; byte 15: 0x3B→0x49 bit(s) [4, 5, 6]; byte 26: 0x09→0x0A bit(s) [0]
[14:23:07.373] P-02 rel 0x11/78 B: byte 5: 0x61→0x59 bit(s) [3, 4, 5]; byte 6: 0xCB→0xEA bit(s) [0, 5]; byte 15: 0x49→0x3A bit(s) [4, 5, 6]; byte 19: 0xFF→0x00 bit(s) [4, 5, 6, 7]; byte 20: 0xFF→0x00 bit(s) [0, 1, 2, 3, 4, 5, 6, 7]; byte 21: 0xEE→0x34 bit(s) [7]; byte 22: 0xF9→0xFA bit(s) [0, 1]; byte 23: 0x48→0xF4 bit(s) [7]; byte 24: 0x17→0x16 bit(s) [0]; byte 26: 0x0A→0x09 bit(s) [0]
[14:23:07.388] P-02 rel 0x11/78 B: byte 5: 0x59→0x56 bit(s) [0, 1, 2, 3]; byte 6: 0xEA→0xF4 bit(s) [1, 2, 3, 4]; byte 15: 0x3A→0x31 bit(s) [3]; byte 19: 0x00→0xFA bit(s) [4, 5, 6, 7]; byte 20: 0x00→0xFF bit(s) [0, 1, 2, 3, 4, 5, 6, 7]
[14:23:07.403] P-02 rel 0x11/78 B: byte 5: 0x56→0x52 bit(s) [2]; byte 6: 0xF4→0xF6 bit(s) [1]; byte 15: 0x31→0x1B bit(s) [3, 5]; byte 17: 0xF4→0xFB bit(s) [3]
[14:23:07.418] P-02 rel 0x11/78 B: byte 5: 0x52→0x4F bit(s) [0, 2, 3, 4]; byte 15: 0x1B→0x14 bit(s) [3]; byte 23: 0xA2→0x78 bit(s) [7]
[14:23:07.433] P-02 rel 0x11/78 B: byte 5: 0x4F→0x4D bit(s) [1]; byte 6: 0xF6→0xF5 bit(s) [0, 1]; byte 15: 0x14→0x21 bit(s) [4, 5]; byte 24: 0x16→0x17 bit(s) [0]
[14:23:07.448] P-02 rel 0x11/78 B: byte 5: 0x4D→0x4C bit(s) [0]; byte 6: 0xF5→0xF4 bit(s) [0]; byte 15: 0x21→0x18 bit(s) [3, 4, 5]; byte 21: 0x3A→0x82 bit(s) [7]; byte 23: 0x1C→0xA8 bit(s) [7]; byte 24: 0x17→0x16 bit(s) [0]
[14:23:07.463] P-02 rel 0x11/78 B: byte 15: 0x18→0x03 bit(s) [3, 4]; byte 17: 0xFF→0x05 bit(s) [3, 4, 5, 6, 7]; byte 18: 0xFF→0x00 bit(s) [0, 1, 2, 3, 4, 5, 6, 7]; byte 21: 0x82→0x58 bit(s) [7]
[14:23:07.478] P-02 rel 0x11/78 B: byte 15: 0x03→0xFA bit(s) [3, 4, 5, 6, 7]; byte 16: 0x00→0xFF bit(s) [0, 1, 2, 3, 4, 5, 6, 7]; byte 19: 0xFB→0x00 bit(s) [4, 5, 6, 7]; byte 20: 0xFF→0x00 bit(s) [0, 1, 2, 3, 4, 5, 6, 7]
[14:23:07.493] P-02 rel 0x11/78 B: byte 5: 0x4C→0x4B bit(s) [0, 1, 2]; byte 17: 0x07→0x09 bit(s) [3]
[14:23:07.508] P-02 rel 0x11/78 B: byte 5: 0x4B→0x4A bit(s) [0]; byte 15: 0xF9→0xEF bit(s) [4]
[14:23:07.523] P-02 rel 0x11/78 B: byte 5: 0x4A→0x49 bit(s) [0, 1]; byte 15: 0xEF→0xCC bit(s) [5]; byte 23: 0xF2→0x44 bit(s) [7]; byte 24: 0x16→0x17 bit(s) [0]
[14:23:07.538] P-02 rel 0x11/78 B: byte 5: 0x49→0x47 bit(s) [1, 2, 3]; byte 6: 0xF4→0xF3 bit(s) [0, 1, 2]; byte 15: 0xCC→0xB0 bit(s) [3, 4, 5, 6]; byte 17: 0x0B→0x05 bit(s) [3]; byte 19: 0x0D→0x18 bit(s) [4]; byte 26: 0x09→0x0A bit(s) [0]
[14:23:07.553] P-02 rel 0x11/78 B: byte 5: 0x47→0x48 bit(s) [0, 1, 2, 3]; byte 17: 0x05→0xF4 bit(s) [4, 5, 6, 7]; byte 18: 0x00→0xFF bit(s) [0, 1, 2, 3, 4, 5, 6, 7]; byte 19: 0x18→0x2E bit(s) [4, 5]; byte 21: 0x66→0x98 bit(s) [7]; byte 23: 0x78→0xF2 bit(s) [7]
[14:23:07.568] P-02 rel 0x11/78 B: byte 5: 0x48→0x4B bit(s) [0, 1]; byte 6: 0xF3→0xF4 bit(s) [0, 1, 2]; byte 15: 0xB2→0xAE bit(s) [3, 4]; byte 19: 0x2E→0x37 bit(s) [4]; byte 23: 0xF2→0x56 bit(s) [7]; byte 26: 0x0A→0x09 bit(s) [0]
[14:23:07.583] P-02 rel 0x11/78 B: byte 5: 0x4B→0x57 bit(s) [2, 3, 4]; byte 6: 0xF4→0xDD bit(s) [0, 3, 5]; byte 15: 0xAE→0xA6 bit(s) [3]; byte 17: 0xF5→0x01 bit(s) [4, 5, 6, 7]; byte 18: 0xFF→0x00 bit(s) [0, 1, 2, 3, 4, 5, 6, 7]; byte 24: 0x17→0x16 bit(s) [0]; byte 26: 0x09→0x08 bit(s) [0]
[14:23:07.598] P-02 rel 0x11/78 B: byte 5: 0x57→0x6A bit(s) [0, 2, 3, 4, 5]; byte 6: 0xDD→0xB7 bit(s) [1, 3, 5, 6]; byte 15: 0xA6→0xBC bit(s) [3, 4]; byte 17: 0x01→0x14 bit(s) [4]; byte 19: 0x33→0x15 bit(s) [5]; byte 21: 0x90→0x48 bit(s) [7]; byte 23: 0x54→0x92 bit(s) [7]; byte 24: 0x16→0x15 bit(s) [0, 1]
[14:23:07.613] P-02 rel 0x11/78 B: byte 5: 0x6A→0x79 bit(s) [0, 1, 4]; byte 6: 0xB7→0x93 bit(s) [2, 5]; byte 15: 0xBC→0x8D bit(s) [4, 5]; byte 17: 0x14→0x31 bit(s) [5]; byte 19: 0x15→0x03 bit(s) [4]; byte 22: 0xFA→0xF9 bit(s) [0, 1]; byte 23: 0x92→0x74 bit(s) [7]; byte 26: 0x08→0x09 bit(s) [0]
[14:23:07.628] P-01 botão "Right Thumbstick Left" [sem propriedade nomeada]: solto
[14:23:07.629] P-01 botão "Right Thumbstick Down" [sem propriedade nomeada]: solto
[14:23:08.003]      … 21 linha(s) suprimida(s) neste segundo
[14:23:08.003] P-02 rel 0x11/78 B: byte 17: 0x07→0x09 bit(s) [3]
[14:23:08.018] P-02 rel 0x11/78 B: byte 26: 0x09→0x0A bit(s) [0]
[14:23:08.033] P-02 rel 0x11/78 B: byte 17: 0x08→0x04 bit(s) [3]
[14:23:08.048] P-02 rel 0x11/78 B: byte 19: 0x00→0xFF bit(s) [4, 5, 6, 7]; byte 20: 0x00→0xFF bit(s) [0, 1, 2, 3, 4, 5, 6, 7]
[14:23:08.063] P-02 rel 0x11/78 B: byte 15: 0xF7→0xFF bit(s) [3]; byte 17: 0x06→0x09 bit(s) [3]; byte 26: 0x0A→0x09 bit(s) [0]
[14:23:08.093] P-02 rel 0x11/78 B: byte 19: 0xFE→0x00 bit(s) [4, 5, 6, 7]; byte 20: 0xFF→0x00 bit(s) [0, 1, 2, 3, 4, 5, 6, 7]
[14:23:08.108] P-02 rel 0x11/78 B: byte 15: 0xFA→0xF5 bit(s) [3]
[14:23:08.138] P-02 rel 0x11/78 B: byte 15: 0xF0→0xEC bit(s) [3, 4]
[14:23:08.153] P-02 rel 0x11/78 B: byte 15: 0xEC→0xE7 bit(s) [3]
[14:23:08.168] P-02 rel 0x11/78 B: byte 15: 0xE7→0xE8 bit(s) [3]
[14:23:08.183] P-02 rel 0x11/78 B: byte 15: 0xE8→0xF2 bit(s) [3, 4]; byte 17: 0x09→0x06 bit(s) [3]; byte 26: 0x09→0x0A bit(s) [0]
[14:23:08.198] P-02 rel 0x11/78 B: byte 15: 0xF2→0xFB bit(s) [3]
[14:23:08.213] P-02 rel 0x11/78 B: byte 15: 0xFB→0x02 bit(s) [3, 4, 5, 6, 7]; byte 16: 0xFF→0x00 bit(s) [0, 1, 2, 3, 4, 5, 6, 7]
[14:23:08.243] P-02 rel 0x11/78 B: byte 15: 0x01→0xFB bit(s) [3, 4, 5, 6, 7]; byte 16: 0x00→0xFF bit(s) [0, 1, 2, 3, 4, 5, 6, 7]; byte 17: 0x06→0x0B bit(s) [3]; byte 26: 0x0A→0x09 bit(s) [0]
[14:23:08.288] P-02 rel 0x11/78 B: byte 15: 0xFB→0xF0 bit(s) [3]; byte 19: 0x01→0xF8 bit(s) [4, 5, 6, 7]; byte 20: 0x00→0xFF bit(s) [0, 1, 2, 3, 4, 5, 6, 7]
[14:23:08.303] P-02 rel 0x11/78 B: byte 15: 0xF0→0xE9 bit(s) [3, 4]; byte 26: 0x09→0x0A bit(s) [0]
[14:23:08.333] P-02 rel 0x11/78 B: byte 15: 0xEE→0xFA bit(s) [4]; byte 19: 0xFC→0x01 bit(s) [4, 5, 6, 7]; byte 20: 0xFF→0x00 bit(s) [0, 1, 2, 3, 4, 5, 6, 7]
[14:23:08.348] P-02 rel 0x11/78 B: byte 15: 0xFA→0x01 bit(s) [3, 4, 5, 6, 7]; byte 16: 0xFF→0x00 bit(s) [0, 1, 2, 3, 4, 5, 6, 7]; byte 26: 0x0A→0x09 bit(s) [0]
[14:23:08.363] P-02 rel 0x11/78 B: byte 17: 0x09→0x04 bit(s) [3]
[14:23:08.378] P-02 rel 0x11/78 B: byte 26: 0x09→0x0A bit(s) [0]
[14:23:08.393] P-02 rel 0x11/78 B: byte 26: 0x0A→0x09 bit(s) [0]
[14:23:08.408] P-02 rel 0x11/78 B: byte 19: 0x0D→0x10 bit(s) [4]
[14:23:08.423] P-02 rel 0x11/78 B: byte 15: 0x00→0x08 bit(s) [3]; byte 19: 0x10→0x0E bit(s) [4]
[14:23:08.483] P-02 rel 0x11/78 B: byte 19: 0x02→0xFF bit(s) [4, 5, 6, 7]; byte 20: 0x00→0xFF bit(s) [0, 1, 2, 3, 4, 5, 6, 7]
[14:23:08.498] P-02 rel 0x11/78 B: byte 15: 0x08→0xFF bit(s) [4, 5, 6, 7]; byte 16: 0x00→0xFF bit(s) [0, 1, 2, 3, 4, 5, 6, 7]
[14:23:08.528] P-02 rel 0x11/78 B: byte 15: 0xFC→0x04 bit(s) [3, 4, 5, 6, 7]; byte 16: 0xFF→0x00 bit(s) [0, 1, 2, 3, 4, 5, 6, 7]; byte 19: 0xFE→0x00 bit(s) [4, 5, 6, 7]; byte 20: 0xFF→0x00 bit(s) [0, 1, 2, 3, 4, 5, 6, 7]
[14:23:08.543] P-02 rel 0x11/78 B: byte 15: 0x04→0x0F bit(s) [3]; byte 23: 0x26→0xFA bit(s) [7]; byte 24: 0x17→0x16 bit(s) [0]
[14:23:08.558] P-02 rel 0x11/78 B: byte 15: 0x0F→0x12 bit(s) [3, 4]; byte 23: 0xFA→0x04 bit(s) [7]; byte 24: 0x16→0x17 bit(s) [0]
[14:23:08.573] P-02 rel 0x11/78 B: byte 15: 0x12→0x06 bit(s) [4]; byte 23: 0x04→0xFA bit(s) [7]; byte 24: 0x17→0x16 bit(s) [0]
[14:23:08.588] P-02 rel 0x11/78 B: byte 15: 0x06→0xFE bit(s) [3, 4, 5, 6, 7]; byte 16: 0x00→0xFF bit(s) [0, 1, 2, 3, 4, 5, 6, 7]; byte 23: 0xFA→0x0E bit(s) [7]; byte 24: 0x16→0x17 bit(s) [0]
[14:23:08.603] P-02 rel 0x11/78 B: byte 17: 0x06→0x08 bit(s) [3]
[14:23:08.618] P-02 rel 0x11/78 B: byte 15: 0xFD→0x0B bit(s) [4, 5, 6, 7]; byte 16: 0xFF→0x00 bit(s) [0, 1, 2, 3, 4, 5, 6, 7]; byte 17: 0x08→0x05 bit(s) [3]; byte 19: 0x00→0xFE bit(s) [4, 5, 6, 7]; byte 20: 0x00→0xFF bit(s) [0, 1, 2, 3, 4, 5, 6, 7]; byte 26: 0x09→0x0A bit(s) [0]
[14:23:08.633] P-02 rel 0x11/78 B: byte 15: 0x0B→0x13 bit(s) [3, 4]; byte 26: 0x0A→0x09 bit(s) [0]
[14:23:08.648] P-02 rel 0x11/78 B: byte 15: 0x13→0x0F bit(s) [3, 4]; byte 17: 0x03→0xFE bit(s) [3, 4, 5, 6, 7]; byte 18: 0x00→0xFF bit(s) [0, 1, 2, 3, 4, 5, 6, 7]; byte 23: 0x1A→0xF8 bit(s) [7]; byte 24: 0x17→0x16 bit(s) [0]
[14:23:08.663] P-02 rel 0x11/78 B: byte 15: 0x0F→0xFE bit(s) [4, 5, 6, 7]; byte 16: 0x00→0xFF bit(s) [0, 1, 2, 3, 4, 5, 6, 7]; byte 19: 0xFE→0x01 bit(s) [4, 5, 6, 7]; byte 20: 0xFF→0x00 bit(s) [0, 1, 2, 3, 4, 5, 6, 7]
[14:23:08.693] P-02 rel 0x11/78 B: byte 15: 0xFD→0x0C bit(s) [4, 5, 6, 7]; byte 16: 0xFF→0x00 bit(s) [0, 1, 2, 3, 4, 5, 6, 7]; byte 17: 0xFE→0x02 bit(s) [3, 4, 5, 6, 7]; byte 18: 0xFF→0x00 bit(s) [0, 1, 2, 3, 4, 5, 6, 7]; byte 23: 0xD8→0x12 bit(s) [7]; byte 24: 0x16→0x17 bit(s) [0]
[14:23:08.722] P-02 rel 0x11/78 B: byte 26: 0x09→0x0A bit(s) [0]
[14:23:08.738] P-02 rel 0x11/78 B: byte 26: 0x0A→0x09 bit(s) [0]
[14:23:08.768] P-02 rel 0x11/78 B: byte 15: 0x08→0x04 bit(s) [3]; byte 23: 0x08→0xC6 bit(s) [7]; byte 24: 0x17→0x16 bit(s) [0]
[14:23:08.783] P-02 rel 0x11/78 B: byte 15: 0x04→0xFB bit(s) [3, 4, 5, 6, 7]; byte 16: 0x00→0xFF bit(s) [0, 1, 2, 3, 4, 5, 6, 7]; byte 17: 0x05→0x08 bit(s) [3]
[14:23:09.008]      … 12 linha(s) suprimida(s) neste segundo
[14:23:09.008] P-02 rel 0x11/78 B: byte 15: 0xEB→0xE3 bit(s) [3]
[14:23:09.023] P-02 rel 0x11/78 B: byte 15: 0xE3→0xDF bit(s) [3, 4, 5]; byte 19: 0x0F→0x15 bit(s) [4]
[14:23:09.038] P-02 rel 0x11/78 B: byte 15: 0xDF→0xE5 bit(s) [3, 4, 5]
[14:23:09.053] P-02 rel 0x11/78 B: byte 15: 0xE5→0xDF bit(s) [3, 4, 5]; byte 17: 0xFE→0x01 bit(s) [3, 4, 5, 6, 7]; byte 18: 0xFF→0x00 bit(s) [0, 1, 2, 3, 4, 5, 6, 7]
[14:23:09.068] P-02 rel 0x11/78 B: byte 17: 0x01→0xFE bit(s) [3, 4, 5, 6, 7]; byte 18: 0x00→0xFF bit(s) [0, 1, 2, 3, 4, 5, 6, 7]; byte 23: 0x16→0xF4 bit(s) [7]; byte 24: 0x17→0x16 bit(s) [0]
[14:23:09.083] P-02 rel 0x11/78 B: byte 15: 0xDB→0xE9 bit(s) [4, 5]; byte 17: 0xFE→0x04 bit(s) [3, 4, 5, 6, 7]; byte 18: 0xFF→0x00 bit(s) [0, 1, 2, 3, 4, 5, 6, 7]
[14:23:09.098] P-02 rel 0x11/78 B: byte 15: 0xE9→0xF1 bit(s) [3, 4]
[14:23:09.127] P-02 rel 0x11/78 B: byte 15: 0xF1→0xEB bit(s) [3, 4]; byte 23: 0xF4→0x04 bit(s) [7]; byte 24: 0x16→0x17 bit(s) [0]
[14:23:09.158] P-02 rel 0x11/78 B: byte 19: 0x12→0x0E bit(s) [4]
[14:23:09.203] P-02 rel 0x11/78 B: byte 15: 0xEF→0xFD bit(s) [4]
[14:23:09.233] P-02 rel 0x11/78 B: byte 26: 0x09→0x0A bit(s) [0]
[14:23:09.248] P-02 rel 0x11/78 B: byte 19: 0x04→0xFE bit(s) [4, 5, 6, 7]; byte 20: 0x00→0xFF bit(s) [0, 1, 2, 3, 4, 5, 6, 7]; byte 23: 0x1A→0xFC bit(s) [7]; byte 24: 0x17→0x16 bit(s) [0]; byte 26: 0x0A→0x09 bit(s) [0]
[14:23:09.263] P-02 rel 0x11/78 B: byte 15: 0xFB→0x00 bit(s) [3, 4, 5, 6, 7]; byte 16: 0xFF→0x00 bit(s) [0, 1, 2, 3, 4, 5, 6, 7]; byte 23: 0xFC→0x08 bit(s) [7]; byte 24: 0x16→0x17 bit(s) [0]
[14:23:09.278] P-02 rel 0x11/78 B: byte 15: 0x00→0xFC bit(s) [3, 4, 5, 6, 7]; byte 16: 0x00→0xFF bit(s) [0, 1, 2, 3, 4, 5, 6, 7]
[14:23:09.293] P-02 rel 0x11/78 B: byte 15: 0xFC→0xF0 bit(s) [3]
[14:23:09.308] P-02 rel 0x11/78 B: byte 19: 0xFF→0x07 bit(s) [4, 5, 6, 7]; byte 20: 0xFF→0x00 bit(s) [0, 1, 2, 3, 4, 5, 6, 7]
[14:23:09.323] P-02 rel 0x11/78 B: byte 23: 0x12→0xFE bit(s) [7]; byte 24: 0x17→0x16 bit(s) [0]
[14:23:09.338] P-02 rel 0x11/78 B: byte 15: 0xF2→0xED bit(s) [3, 4]; byte 23: 0xFE→0x06 bit(s) [7]; byte 24: 0x16→0x17 bit(s) [0]
[14:23:09.353] P-02 rel 0x11/78 B: byte 23: 0x06→0xCA bit(s) [7]; byte 24: 0x17→0x16 bit(s) [0]
[14:23:09.383] P-02 rel 0x11/78 B: byte 23: 0xF2→0x24 bit(s) [7]; byte 24: 0x16→0x17 bit(s) [0]
[14:23:09.413] P-02 rel 0x11/78 B: byte 15: 0xEB→0xF2 bit(s) [3, 4]
[14:23:09.443] P-02 rel 0x11/78 B: byte 15: 0xF6→0xF9 bit(s) [3]
[14:23:09.458] P-02 rel 0x11/78 B: byte 15: 0xF9→0xF5 bit(s) [3]
[14:23:09.473] P-02 rel 0x11/78 B: byte 17: 0x00→0xFE bit(s) [3, 4, 5, 6, 7]; byte 18: 0x00→0xFF bit(s) [0, 1, 2, 3, 4, 5, 6, 7]
[14:23:09.488] P-02 rel 0x11/78 B: byte 15: 0xF6→0xFA bit(s) [3]; byte 17: 0xFE→0x03 bit(s) [3, 4, 5, 6, 7]; byte 18: 0xFF→0x00 bit(s) [0, 1, 2, 3, 4, 5, 6, 7]; byte 23: 0x24→0xF8 bit(s) [7]; byte 24: 0x17→0x16 bit(s) [0]
[14:23:09.503] P-02 rel 0x11/78 B: byte 23: 0xF8→0x12 bit(s) [7]; byte 24: 0x16→0x17 bit(s) [0]
[14:23:09.518] P-02 rel 0x11/78 B: byte 15: 0xFB→0xF3 bit(s) [3]; byte 19: 0x0C→0x11 bit(s) [4]
[14:23:09.549] P-02 rel 0x11/78 B: byte 15: 0xF5→0xF9 bit(s) [3]; byte 23: 0x20→0xF8 bit(s) [7]; byte 24: 0x17→0x16 bit(s) [0]
[14:23:09.563] P-02 rel 0x11/78 B: byte 15: 0xF9→0xF6 bit(s) [3]; byte 19: 0x1C→0x22 bit(s) [4, 5]; byte 23: 0xF8→0x24 bit(s) [7]; byte 24: 0x16→0x17 bit(s) [0]
[14:23:09.578] P-02 rel 0x11/78 B: byte 15: 0xF6→0xEF bit(s) [3, 4]; byte 17: 0x00→0xFA bit(s) [3, 4, 5, 6, 7]; byte 18: 0x00→0xFF bit(s) [0, 1, 2, 3, 4, 5, 6, 7]; byte 19: 0x22→0x32 bit(s) [4]; byte 23: 0x24→0xF4 bit(s) [7]; byte 24: 0x17→0x16 bit(s) [0]
[14:23:09.593] P-02 rel 0x11/78 B: byte 15: 0xEF→0xE5 bit(s) [3]
[14:23:09.608] P-02 rel 0x11/78 B: byte 15: 0xE5→0xDB bit(s) [3, 4, 5]; byte 17: 0xF9→0xF5 bit(s) [3]; byte 23: 0xEC→0x0A bit(s) [7]; byte 24: 0x16→0x17 bit(s) [0]; byte 26: 0x09→0x0A bit(s) [0]
[14:23:09.623] P-02 rel 0x11/78 B: byte 15: 0xDB→0xD4 bit(s) [3]; byte 19: 0x3B→0x42 bit(s) [4, 5, 6]; byte 26: 0x0A→0x09 bit(s) [0]
[14:23:09.638] P-02 rel 0x11/78 B: byte 15: 0xD4→0xCD bit(s) [3, 4]; byte 23: 0x1A→0xE0 bit(s) [7]; byte 24: 0x17→0x16 bit(s) [0]
[14:23:09.653] P-02 rel 0x11/78 B: byte 15: 0xCD→0xC5 bit(s) [3]; byte 17: 0xF1→0xED bit(s) [3, 4]; byte 23: 0xE0→0x08 bit(s) [7]; byte 24: 0x16→0x17 bit(s) [0]
[14:23:09.682] P-02 rel 0x11/78 B: byte 17: 0xED→0xF0 bit(s) [3, 4]; byte 26: 0x09→0x0A bit(s) [0]
[14:23:09.698] P-02 rel 0x11/78 B: byte 15: 0xC1→0xBB bit(s) [3, 4, 5, 6]; byte 21: 0xFA→0x06 bit(s) [7]; byte 22: 0xF9→0xFA bit(s) [0, 1]; byte 26: 0x0A→0x09 bit(s) [0]
[14:23:09.713] P-02 rel 0x11/78 B: byte 15: 0xBB→0xC2 bit(s) [3, 4, 5, 6]
[14:23:09.728] P-02 rel 0x11/78 B: byte 15: 0xC2→0xBF bit(s) [3, 4, 5, 6]; byte 21: 0x1A→0xF8 bit(s) [7]; byte 22: 0xFA→0xF9 bit(s) [0, 1]
[14:23:09.743] P-02 rel 0x11/78 B: byte 15: 0xBF→0xC3 bit(s) [3, 4, 5, 6]; byte 17: 0xF6→0xF9 bit(s) [3]; byte 21: 0xF8→0x06 bit(s) [7]; byte 22: 0xF9→0xFA bit(s) [0, 1]; byte 23: 0x6E→0x84 bit(s) [7]; byte 26: 0x09→0x0A bit(s) [0]
[14:23:10.013]      … 15 linha(s) suprimida(s) neste segundo
[14:23:10.013] P-02 rel 0x11/78 B: byte 15: 0x07→0xFE bit(s) [3, 4, 5, 6, 7]; byte 16: 0x00→0xFF bit(s) [0, 1, 2, 3, 4, 5, 6, 7]; byte 17: 0x0A→0x07 bit(s) [3]
[14:23:10.028] P-02 rel 0x11/78 B: byte 15: 0xFE→0x03 bit(s) [3, 4, 5, 6, 7]; byte 16: 0xFF→0x00 bit(s) [0, 1, 2, 3, 4, 5, 6, 7]; byte 17: 0x07→0x09 bit(s) [3]
[14:23:10.043] P-02 rel 0x11/78 B: byte 17: 0x09→0x04 bit(s) [3]; byte 19: 0xED→0xF4 bit(s) [4]; byte 21: 0x06→0xE8 bit(s) [7]; byte 22: 0xFA→0xF9 bit(s) [0, 1]; byte 26: 0x09→0x0A bit(s) [0]
[14:23:10.058] P-02 rel 0x11/78 B: byte 15: 0x06→0x09 bit(s) [3]; byte 21: 0xE8→0x0C bit(s) [7]; byte 22: 0xF9→0xFA bit(s) [0, 1]
[14:23:10.073] P-02 rel 0x11/78 B: byte 21: 0x0C→0xEE bit(s) [7]; byte 22: 0xFA→0xF9 bit(s) [0, 1]
[14:23:10.088] P-02 rel 0x11/78 B: byte 19: 0xFD→0x00 bit(s) [4, 5, 6, 7]; byte 20: 0xFF→0x00 bit(s) [0, 1, 2, 3, 4, 5, 6, 7]
[14:23:10.103] P-02 rel 0x11/78 B: byte 15: 0x08→0xFF bit(s) [4, 5, 6, 7]; byte 16: 0x00→0xFF bit(s) [0, 1, 2, 3, 4, 5, 6, 7]; byte 26: 0x0A→0x09 bit(s) [0]
[14:23:10.133] P-02 rel 0x11/78 B: byte 21: 0xFA→0x04 bit(s) [7]; byte 22: 0xF9→0xFA bit(s) [0, 1]
[14:23:10.148] P-02 rel 0x11/78 B: byte 21: 0x04→0xDE bit(s) [7]; byte 22: 0xFA→0xF9 bit(s) [0, 1]
[14:23:10.163] P-02 rel 0x11/78 B: byte 15: 0xFE→0x06 bit(s) [3, 4, 5, 6, 7]; byte 16: 0xFF→0x00 bit(s) [0, 1, 2, 3, 4, 5, 6, 7]; byte 17: 0x07→0x08 bit(s) [3]
[14:23:10.178] P-02 rel 0x11/78 B: byte 21: 0xEE→0x02 bit(s) [7]; byte 22: 0xF9→0xFA bit(s) [0, 1]
[14:23:10.193] P-02 rel 0x11/78 B: byte 15: 0x06→0xF9 bit(s) [3, 4, 5, 6, 7]; byte 16: 0x00→0xFF bit(s) [0, 1, 2, 3, 4, 5, 6, 7]; byte 17: 0x0A→0x06 bit(s) [3]; byte 19: 0x00→0xFE bit(s) [4, 5, 6, 7]; byte 20: 0x00→0xFF bit(s) [0, 1, 2, 3, 4, 5, 6, 7]; byte 21: 0x02→0xE6 bit(s) [7]; byte 22: 0xFA→0xF9 bit(s) [0, 1]; byte 26: 0x09→0x0A bit(s) [0]
[14:23:10.208] P-02 rel 0x11/78 B: byte 15: 0xF9→0xF7 bit(s) [3]; byte 26: 0x0A→0x09 bit(s) [0]
[14:23:10.223] P-02 rel 0x11/78 B: byte 15: 0xF7→0x02 bit(s) [4, 5, 6, 7]; byte 16: 0xFF→0x00 bit(s) [0, 1, 2, 3, 4, 5, 6, 7]; byte 17: 0x05→0x08 bit(s) [3]; byte 26: 0x09→0x0A bit(s) [0]
[14:23:10.238] P-02 rel 0x11/78 B: byte 15: 0x02→0x0B bit(s) [3]; byte 26: 0x0A→0x09 bit(s) [0]
[14:23:10.268] P-02 rel 0x11/78 B: byte 15: 0x0B→0x01 bit(s) [3]; byte 26: 0x09→0x0A bit(s) [0]
[14:23:10.283] P-02 rel 0x11/78 B: byte 15: 0x01→0xE8 bit(s) [3, 5, 6, 7]; byte 16: 0x00→0xFF bit(s) [0, 1, 2, 3, 4, 5, 6, 7]
[14:23:10.298] P-02 rel 0x11/78 B: byte 15: 0xE8→0xF7 bit(s) [3, 4]; byte 26: 0x0A→0x09 bit(s) [0]
[14:23:10.313] P-02 rel 0x11/78 B: byte 15: 0xF7→0xFA bit(s) [3]; byte 26: 0x09→0x0A bit(s) [0]
[14:23:10.328] P-02 rel 0x11/78 B: byte 17: 0x0B→0x07 bit(s) [3]
[14:23:10.343] P-02 rel 0x11/78 B: byte 17: 0x07→0x08 bit(s) [3]; byte 19: 0xFF→0x03 bit(s) [4, 5, 6, 7]; byte 20: 0xFF→0x00 bit(s) [0, 1, 2, 3, 4, 5, 6, 7]; byte 26: 0x0A→0x09 bit(s) [0]
[14:23:10.358] P-02 rel 0x11/78 B: byte 17: 0x08→0x05 bit(s) [3]; byte 26: 0x09→0x0A bit(s) [0]
[14:23:10.388] P-02 rel 0x11/78 B: byte 15: 0xF9→0xF7 bit(s) [3]
[14:23:10.403] P-02 rel 0x11/78 B: byte 15: 0xF7→0xF9 bit(s) [3]; byte 26: 0x0A→0x09 bit(s) [0]
[14:23:10.434] P-02 rel 0x11/78 B: byte 15: 0xFA→0xF1 bit(s) [3]
[14:23:10.449] P-02 rel 0x11/78 B: byte 15: 0xF1→0xEE bit(s) [3, 4]
[14:23:10.463] P-02 rel 0x11/78 B: byte 15: 0xEE→0xE3 bit(s) [3]; byte 19: 0x0D→0x14 bit(s) [4]
[14:23:10.478] P-02 rel 0x11/78 B: byte 15: 0xE3→0xDE bit(s) [3, 4, 5]
[14:23:10.493] P-02 rel 0x11/78 B: byte 15: 0xDE→0xE4 bit(s) [3, 4, 5]; byte 21: 0xE6→0x08 bit(s) [7]; byte 22: 0xF9→0xFA bit(s) [0, 1]; byte 26: 0x09→0x0A bit(s) [0]
[14:23:10.509] P-02 rel 0x11/78 B: byte 15: 0xE4→0xFE bit(s) [3, 4]; byte 26: 0x0A→0x09 bit(s) [0]
[14:23:10.524] P-02 rel 0x11/78 B: byte 15: 0xFE→0x13 bit(s) [3, 5, 6, 7]; byte 16: 0xFF→0x00 bit(s) [0, 1, 2, 3, 4, 5, 6, 7]; byte 17: 0x07→0x08 bit(s) [3]
[14:23:10.538] P-02 rel 0x11/78 B: byte 15: 0x13→0x07 bit(s) [4]; byte 17: 0x08→0x06 bit(s) [3]; byte 21: 0x1C→0xFE bit(s) [7]; byte 22: 0xFA→0xF9 bit(s) [0, 1]
[14:23:10.553] P-02 rel 0x11/78 B: byte 15: 0x07→0xF3 bit(s) [4, 5, 6, 7]; byte 16: 0x00→0xFF bit(s) [0, 1, 2, 3, 4, 5, 6, 7]; byte 23: 0x38→0xFE bit(s) [7]; byte 24: 0x17→0x16 bit(s) [0]
[14:23:10.568] P-02 rel 0x11/78 B: byte 15: 0xF3→0xEC bit(s) [3, 4]; byte 23: 0xFE→0x0A bit(s) [7]; byte 24: 0x16→0x17 bit(s) [0]
[14:23:10.583] P-02 rel 0x11/78 B: byte 15: 0xEC→0xE4 bit(s) [3]; byte 26: 0x09→0x0A bit(s) [0]
[14:23:10.598] P-02 rel 0x11/78 B: byte 15: 0xE4→0xDF bit(s) [3, 4, 5]; byte 17: 0x05→0x09 bit(s) [3]; byte 19: 0x12→0x0E bit(s) [4]; byte 21: 0xDE→0x0A bit(s) [7]; byte 22: 0xF9→0xFA bit(s) [0, 1]; byte 26: 0x0A→0x09 bit(s) [0]
[14:23:10.613] P-02 rel 0x11/78 B: byte 15: 0xDF→0xED bit(s) [4, 5]; byte 17: 0x09→0x05 bit(s) [3]; byte 26: 0x09→0x0A bit(s) [0]
[14:23:10.628] P-02 rel 0x11/78 B: byte 15: 0xED→0xF6 bit(s) [3, 4]; byte 17: 0x05→0x08 bit(s) [3]; byte 23: 0x70→0xA0 bit(s) [7]
[14:23:10.643] P-02 rel 0x11/78 B: byte 23: 0xA0→0x76 bit(s) [7]
[14:23:10.658] P-02 rel 0x11/78 B: byte 15: 0xF3→0xE2 bit(s) [4]; byte 17: 0x0A→0x07 bit(s) [3]
[14:23:11.003]      … 20 linha(s) suprimida(s) neste segundo
[14:23:11.003] P-02 rel 0x11/78 B: byte 15: 0xFB→0x9F bit(s) [5, 6]; byte 17: 0x0F→0x04 bit(s) [3]; byte 19: 0xCB→0xD5 bit(s) [4]
[14:23:11.018] P-02 rel 0x11/78 B: byte 17: 0x04→0xFF bit(s) [3, 4, 5, 6, 7]; byte 18: 0x00→0xFF bit(s) [0, 1, 2, 3, 4, 5, 6, 7]; byte 21: 0x76→0xA6 bit(s) [7]; byte 23: 0x02→0xC4 bit(s) [7]; byte 24: 0x16→0x15 bit(s) [0, 1]
[14:23:11.033] P-02 rel 0x11/78 B: byte 15: 0x9B→0x86 bit(s) [3, 4]; byte 17: 0xFF→0x02 bit(s) [3, 4, 5, 6, 7]; byte 18: 0xFF→0x00 bit(s) [0, 1, 2, 3, 4, 5, 6, 7]; byte 23: 0xC4→0x7A bit(s) [7]; byte 26: 0x09→0x08 bit(s) [0]
[14:23:11.048] P-02 rel 0x11/78 B: byte 15: 0x86→0x63 bit(s) [5, 6, 7]
[14:23:11.063] P-02 rel 0x11/78 B: byte 15: 0x63→0x3B bit(s) [3, 4, 6]; byte 23: 0x68→0xDA bit(s) [7]
[14:23:11.078] P-02 rel 0x11/78 B: byte 15: 0x3B→0x46 bit(s) [3, 4, 5, 6]; byte 23: 0xDA→0x1E bit(s) [7]; byte 24: 0x15→0x16 bit(s) [0, 1]
[14:23:11.093] P-02 rel 0x11/78 B: byte 15: 0x46→0x67 bit(s) [5]
[14:23:11.108] P-02 rel 0x11/78 B: byte 15: 0x67→0x77 bit(s) [4]; byte 17: 0x01→0xF9 bit(s) [3, 4, 5, 6, 7]; byte 18: 0x00→0xFF bit(s) [0, 1, 2, 3, 4, 5, 6, 7]; byte 21: 0xD4→0x18 bit(s) [7]; byte 22: 0xF9→0xFA bit(s) [0, 1]
[14:23:11.123] P-02 rel 0x11/78 B: byte 21: 0x18→0xDC bit(s) [7]; byte 22: 0xFA→0xF9 bit(s) [0, 1]
[14:23:11.138] P-02 rel 0x11/78 B: byte 15: 0x73→0x5D bit(s) [3, 5]; byte 19: 0xDD→0xE0 bit(s) [4, 5]; byte 23: 0x36→0xC4 bit(s) [7]; byte 24: 0x16→0x15 bit(s) [0, 1]
[14:23:11.153] P-02 rel 0x11/78 B: byte 15: 0x5D→0x42 bit(s) [3, 4]; byte 17: 0xF8→0xED bit(s) [4]; byte 19: 0xE0→0xDA bit(s) [4, 5]; byte 23: 0xC4→0x58 bit(s) [7]
[14:23:11.170] P-02 rel 0x11/78 B: byte 15: 0x42→0x3B bit(s) [3, 4, 5, 6]; byte 26: 0x08→0x07 bit(s) [0]
[14:23:11.184] P-02 rel 0x11/78 B: byte 15: 0x3B→0x2B bit(s) [4]; byte 17: 0xED→0xE2 bit(s) [3]; byte 19: 0xDF→0xE8 bit(s) [4, 5]; byte 21: 0xDA→0x4C bit(s) [7]; byte 22: 0xF9→0xFA bit(s) [0, 1]; byte 26: 0x07→0x08 bit(s) [0]
[14:23:11.198] P-02 rel 0x11/78 B: byte 15: 0x2B→0xDE bit(s) [4, 5, 6, 7]; byte 16: 0x00→0xFF bit(s) [0, 1, 2, 3, 4, 5, 6, 7]; byte 21: 0x4C→0xEC bit(s) [7]; byte 22: 0xFA→0xF9 bit(s) [0, 1]; byte 26: 0x08→0x07 bit(s) [0]
[14:23:11.214] P-02 rel 0x11/78 B: byte 4: 0x80→0x7F bit(s) [0, 1, 2, 3, 4, 5, 6, 7]; byte 15: 0xDE→0xD2 bit(s) [3]; byte 17: 0xE5→0xF6 bit(s) [4]; byte 21: 0xEC→0x74 bit(s) [7]; byte 23: 0x0C→0x80 bit(s) [7]; byte 26: 0x07→0x08 bit(s) [0]
[14:23:11.229] P-02 rel 0x11/78 B: byte 3: 0x80→0x82 bit(s) [1]; byte 17: 0xF6→0xF9 bit(s) [3]; byte 19: 0xE6→0xDF bit(s) [4, 5]; byte 21: 0x74→0x8E bit(s) [7]
[14:23:11.244] P-02 rel 0x11/78 B: byte 3: 0x82→0x85 bit(s) [0, 1, 2]; byte 15: 0xD4→0xEF bit(s) [3, 4, 5]; byte 19: 0xDF→0xE1 bit(s) [4, 5]; byte 21: 0x8E→0x4C bit(s) [7]
[14:23:11.258] P-02 rel 0x11/78 B: byte 3: 0x85→0x87 bit(s) [1]; byte 4: 0x7F→0x80 bit(s) [0, 1, 2, 3, 4, 5, 6, 7]; byte 15: 0xEF→0x1C bit(s) [4, 5, 6, 7]; byte 16: 0xFF→0x00 bit(s) [0, 1, 2, 3, 4, 5, 6, 7]; byte 21: 0x4C→0xFC bit(s) [7]; byte 22: 0xF9→0xF8 bit(s) [0]; byte 23: 0xAA→0x00 bit(s) [7]; byte 24: 0x15→0x16 bit(s) [0, 1]
[14:23:11.273] P-02 rel 0x11/78 B: byte 15: 0x1C→0x2F bit(s) [4, 5]; byte 17: 0xFC→0xF2 bit(s) [3]; byte 19: 0xEB→0xFE bit(s) [4]; byte 21: 0xFC→0x00 bit(s) [7]; byte 22: 0xF8→0xF9 bit(s) [0]; byte 24: 0x16→0x15 bit(s) [0, 1]
[14:23:11.289] P-02 rel 0x11/78 B: byte 8: 0x00→0x40 bit(s) [6]; byte 15: 0x2F→0xF0 bit(s) [3, 4, 6, 7]; byte 16: 0x00→0xFF bit(s) [0, 1, 2, 3, 4, 5, 6, 7]; byte 17: 0xF2→0xE4 bit(s) [4]; byte 19: 0xFE→0x21 bit(s) [4, 6, 7]; byte 20: 0xFF→0x00 bit(s) [0, 1, 2, 3, 4, 5, 6, 7]; byte 23: 0x3E→0x9E bit(s) [7]
[14:23:11.289] P-01 botão "Left Thumbstick Button" [leftThumbstickButton]: PRESSIONADO
[14:23:11.303] P-02 rel 0x11/78 B: byte 15: 0xF0→0xC5 bit(s) [4, 5]; byte 17: 0xE4→0xD6 bit(s) [4, 5]; byte 19: 0x21→0x34 bit(s) [4]; byte 26: 0x08→0x07 bit(s) [0]
[14:23:11.320] P-02 rel 0x11/78 B: byte 3: 0x87→0x84 bit(s) [0, 1]; byte 15: 0xC5→0x97 bit(s) [4, 6]; byte 17: 0xD6→0xDA bit(s) [3]; byte 19: 0x34→0x51 bit(s) [5, 6]; byte 21: 0x42→0xA6 bit(s) [7]; byte 24: 0x15→0x14 bit(s) [0]; byte 26: 0x07→0x08 bit(s) [0]
[14:23:11.333] P-02 rel 0x11/78 B: byte 3: 0x84→0x83 bit(s) [0, 1, 2]; byte 15: 0x97→0x47 bit(s) [4, 6, 7]; byte 17: 0xDA→0xE2 bit(s) [3, 4, 5]
[14:23:11.348] P-02 rel 0x11/78 B: byte 15: 0x47→0x14 bit(s) [4, 6]; byte 17: 0xE2→0xDC bit(s) [3, 4, 5]; byte 19: 0x56→0x48 bit(s) [4]; byte 21: 0xFE→0x48 bit(s) [7]
[14:23:11.377] P-02 rel 0x11/78 B: byte 17: 0xDC→0xE9 bit(s) [4, 5]; byte 19: 0x48→0x38 bit(s) [4, 5, 6]; byte 22: 0xF9→0xF8 bit(s) [0]; byte 24: 0x14→0x15 bit(s) [0]; byte 26: 0x08→0x09 bit(s) [0]
[14:23:11.393] P-02 rel 0x11/78 B: byte 15: 0x11→0x6B bit(s) [3, 4, 5, 6]; byte 17: 0xE9→0xE4 bit(s) [3]; byte 21: 0x36→0xF0 bit(s) [7]; byte 22: 0xF8→0xF7 bit(s) [0, 1, 2, 3]; byte 24: 0x15→0x16 bit(s) [0, 1]
[14:23:11.408] P-02 rel 0x11/78 B: byte 15: 0x6B→0xD3 bit(s) [3, 4, 5, 7]; byte 17: 0xE4→0xEC bit(s) [3]; byte 23: 0x8A→0x5E bit(s) [7]; byte 24: 0x16→0x17 bit(s) [0]
[14:23:11.437] P-02 rel 0x11/78 B: byte 3: 0x83→0x86 bit(s) [0, 2]; byte 15: 0xD3→0x35 bit(s) [5, 6, 7]; byte 16: 0xFF→0x00 bit(s) [0, 1, 2, 3, 4, 5, 6, 7]; byte 17: 0xEC→0xF0 bit(s) [3, 4]; byte 19: 0x38→0x51 bit(s) [5, 6]; byte 21: 0xFC→0x20 bit(s) [7]; byte 22: 0xF7→0xF8 bit(s) [0, 1, 2, 3]; byte 26: 0x09→0x0A bit(s) [0]
[14:23:11.453] P-02 rel 0x11/78 B: byte 3: 0x86→0x89 bit(s) [0, 1, 2, 3]; byte 4: 0x80→0x7E bit(s) [1, 2, 3, 4, 5, 6, 7]; byte 15: 0x35→0x5B bit(s) [3, 5, 6]; byte 19: 0x51→0x63 bit(s) [4, 5]
[14:23:11.468] P-02 rel 0x11/78 B: byte 3: 0x89→0x8E bit(s) [0, 1, 2]; byte 4: 0x7E→0x7B bit(s) [0, 2]; byte 8: 0x40→0x00 bit(s) [6]; byte 15: 0x5B→0x4C bit(s) [4]; byte 19: 0x63→0x4E bit(s) [5]; byte 21: 0x2E→0x8E bit(s) [7]; byte 22: 0xF8→0xF9 bit(s) [0]; byte 23: 0x28→0xBE bit(s) [7]; byte 24: 0x17→0x16 bit(s) [0]
[14:23:11.468] P-01 botão "Left Thumbstick Button" [leftThumbstickButton]: solto
[14:23:11.483] P-02 rel 0x11/78 B: byte 4: 0x7B→0x75 bit(s) [1, 2, 3]; byte 15: 0x4C→0xF4 bit(s) [3, 4, 5, 7]; byte 16: 0x00→0xFF bit(s) [0, 1, 2, 3, 4, 5, 6, 7]; byte 17: 0xF4→0xCB bit(s) [3, 4, 5]; byte 19: 0x4E→0x55 bit(s) [4]; byte 24: 0x16→0x14 bit(s) [1]; byte 26: 0x0A→0x07 bit(s) [0]
[14:23:11.483] P-01 botão "Left Thumbstick Right" [sem propriedade nomeada]: PRESSIONADO
[14:23:11.483] P-01 botão "Left Thumbstick Up" [sem propriedade nomeada]: PRESSIONADO
[14:23:11.498] P-02 rel 0x11/78 B: byte 3: 0x8E→0x89 bit(s) [0, 1, 2]; byte 15: 0xF4→0x1A bit(s) [3, 5, 6, 7]; byte 16: 0xFF→0x00 bit(s) [0, 1, 2, 3, 4, 5, 6, 7]; byte 17: 0xCB→0xE4 bit(s) [3, 5]; byte 19: 0x55→0x30 bit(s) [5, 6]; byte 21: 0x9A→0x48 bit(s) [7]; byte 22: 0xF9→0xFA bit(s) [0, 1]; byte 23: 0xEC→0x1A bit(s) [7]
[14:23:11.498] P-01 botão "Left Thumbstick Right" [sem propriedade nomeada]: solto
[14:23:11.498] P-01 botão "Left Thumbstick Up" [sem propriedade nomeada]: solto
[14:23:11.513] P-02 rel 0x11/78 B: byte 3: 0x89→0x84 bit(s) [0, 2, 3]; byte 4: 0x75→0x78 bit(s) [0, 2, 3]; byte 15: 0x1A→0x28 bit(s) [4, 5]; byte 17: 0xE4→0xEC bit(s) [3]; byte 19: 0x30→0x11 bit(s) [5]; byte 21: 0x48→0xA6 bit(s) [7]; byte 24: 0x14→0x15 bit(s) [0]
[14:23:11.528] P-02 rel 0x11/78 B: byte 3: 0x84→0x82 bit(s) [1, 2]; byte 4: 0x78→0x7A bit(s) [1]; byte 15: 0x28→0xFE bit(s) [4, 6, 7]; byte 16: 0x00→0xFF bit(s) [0, 1, 2, 3, 4, 5, 6, 7]; byte 17: 0xEC→0xF6 bit(s) [3, 4]; byte 21: 0xA6→0x6C bit(s) [7]; byte 22: 0xFA→0xFB bit(s) [0]; byte 23: 0x7C→0x96 bit(s) [7]; byte 26: 0x07→0x08 bit(s) [0]
[14:23:11.543] P-02 rel 0x11/78 B: byte 3: 0x82→0x80 bit(s) [1]; byte 4: 0x7A→0x80 bit(s) [1, 3, 4, 5, 6, 7]; byte 15: 0xFE→0xEA bit(s) [4]; byte 17: 0xF6→0x09 bit(s) [3, 4, 5, 6, 7]; byte 18: 0xFF→0x00 bit(s) [0, 1, 2, 3, 4, 5, 6, 7]; byte 19: 0x10→0x03 bit(s) [4]; byte 23: 0x96→0x2E bit(s) [7]
[14:23:11.558] P-02 rel 0x11/78 B: byte 17: 0x09→0x1E bit(s) [4]; byte 19: 0x03→0xF1 bit(s) [4, 5, 6, 7]; byte 20: 0x00→0xFF bit(s) [0, 1, 2, 3, 4, 5, 6, 7]
[14:23:11.573] P-02 rel 0x11/78 B: byte 15: 0xEF→0xE5 bit(s) [3]; byte 17: 0x1E→0x21 bit(s) [3, 4, 5]; byte 19: 0xF1→0xE9 bit(s) [4]; byte 21: 0x10→0xDC bit(s) [7]; byte 22: 0xFB→0xFA bit(s) [0]; byte 23: 0x78→0xA4 bit(s) [7]
[14:23:11.588] P-02 rel 0x11/78 B: byte 19: 0xE9→0xDF bit(s) [4, 5]; byte 21: 0xDC→0x68 bit(s) [7]
[14:23:11.603] P-02 rel 0x11/78 B: byte 15: 0xE1→0xE8 bit(s) [3]; byte 17: 0x23→0x2B bit(s) [3]; byte 23: 0xA2→0x04 bit(s) [7]; byte 24: 0x15→0x16 bit(s) [0, 1]
[14:23:11.618] P-02 rel 0x11/78 B: byte 15: 0xE8→0xF5 bit(s) [3, 4]; byte 17: 0x2B→0x34 bit(s) [3, 4]; byte 21: 0x30→0xA6 bit(s) [7]; byte 22: 0xFA→0xF9 bit(s) [0, 1]; byte 23: 0x04→0xEC bit(s) [7]; byte 24: 0x16→0x15 bit(s) [0, 1]
[14:23:11.783] P-01 botão "Right Thumbstick Button" [rightThumbstickButton]: PRESSIONADO
[14:23:11.933] P-01 botão "Right Thumbstick Button" [rightThumbstickButton]: solto
[14:23:12.022]      … 23 linha(s) suprimida(s) neste segundo
[14:23:12.022] P-02 rel 0x11/78 B: byte 15: 0x68→0x7C bit(s) [4]; byte 17: 0xCE→0xE5 bit(s) [3, 5]; byte 19: 0x41→0x39 bit(s) [4, 5, 6]; byte 22: 0xFA→0xF9 bit(s) [0, 1]; byte 23: 0x90→0x2A bit(s) [7]; byte 26: 0x08→0x07 bit(s) [0]
[14:23:12.038] P-02 rel 0x11/78 B: byte 15: 0x7C→0xA2 bit(s) [3, 4, 6, 7]; byte 17: 0xE5→0xEF bit(s) [3]; byte 21: 0x5C→0xFA bit(s) [7]; byte 22: 0xF9→0xF8 bit(s) [0]; byte 23: 0x2A→0xFE bit(s) [7]; byte 24: 0x15→0x14 bit(s) [0]
[14:23:12.053] P-02 rel 0x11/78 B: byte 15: 0xA2→0xFE bit(s) [3, 4, 6]; byte 16: 0xFF→0x00 bit(s) [0, 1, 2, 3, 4, 5, 6, 7]; byte 17: 0xEF→0x0B bit(s) [5, 6, 7]; byte 18: 0xFF→0x00 bit(s) [0, 1, 2, 3, 4, 5, 6, 7]; byte 19: 0x38→0x67 bit(s) [4, 6]; byte 21: 0xFA→0x6C bit(s) [7]; byte 22: 0xF8→0xF9 bit(s) [0]; byte 24: 0x14→0x15 bit(s) [0]; byte 26: 0x07→0x08 bit(s) [0]
[14:23:12.068] P-02 rel 0x11/78 B: byte 15: 0xFE→0x11 bit(s) [3, 5, 6, 7]; byte 16: 0x00→0x01 bit(s) [0]; byte 19: 0x67→0x5F bit(s) [4, 5]; byte 21: 0x6C→0xA2 bit(s) [7]; byte 23: 0xDE→0x3E bit(s) [7]; byte 24: 0x15→0x16 bit(s) [0, 1]
[14:23:12.083] P-02 rel 0x11/78 B: byte 15: 0x11→0xA7 bit(s) [4, 5, 7]; byte 16: 0x01→0x00 bit(s) [0]; byte 23: 0x3E→0x9E bit(s) [7]
[14:23:12.098] P-02 rel 0x11/78 B: byte 15: 0xA7→0x1D bit(s) [3, 4, 5, 7]; byte 21: 0xE4→0x30 bit(s) [7]; byte 22: 0xF9→0xFA bit(s) [0, 1]; byte 23: 0x9E→0x14 bit(s) [7]; byte 24: 0x16→0x17 bit(s) [0]
[14:23:12.113] P-02 rel 0x11/78 B: byte 15: 0x1D→0xA5 bit(s) [3, 4, 5, 7]; byte 16: 0x00→0xFF bit(s) [0, 1, 2, 3, 4, 5, 6, 7]; byte 17: 0x0E→0x1C bit(s) [4]; byte 19: 0x50→0x4B bit(s) [4]; byte 24: 0x17→0x16 bit(s) [0]
[14:23:12.128] P-02 rel 0x11/78 B: byte 15: 0xA5→0x72 bit(s) [4, 6, 7]; byte 19: 0x4B→0x3F bit(s) [4, 5, 6]; byte 23: 0x52→0xDC bit(s) [7]; byte 24: 0x16→0x15 bit(s) [0, 1]; byte 26: 0x08→0x09 bit(s) [0]
[14:23:12.143] P-02 rel 0x11/78 B: byte 17: 0x1D→0x14 bit(s) [3]; byte 19: 0x3F→0x29 bit(s) [4]; byte 21: 0x0E→0xA8 bit(s) [7]; byte 22: 0xFA→0xF9 bit(s) [0, 1]
[14:23:12.158] P-02 rel 0x11/78 B: byte 15: 0x73→0x7B bit(s) [3]; byte 17: 0x14→0x09 bit(s) [3, 4]; byte 19: 0x29→0x14 bit(s) [4, 5]; byte 21: 0xA8→0x3E bit(s) [7]
[14:23:12.173] P-02 rel 0x11/78 B: byte 15: 0x7B→0xAA bit(s) [4, 6, 7]; byte 17: 0x09→0x13 bit(s) [3, 4]; byte 19: 0x14→0x06 bit(s) [4]; byte 21: 0x3E→0x94 bit(s) [7]; byte 22: 0xF9→0xF8 bit(s) [0]; byte 23: 0xC2→0x7E bit(s) [7]; byte 26: 0x0B→0x06 bit(s) [0]
[14:23:12.188] P-02 rel 0x11/78 B: byte 15: 0xAA→0xE8 bit(s) [6]; byte 17: 0x13→0x1E bit(s) [3]; byte 19: 0x06→0xFD bit(s) [4, 5, 6, 7]; byte 20: 0x00→0xFF bit(s) [0, 1, 2, 3, 4, 5, 6, 7]; byte 21: 0x94→0x14 bit(s) [7]; byte 22: 0xF8→0xFB bit(s) [0, 1]; byte 23: 0x7E→0xE4 bit(s) [7]; byte 26: 0x06→0x09 bit(s) [0]
[14:23:12.203] P-02 rel 0x11/78 B: byte 15: 0xE8→0xBF bit(s) [4, 6]; byte 17: 0x1E→0x07 bit(s) [3, 4]; byte 22: 0xFB→0xFA bit(s) [0]; byte 26: 0x09→0x08 bit(s) [0]
[14:23:12.218] P-02 rel 0x11/78 B: byte 15: 0xBF→0x63 bit(s) [3, 4, 6, 7]; byte 17: 0x07→0x20 bit(s) [5]; byte 19: 0xF9→0xE4 bit(s) [4]
[14:23:12.233] P-02 rel 0x11/78 B: byte 15: 0x63→0x4E bit(s) [3, 5]; byte 19: 0xE4→0xDD bit(s) [4, 5]; byte 22: 0xFA→0xF9 bit(s) [0, 1]; byte 24: 0x15→0x16 bit(s) [0, 1]; byte 26: 0x08→0x09 bit(s) [0]
[14:23:12.248] P-02 rel 0x11/78 B: byte 15: 0x4E→0x42 bit(s) [3]; byte 21: 0x6E→0xFE bit(s) [7]; byte 22: 0xF9→0xF8 bit(s) [0]; byte 23: 0xBC→0x60 bit(s) [7]; byte 24: 0x16→0x17 bit(s) [0]
[14:23:12.263] P-02 rel 0x11/78 B: byte 15: 0x42→0xAA bit(s) [3, 5, 6, 7]; byte 17: 0x20→0x1E bit(s) [3, 4, 5]; byte 21: 0xFE→0x48 bit(s) [7]; byte 22: 0xF8→0xF9 bit(s) [0]; byte 24: 0x17→0x16 bit(s) [0]; byte 26: 0x09→0x08 bit(s) [0]
[14:23:12.278] P-02 rel 0x11/78 B: byte 15: 0xAA→0x05 bit(s) [3, 5, 7]; byte 16: 0xFF→0x00 bit(s) [0, 1, 2, 3, 4, 5, 6, 7]; byte 17: 0x1E→0x23 bit(s) [3, 4, 5]; byte 19: 0xD0→0xCA bit(s) [4]; byte 23: 0x26→0x96 bit(s) [7]; byte 24: 0x16→0x17 bit(s) [0]; byte 26: 0x08→0x09 bit(s) [0]
[14:23:12.293] P-02 rel 0x11/78 B: byte 15: 0x05→0xD8 bit(s) [3, 4, 6, 7]; byte 16: 0x00→0xFF bit(s) [0, 1, 2, 3, 4, 5, 6, 7]; byte 17: 0x23→0x0E bit(s) [3, 5]; byte 19: 0xCA→0xD3 bit(s) [4]; byte 21: 0x78→0xBA bit(s) [7]; byte 23: 0x96→0x30 bit(s) [7]; byte 26: 0x09→0x08 bit(s) [0]
[14:23:12.308] P-02 rel 0x11/78 B: byte 15: 0xD8→0xC6 bit(s) [3, 4]; byte 17: 0x0E→0x19 bit(s) [4]; byte 19: 0xD3→0xCB bit(s) [4]; byte 24: 0x17→0x16 bit(s) [0]; byte 26: 0x08→0x09 bit(s) [0]
[14:23:12.323] P-02 rel 0x11/78 B: byte 15: 0xC6→0xA4 bit(s) [5, 6]; byte 17: 0x19→0x0D bit(s) [4]; byte 19: 0xCB→0xD2 bit(s) [4]; byte 21: 0xA8→0x48 bit(s) [7]
[14:23:12.338] P-02 rel 0x11/78 B: byte 15: 0xA4→0xBA bit(s) [3, 4]; byte 17: 0x0D→0x13 bit(s) [3, 4]; byte 23: 0x38→0xB8 bit(s) [7]; byte 26: 0x09→0x08 bit(s) [0]
[14:23:12.353] P-02 rel 0x11/78 B: byte 15: 0xBA→0xDB bit(s) [5, 6]; byte 23: 0xB8→0x14 bit(s) [7]; byte 24: 0x16→0x17 bit(s) [0]; byte 26: 0x08→0x09 bit(s) [0]
[14:23:12.368] P-02 rel 0x11/78 B: byte 15: 0xDB→0xF3 bit(s) [3, 5]; byte 21: 0x76→0xAA bit(s) [7]
[14:23:12.383] P-02 rel 0x11/78 B: byte 15: 0xF3→0x16 bit(s) [5, 6, 7]; byte 16: 0xFF→0x00 bit(s) [0, 1, 2, 3, 4, 5, 6, 7]; byte 17: 0x11→0x07 bit(s) [4]; byte 23: 0x34→0xF8 bit(s) [7]; byte 24: 0x17→0x16 bit(s) [0]
[14:23:12.398] P-02 rel 0x11/78 B: byte 15: 0x16→0x35 bit(s) [5]; byte 17: 0x07→0xFF bit(s) [3, 4, 5, 6, 7]; byte 18: 0x00→0xFF bit(s) [0, 1, 2, 3, 4, 5, 6, 7]; byte 21: 0xB4→0x20 bit(s) [7]; byte 22: 0xF9→0xFA bit(s) [0, 1]
[14:23:12.413] P-02 rel 0x11/78 B: byte 23: 0xD0→0x6A bit(s) [7]
[14:23:12.428] P-02 rel 0x11/78 B: byte 15: 0x36→0x1C bit(s) [3, 5]; byte 19: 0xD9→0xE3 bit(s) [4, 5]; byte 21: 0x14→0xBE bit(s) [7]; byte 22: 0xFA→0xF9 bit(s) [0, 1]; byte 26: 0x09→0x08 bit(s) [0]
[14:23:12.443] P-02 rel 0x11/78 B: byte 17: 0xF8→0x00 bit(s) [3, 4, 5, 6, 7]; byte 18: 0xFF→0x00 bit(s) [0, 1, 2, 3, 4, 5, 6, 7]; byte 19: 0xE3→0xF0 bit(s) [4]; byte 23: 0x7A→0xD6 bit(s) [7]; byte 24: 0x16→0x15 bit(s) [0, 1]; byte 26: 0x08→0x09 bit(s) [0]
[14:23:12.458] P-02 rel 0x11/78 B: byte 15: 0x1A→0x28 bit(s) [4, 5]; byte 17: 0x00→0x08 bit(s) [3]; byte 23: 0xD6→0x24 bit(s) [7]; byte 24: 0x15→0x16 bit(s) [0, 1]
[14:23:12.473] P-02 rel 0x11/78 B: byte 15: 0x28→0x23 bit(s) [3]; byte 19: 0xF9→0x02 bit(s) [4, 5, 6, 7]; byte 20: 0xFF→0x00 bit(s) [0, 1, 2, 3, 4, 5, 6, 7]
[14:23:12.488] P-02 rel 0x11/78 B: byte 15: 0x23→0x0D bit(s) [3, 5]; byte 17: 0x09→0x07 bit(s) [3]
[14:23:12.503] P-02 rel 0x11/78 B: byte 15: 0x0D→0x07 bit(s) [3]; byte 19: 0x06→0x10 bit(s) [4]; byte 23: 0x76→0x90 bit(s) [7]
[14:23:12.518] P-02 rel 0x11/78 B: byte 15: 0x07→0xFD bit(s) [3, 4, 5, 6, 7]; byte 16: 0x00→0xFF bit(s) [0, 1, 2, 3, 4, 5, 6, 7]; byte 23: 0x90→0x72 bit(s) [7]
[14:23:12.533] P-02 rel 0x11/78 B: byte 19: 0x1A→0x21 bit(s) [4, 5]; byte 26: 0x09→0x08 bit(s) [0]
[14:23:12.548] P-02 rel 0x11/78 B: byte 15: 0xF8→0xEE bit(s) [4]
[14:23:12.563] P-02 rel 0x11/78 B: byte 19: 0x20→0x16 bit(s) [4, 5]
[14:23:12.578] P-02 rel 0x11/78 B: byte 15: 0xEE→0x07 bit(s) [3, 5, 6, 7]; byte 16: 0xFF→0x00 bit(s) [0, 1, 2, 3, 4, 5, 6, 7]; byte 26: 0x08→0x09 bit(s) [0]
[14:23:12.593] P-02 rel 0x11/78 B: byte 15: 0x07→0x0D bit(s) [3]; byte 19: 0x12→0x0F bit(s) [4]; byte 23: 0x40→0xEE bit(s) [7]
[14:23:12.608] P-02 rel 0x11/78 B: byte 15: 0x0D→0x03 bit(s) [3]
[14:23:13.013]      … 24 linha(s) suprimida(s) neste segundo
[14:23:13.013] P-02 rel 0x11/78 B: byte 15: 0xC7→0xE6 bit(s) [5]; byte 17: 0x2C→0x27 bit(s) [3]; byte 19: 0x37→0x43 bit(s) [4, 5, 6]
[14:23:13.028] P-02 rel 0x11/78 B: byte 15: 0xE6→0xFC bit(s) [3, 4]; byte 17: 0x27→0x2A bit(s) [3]; byte 23: 0x3C→0xF2 bit(s) [7]; byte 24: 0x17→0x16 bit(s) [0]
[14:23:13.057] P-02 rel 0x11/78 B: byte 15: 0xFC→0x15 bit(s) [3, 5, 6, 7]; byte 16: 0xFF→0x00 bit(s) [0, 1, 2, 3, 4, 5, 6, 7]; byte 19: 0x4C→0x53 bit(s) [4]
[14:23:13.073] P-02 rel 0x11/78 B: byte 15: 0x15→0x2B bit(s) [3, 4, 5]; byte 17: 0x2B→0x31 bit(s) [3, 4]; byte 21: 0x24→0x80 bit(s) [7]; byte 23: 0xCA→0x58 bit(s) [7]
[14:23:13.088] P-02 rel 0x11/78 B: byte 15: 0x2B→0x50 bit(s) [3, 4, 5, 6]; byte 17: 0x31→0x57 bit(s) [5, 6]; byte 19: 0x54→0x33 bit(s) [5, 6]; byte 23: 0x58→0xA4 bit(s) [7]; byte 26: 0x09→0x08 bit(s) [0]
[14:23:13.103] P-02 rel 0x11/78 B: byte 15: 0x50→0x4A bit(s) [3, 4]; byte 17: 0x57→0x70 bit(s) [5]; byte 19: 0x33→0x22 bit(s) [4]; byte 21: 0xD2→0x54 bit(s) [7]; byte 23: 0xA4→0x72 bit(s) [7]; byte 26: 0x08→0x09 bit(s) [0]
[14:23:13.118] P-02 rel 0x11/78 B: byte 15: 0x4A→0x1C bit(s) [4, 6]; byte 19: 0x22→0xFB bit(s) [4, 6, 7]; byte 20: 0x00→0xFF bit(s) [0, 1, 2, 3, 4, 5, 6, 7]; byte 23: 0x72→0x80 bit(s) [7]; byte 26: 0x09→0x08 bit(s) [0]
[14:23:13.133] P-02 rel 0x11/78 B: byte 15: 0x1C→0x0E bit(s) [4]; byte 17: 0x76→0x6D bit(s) [3, 4]; byte 19: 0xFB→0xDF bit(s) [5]; byte 26: 0x08→0x09 bit(s) [0]
[14:23:13.148] P-02 rel 0x11/78 B: byte 15: 0x0E→0x18 bit(s) [4]; byte 17: 0x6D→0x4D bit(s) [5]; byte 19: 0xDF→0xCC bit(s) [4]; byte 23: 0xC0→0x20 bit(s) [7]; byte 24: 0x16→0x17 bit(s) [0]
[14:23:13.163] P-02 rel 0x11/78 B: byte 15: 0x18→0x3D bit(s) [5]; byte 17: 0x4D→0x3A bit(s) [4, 5, 6]; byte 19: 0xCC→0xBA bit(s) [4, 5, 6]; byte 23: 0x20→0xFC bit(s) [7]; byte 24: 0x17→0x16 bit(s) [0]
[14:23:13.178] P-02 rel 0x11/78 B: byte 15: 0x3D→0x4C bit(s) [4, 5, 6]; byte 17: 0x3A→0x33 bit(s) [3]; byte 19: 0xBA→0xA9 bit(s) [4]; byte 21: 0x5E→0xB2 bit(s) [7]; byte 26: 0x09→0x08 bit(s) [0]
[14:23:13.193] P-02 rel 0x11/78 B: byte 26: 0x08→0x09 bit(s) [0]
[14:23:13.207] P-02 rel 0x11/78 B: byte 17: 0x36→0x2E bit(s) [3, 4]; byte 21: 0xA6→0x54 bit(s) [7]; byte 23: 0xAC→0x7E bit(s) [7]
[14:23:13.223] P-02 rel 0x11/78 B: byte 17: 0x2E→0x26 bit(s) [3]
[14:23:13.238] P-02 rel 0x11/78 B: byte 15: 0x4F→0x6A bit(s) [5]; byte 17: 0x26→0x17 bit(s) [4, 5]; byte 21: 0x36→0xCC bit(s) [7]; byte 22: 0xFA→0xF9 bit(s) [0, 1]
[14:23:13.253] P-02 rel 0x11/78 B: byte 15: 0x6A→0x81 bit(s) [3, 5, 6, 7]; byte 19: 0xAB→0xB5 bit(s) [4]; byte 22: 0xF9→0xFA bit(s) [0, 1]
[14:23:13.268] P-02 rel 0x11/78 B: byte 15: 0x81→0xAF bit(s) [3, 5]; byte 17: 0x11→0x0A bit(s) [3, 4]
[14:23:13.283] P-02 rel 0x11/78 B: byte 15: 0xAF→0x1B bit(s) [4, 5, 7]; byte 16: 0x00→0x01 bit(s) [0]; byte 19: 0xBD→0xDA bit(s) [5, 6]; byte 21: 0x9E→0x30 bit(s) [7]; byte 23: 0x4C→0xBA bit(s) [7]; byte 24: 0x16→0x15 bit(s) [0, 1]; byte 26: 0x09→0x08 bit(s) [0]
[14:23:13.298] P-02 rel 0x11/78 B: byte 15: 0x1B→0x44 bit(s) [3, 4, 6]; byte 17: 0x0E→0x06 bit(s) [3]; byte 19: 0xDA→0xE9 bit(s) [4, 5]; byte 21: 0x30→0xFC bit(s) [7]; byte 22: 0xFA→0xF9 bit(s) [0, 1]
[14:23:13.313] P-02 rel 0x11/78 B: byte 15: 0x44→0x2F bit(s) [3, 5, 6]; byte 17: 0x06→0xFA bit(s) [3, 4, 5, 6, 7]; byte 18: 0x00→0xFF bit(s) [0, 1, 2, 3, 4, 5, 6, 7]; byte 21: 0xFC→0x1A bit(s) [7]; byte 22: 0xF9→0xFA bit(s) [0, 1]; byte 26: 0x08→0x07 bit(s) [0]
[14:23:13.328] P-02 rel 0x11/78 B: byte 15: 0x2F→0xF4 bit(s) [3, 4, 6, 7]; byte 16: 0x01→0x00 bit(s) [0]; byte 17: 0xFA→0xF5 bit(s) [3]; byte 21: 0x1A→0x82 bit(s) [7]; byte 23: 0xBA→0x44 bit(s) [7]
[14:23:13.343] P-02 rel 0x11/78 B: byte 15: 0xF4→0xB6 bit(s) [6]; byte 17: 0xF5→0xFB bit(s) [3]; byte 19: 0xE7→0xDB bit(s) [4, 5]; byte 21: 0x82→0x4E bit(s) [7]; byte 23: 0x44→0xAA bit(s) [7]; byte 24: 0x15→0x14 bit(s) [0]
[14:23:13.358] P-02 rel 0x11/78 B: byte 15: 0xB6→0x73 bit(s) [6, 7]; byte 17: 0xFB→0x0F bit(s) [4, 5, 6, 7]; byte 18: 0xFF→0x00 bit(s) [0, 1, 2, 3, 4, 5, 6, 7]; byte 19: 0xDB→0xCE bit(s) [4]; byte 23: 0xAA→0x24 bit(s) [7]; byte 24: 0x14→0x15 bit(s) [0]; byte 26: 0x07→0x08 bit(s) [0]
[14:23:13.373] P-02 rel 0x11/78 B: byte 15: 0x73→0x95 bit(s) [5, 6, 7]; byte 21: 0x10→0xD2 bit(s) [7]; byte 22: 0xFA→0xF9 bit(s) [0, 1]; byte 23: 0x24→0x80 bit(s) [7]
[14:23:13.388] P-02 rel 0x11/78 B: byte 15: 0x95→0xB5 bit(s) [5]; byte 17: 0x09→0xF1 bit(s) [3, 4, 5, 6, 7]; byte 18: 0x00→0xFF bit(s) [0, 1, 2, 3, 4, 5, 6, 7]; byte 21: 0xD2→0x56 bit(s) [7]; byte 22: 0xF9→0xFA bit(s) [0, 1]; byte 23: 0x80→0x78 bit(s) [7]; byte 24: 0x15→0x14 bit(s) [0]; byte 26: 0x08→0x09 bit(s) [0]
[14:23:13.403] P-02 rel 0x11/78 B: byte 15: 0xB5→0x04 bit(s) [4, 5, 7]; byte 16: 0x00→0x01 bit(s) [0]; byte 17: 0xF1→0xE8 bit(s) [3, 4]; byte 19: 0xC7→0xBB bit(s) [4, 5, 6]; byte 21: 0x56→0xD0 bit(s) [7]; byte 22: 0xFA→0xF9 bit(s) [0, 1]; byte 24: 0x14→0x15 bit(s) [0]; byte 26: 0x09→0x08 bit(s) [0]
[14:23:13.418] P-02 rel 0x11/78 B: byte 15: 0x04→0x4E bit(s) [3, 6]; byte 19: 0xBB→0xCB bit(s) [4, 5, 6]
[14:23:13.433] P-02 rel 0x11/78 B: byte 15: 0x4E→0x8D bit(s) [6, 7]; byte 17: 0xEE→0xE1 bit(s) [3]; byte 19: 0xCB→0xF4 bit(s) [4, 5]; byte 21: 0xB6→0x6E bit(s) [7]; byte 24: 0x15→0x16 bit(s) [0, 1]; byte 26: 0x08→0x07 bit(s) [0]
[14:23:13.448] P-02 rel 0x11/78 B: byte 15: 0x8D→0xC4 bit(s) [3, 6]; byte 17: 0xE1→0xDB bit(s) [3, 4, 5]; byte 19: 0xF4→0x26 bit(s) [4, 6, 7]; byte 20: 0xFF→0x00 bit(s) [0, 1, 2, 3, 4, 5, 6, 7]
[14:23:13.463] P-02 rel 0x11/78 B: byte 15: 0xC4→0x21 bit(s) [5, 6, 7]; byte 16: 0x01→0x02 bit(s) [0, 1]; byte 17: 0xDB→0xCA bit(s) [4]; byte 19: 0x26→0x60 bit(s) [6]; byte 21: 0x6A→0x84 bit(s) [7]; byte 23: 0x7E→0xB6 bit(s) [7]; byte 24: 0x16→0x15 bit(s) [0, 1]; byte 26: 0x07→0x08 bit(s) [0]
[14:23:13.478] P-02 rel 0x11/78 B: byte 15: 0x21→0xA7 bit(s) [7]; byte 17: 0xCA→0xC7 bit(s) [3]; byte 19: 0x60→0x8C bit(s) [5, 6, 7]; byte 23: 0xB6→0x6E bit(s) [7]; byte 26: 0x08→0x07 bit(s) [0]
[14:23:13.493] P-02 rel 0x11/78 B: byte 15: 0xA7→0xBC bit(s) [3, 4]; byte 19: 0x8C→0xA5 bit(s) [5]; byte 21: 0xD8→0x7A bit(s) [7]; byte 22: 0xF9→0xFA bit(s) [0, 1]; byte 23: 0x6E→0x8C bit(s) [7]; byte 24: 0x15→0x13 bit(s) [1, 2]
[14:23:13.508] P-02 rel 0x11/78 B: byte 15: 0xBC→0x9D bit(s) [5]; byte 17: 0xC4→0xCB bit(s) [3]; byte 24: 0x13→0x12 bit(s) [0]; byte 26: 0x07→0x06 bit(s) [0]
[14:23:13.523] P-02 rel 0x11/78 B: byte 15: 0x9D→0x44 bit(s) [3, 4, 6, 7]; byte 17: 0xCB→0xDB bit(s) [4]; byte 21: 0x60→0xDA bit(s) [7]; byte 22: 0xFA→0xF9 bit(s) [0, 1]; byte 24: 0x12→0x11 bit(s) [0, 1]
[14:23:13.538] P-02 rel 0x11/78 B: byte 15: 0x44→0xF5 bit(s) [4, 5, 7]; byte 16: 0x02→0x01 bit(s) [0, 1]; byte 17: 0xDB→0xE4 bit(s) [3, 4, 5]; byte 19: 0xAE→0x9A bit(s) [4, 5]; byte 21: 0xDA→0x2E bit(s) [7]; byte 22: 0xF9→0xFB bit(s) [1]; byte 23: 0xCA→0x04 bit(s) [7]; byte 24: 0x11→0x12 bit(s) [0, 1]
[14:23:13.553] P-02 rel 0x11/78 B: byte 15: 0xF5→0x5D bit(s) [3, 5, 7]; byte 24: 0x12→0x13 bit(s) [0]; byte 26: 0x06→0x07 bit(s) [0]
[14:23:13.568] P-02 rel 0x11/78 B: byte 15: 0x5D→0x2D bit(s) [4, 5, 6]; byte 17: 0xE6→0xEE bit(s) [3]; byte 23: 0x3E→0xB8 bit(s) [7]; byte 24: 0x13→0x12 bit(s) [0]
[14:23:13.583] P-02 rel 0x11/78 B: byte 15: 0x2D→0x35 bit(s) [3, 4]; byte 17: 0xEE→0xFD bit(s) [4]; byte 19: 0x97→0x86 bit(s) [4]; byte 21: 0x20→0xF6 bit(s) [7]; byte 22: 0xFB→0xFA bit(s) [0]; byte 24: 0x12→0x11 bit(s) [0, 1]
[14:23:13.598] P-02 rel 0x11/78 B: byte 15: 0x35→0x40 bit(s) [4, 5, 6]; byte 17: 0xFD→0x37 bit(s) [3, 6, 7]; byte 18: 0xFF→0x00 bit(s) [0, 1, 2, 3, 4, 5, 6, 7]; byte 19: 0x86→0x5A bit(s) [4, 6, 7]; byte 26: 0x05→0x04 bit(s) [0]
[14:23:13.613] P-02 rel 0x11/78 B: byte 15: 0x40→0x22 bit(s) [5, 6]; byte 17: 0x37→0x5A bit(s) [3, 5, 6]; byte 19: 0x5A→0x41 bit(s) [4]; byte 21: 0xE6→0x2C bit(s) [7]; byte 22: 0xFA→0xFC bit(s) [1, 2]; byte 26: 0x04→0x05 bit(s) [0]
[14:23:13.913] P-01 botão "Button Options" [buttonOptions]: PRESSIONADO
[14:23:14.003]      … 24 linha(s) suprimida(s) neste segundo
[14:23:14.003] P-02 rel 0x11/78 B: byte 15: 0x2F→0x58 bit(s) [4, 5, 6]; byte 23: 0x94→0x44 bit(s) [7]; byte 24: 0x0F→0x10 bit(s) [0, 1, 2, 3, 4]; byte 26: 0x03→0x04 bit(s) [0]
[14:23:14.018] P-02 rel 0x11/78 B: byte 15: 0x58→0x62 bit(s) [3, 4, 5]; byte 17: 0xFF→0x06 bit(s) [3, 4, 5, 6, 7]; byte 18: 0xFF→0x00 bit(s) [0, 1, 2, 3, 4, 5, 6, 7]; byte 23: 0x44→0x9A bit(s) [7]; byte 24: 0x10→0x0F bit(s) [0, 1, 2, 3, 4]; byte 26: 0x04→0x03 bit(s) [0]
[14:23:14.033] P-02 rel 0x11/78 B: byte 15: 0x62→0x23 bit(s) [6]; byte 17: 0x06→0x0B bit(s) [3]
[14:23:14.048] P-02 rel 0x11/78 B: byte 15: 0x23→0xE3 bit(s) [6, 7]; byte 16: 0x00→0xFF bit(s) [0, 1, 2, 3, 4, 5, 6, 7]; byte 17: 0x0B→0x06 bit(s) [3]; byte 19: 0xED→0xF2 bit(s) [4]; byte 23: 0x9A→0x5E bit(s) [7]
[14:23:14.063] P-02 rel 0x11/78 B: byte 15: 0xE3→0xB4 bit(s) [4, 6]; byte 17: 0x06→0xED bit(s) [3, 5, 6, 7]; byte 18: 0x00→0xFF bit(s) [0, 1, 2, 3, 4, 5, 6, 7]; byte 19: 0xF2→0xE0 bit(s) [4]; byte 23: 0x5E→0xA4 bit(s) [7]; byte 24: 0x0F→0x0E bit(s) [0]
[14:23:14.078] P-02 rel 0x11/78 B: byte 15: 0xB4→0x7F bit(s) [3, 6, 7]; byte 17: 0xED→0xD7 bit(s) [3, 4, 5]; byte 19: 0xE0→0xAB bit(s) [6]; byte 23: 0xA4→0x64 bit(s) [7]
[14:23:14.107] P-02 rel 0x11/78 B: byte 15: 0x7F→0x82 bit(s) [3, 4, 5, 6, 7]; byte 19: 0xAB→0x65 bit(s) [6, 7]; byte 22: 0xFB→0xFC bit(s) [0, 1, 2]; byte 23: 0x64→0xD0 bit(s) [7]; byte 24: 0x0E→0x0C bit(s) [1]
[14:23:14.123] P-02 rel 0x11/78 B: byte 8: 0x10→0x00 bit(s) [4]; byte 17: 0xD3→0xD8 bit(s) [3]; byte 19: 0x65→0x40 bit(s) [5]; byte 21: 0x62→0xA8 bit(s) [7]; byte 22: 0xFC→0xFB bit(s) [0, 1, 2]; byte 24: 0x0C→0x0F bit(s) [0, 1]
[14:23:14.123] P-01 botão "Button Options" [buttonOptions]: solto
[14:23:14.138] P-02 rel 0x11/78 B: byte 15: 0x80→0xBE bit(s) [3, 4, 5]; byte 17: 0xD8→0x06 bit(s) [3, 4, 6, 7]; byte 18: 0xFF→0x00 bit(s) [0, 1, 2, 3, 4, 5, 6, 7]; byte 19: 0x40→0x39 bit(s) [4, 5, 6]; byte 23: 0xE0→0x74 bit(s) [7]
[14:23:14.153] P-02 rel 0x11/78 B: byte 15: 0xBE→0xAF bit(s) [4]; byte 17: 0x06→0x0F bit(s) [3]; byte 19: 0x39→0x43 bit(s) [4, 5, 6]; byte 21: 0xAE→0x3A bit(s) [7]
[14:23:14.169] P-02 rel 0x11/78 B: byte 15: 0xAF→0xA6 bit(s) [3]; byte 19: 0x43→0x34 bit(s) [4, 5, 6]; byte 26: 0x03→0x04 bit(s) [0]
[14:23:14.184] P-02 rel 0x11/78 B: byte 15: 0xA6→0xB5 bit(s) [4]; byte 19: 0x34→0x10 bit(s) [5]
[14:23:14.199] P-02 rel 0x11/78 B: byte 15: 0xB5→0x8F bit(s) [3, 4, 5]; byte 17: 0x0E→0x21 bit(s) [3, 5]; byte 19: 0x10→0xE0 bit(s) [4, 5, 6, 7]; byte 20: 0xFF→0xFE bit(s) [0]; byte 21: 0x3C→0xEC bit(s) [7]; byte 22: 0xFB→0xFA bit(s) [0]
[14:23:14.213] P-02 rel 0x11/78 B: byte 8: 0x00→0x20 bit(s) [5]; byte 15: 0x8F→0x4C bit(s) [6, 7]; byte 17: 0x21→0x36 bit(s) [4]; byte 19: 0xE0→0xC5 bit(s) [5]; byte 21: 0xEC→0x10 bit(s) [7]; byte 22: 0xFA→0xFB bit(s) [0]; byte 23: 0x56→0x9E bit(s) [7]; byte 24: 0x0F→0x0D bit(s) [1]
[14:23:14.213] P-01 botão "Button Menu" [buttonMenu]: PRESSIONADO
[14:23:14.228] P-02 rel 0x11/78 B: byte 15: 0x4C→0xEB bit(s) [5, 7]; byte 16: 0xFF→0xFE bit(s) [0]; byte 17: 0x36→0x2B bit(s) [3, 4]; byte 19: 0xC5→0xD2 bit(s) [4]; byte 22: 0xFB→0xFA bit(s) [0]; byte 24: 0x0D→0x0E bit(s) [0, 1]; byte 26: 0x04→0x03 bit(s) [0]
[14:23:14.243] P-02 rel 0x11/78 B: byte 15: 0xEB→0x81 bit(s) [3, 5, 6]; byte 17: 0x2B→0x15 bit(s) [3, 4, 5]
[14:23:14.258] P-02 rel 0x11/78 B: byte 15: 0x81→0x32 bit(s) [4, 5, 7]; byte 17: 0x15→0xFE bit(s) [3, 5, 6, 7]; byte 18: 0x00→0xFF bit(s) [0, 1, 2, 3, 4, 5, 6, 7]; byte 19: 0xD1→0xC2 bit(s) [4]
[14:23:14.273] P-02 rel 0x11/78 B: byte 15: 0x32→0xBD bit(s) [3, 7]; byte 16: 0xFE→0xFD bit(s) [0, 1]; byte 19: 0xC2→0xA8 bit(s) [5, 6]; byte 21: 0x0C→0x86 bit(s) [7]; byte 22: 0xFA→0xF9 bit(s) [0, 1]; byte 23: 0x92→0x7C bit(s) [7]; byte 26: 0x03→0x04 bit(s) [0]
[14:23:14.288] P-02 rel 0x11/78 B: byte 15: 0xBD→0x94 bit(s) [3, 5]; byte 17: 0xFD→0x08 bit(s) [4, 5, 6, 7]; byte 18: 0xFF→0x00 bit(s) [0, 1, 2, 3, 4, 5, 6, 7]; byte 19: 0xA8→0x8F bit(s) [5]; byte 21: 0x86→0x64 bit(s) [7]; byte 24: 0x0E→0x10 bit(s) [1, 2, 3, 4]
[14:23:14.303] P-02 rel 0x11/78 B: byte 15: 0x94→0x85 bit(s) [4]; byte 23: 0x52→0xF8 bit(s) [7]; byte 26: 0x04→0x05 bit(s) [0]
[14:23:14.318] P-02 rel 0x11/78 B: byte 15: 0x85→0xA4 bit(s) [5]; byte 17: 0x09→0x19 bit(s) [4]; byte 19: 0x85→0x6F bit(s) [5, 6, 7]
[14:23:14.333] P-02 rel 0x11/78 B: byte 15: 0xA4→0x6A bit(s) [3, 6, 7]; byte 17: 0x19→0x26 bit(s) [3, 4, 5]; byte 19: 0x6F→0x78 bit(s) [4]; byte 24: 0x10→0x11 bit(s) [0]
[14:23:14.348] P-02 rel 0x11/78 B: byte 15: 0x6A→0x41 bit(s) [3, 5]; byte 17: 0x26→0x2E bit(s) [3]; byte 19: 0x78→0x9A bit(s) [5, 6, 7]; byte 24: 0x11→0x12 bit(s) [0, 1]
[14:23:14.363] P-02 rel 0x11/78 B: byte 15: 0x41→0xA2 bit(s) [5, 6, 7]; byte 17: 0x2E→0x46 bit(s) [3, 5, 6]; byte 19: 0x9A→0xD6 bit(s) [6]; byte 23: 0xF4→0x54 bit(s) [7]; byte 24: 0x12→0x13 bit(s) [0]
[14:23:14.378] P-02 rel 0x11/78 B: byte 15: 0xA2→0x71 bit(s) [4, 6, 7]; byte 16: 0xFD→0xFE bit(s) [0, 1]; byte 17: 0x46→0x54 bit(s) [4]; byte 19: 0xD6→0x08 bit(s) [4, 6, 7]; byte 20: 0xFE→0xFF bit(s) [0]; byte 21: 0x24→0xD8 bit(s) [7]; byte 22: 0xF9→0xF8 bit(s) [0]; byte 26: 0x05→0x06 bit(s) [0]
[14:23:14.393] P-02 rel 0x11/78 B: byte 15: 0x71→0x03 bit(s) [4, 5, 6]; byte 16: 0xFE→0xFF bit(s) [0]; byte 19: 0x08→0x32 bit(s) [4, 5]; byte 21: 0xD8→0x54 bit(s) [7]; byte 23: 0x78→0x84 bit(s) [7]
[14:23:14.408] P-02 rel 0x11/78 B: byte 15: 0x03→0x6F bit(s) [3, 5, 6]; byte 17: 0x56→0x4A bit(s) [3, 4]; byte 19: 0x32→0x54 bit(s) [5, 6]; byte 21: 0x54→0x80 bit(s) [7]; byte 23: 0x84→0x46 bit(s) [7]; byte 26: 0x06→0x07 bit(s) [0]
[14:23:14.423] P-02 rel 0x11/78 B: byte 8: 0x20→0x00 bit(s) [5]; byte 15: 0x6F→0xAD bit(s) [6, 7]; byte 17: 0x4A→0x35 bit(s) [3, 4, 5, 6]; byte 19: 0x54→0x6D bit(s) [4, 5]; byte 23: 0x46→0x8A bit(s) [7]; byte 26: 0x07→0x06 bit(s) [0]
[14:23:14.423] P-01 botão "Button Menu" [buttonMenu]: solto
[14:23:14.438] P-02 rel 0x11/78 B: byte 15: 0xAD→0xDA bit(s) [4, 5, 6]; byte 17: 0x35→0x22 bit(s) [4]; byte 19: 0x6D→0x7D bit(s) [4]; byte 24: 0x13→0x12 bit(s) [0]; byte 26: 0x06→0x05 bit(s) [0]
[14:23:14.453] P-02 rel 0x11/78 B: byte 17: 0x22→0x0F bit(s) [3, 5]; byte 19: 0x7D→0x91 bit(s) [5, 6, 7]; byte 21: 0xF2→0x70 bit(s) [7]; byte 22: 0xF8→0xFA bit(s) [1]; byte 26: 0x05→0x06 bit(s) [0]
[14:23:14.468] P-02 rel 0x11/78 B: byte 15: 0xDF→0xED bit(s) [4, 5]; byte 17: 0x0F→0xED bit(s) [5, 6, 7]; byte 18: 0x00→0xFF bit(s) [0, 1, 2, 3, 4, 5, 6, 7]; byte 19: 0x91→0xB2 bit(s) [5]; byte 21: 0x70→0xF2 bit(s) [7]; byte 22: 0xFA→0xF9 bit(s) [0, 1]; byte 23: 0xDE→0x40 bit(s) [7]
[14:23:14.483] P-02 rel 0x11/78 B: byte 15: 0xED→0xD5 bit(s) [3, 4, 5]; byte 19: 0xB2→0xD5 bit(s) [5, 6]; byte 24: 0x12→0x11 bit(s) [0, 1]; byte 26: 0x04→0x05 bit(s) [0]
[14:23:14.498] P-02 rel 0x11/78 B: byte 15: 0xD5→0xA6 bit(s) [4, 5, 6]; byte 19: 0xD5→0xEA bit(s) [4, 5]; byte 21: 0xB8→0x10 bit(s) [7]; byte 22: 0xF9→0xFA bit(s) [0, 1]
[14:23:14.513] P-02 rel 0x11/78 B: byte 15: 0xA6→0x51 bit(s) [4, 5, 6, 7]; byte 17: 0xEE→0xFC bit(s) [4]; byte 19: 0xEA→0xDD bit(s) [4, 5]
[14:23:14.528] P-02 rel 0x11/78 B: byte 15: 0x51→0xFA bit(s) [3, 5, 7]; byte 16: 0xFF→0xFE bit(s) [0]; byte 17: 0xFC→0x0C bit(s) [4, 5, 6, 7]; byte 18: 0xFF→0x00 bit(s) [0, 1, 2, 3, 4, 5, 6, 7]; byte 19: 0xDD→0xB5 bit(s) [5, 6]; byte 23: 0x02→0xB0 bit(s) [7]
[14:23:14.543] P-02 rel 0x11/78 B: byte 15: 0xFA→0xAC bit(s) [4, 6]; byte 17: 0x0C→0x2C bit(s) [5]; byte 19: 0xB5→0x85 bit(s) [4, 5]; byte 22: 0xFA→0xF9 bit(s) [0, 1]; byte 24: 0x11→0x12 bit(s) [0, 1]
[14:23:14.572] P-02 rel 0x11/78 B: byte 15: 0xAC→0xC9 bit(s) [5, 6]; byte 17: 0x2C→0x4E bit(s) [5, 6]; byte 19: 0x85→0x72 bit(s) [4, 5, 6, 7]; byte 21: 0x22→0x8C bit(s) [7]; byte 22: 0xF9→0xF8 bit(s) [0]; byte 26: 0x05→0x06 bit(s) [0]
[14:23:14.588] P-02 rel 0x11/78 B: byte 15: 0xC9→0x12 bit(s) [3, 4, 6, 7]; byte 16: 0xFE→0xFF bit(s) [0]; byte 17: 0x4E→0x75 bit(s) [3, 4, 5]; byte 22: 0xF8→0xF7 bit(s) [0, 1, 2, 3]; byte 23: 0xEA→0x4E bit(s) [7]
[14:23:14.603] P-02 rel 0x11/78 B: byte 15: 0x12→0x3A bit(s) [3, 5]; byte 17: 0x75→0x85 bit(s) [4, 5, 6, 7]; byte 21: 0xDC→0x5E bit(s) [7]; byte 22: 0xF7→0xF8 bit(s) [0, 1, 2, 3]; byte 23: 0x4E→0xFC bit(s) [7]; byte 26: 0x06→0x07 bit(s) [0]
[14:23:14.618] P-02 rel 0x11/78 B: byte 15: 0x3A→0xB7 bit(s) [3, 7]; byte 17: 0x85→0x40 bit(s) [6, 7]; byte 19: 0x7F→0xA7 bit(s) [4, 6, 7]; byte 22: 0xF8→0xF9 bit(s) [0]; byte 24: 0x12→0x13 bit(s) [0]; byte 26: 0x07→0x06 bit(s) [0]
[14:23:14.768] P-01 botão "Direction Pad Up" [dpad.up]: PRESSIONADO
[14:23:14.919] P-01 botão "Direction Pad Up" [dpad.up]: solto
[14:23:15.007]      … 24 linha(s) suprimida(s) neste segundo
[14:23:15.007] P-02 rel 0x11/78 B: byte 15: 0x3E→0xEF bit(s) [4, 6, 7]; byte 16: 0xFF→0xFE bit(s) [0]; byte 17: 0xA7→0xA8 bit(s) [3]; byte 19: 0xB0→0x78 bit(s) [6, 7]; byte 26: 0x07→0x06 bit(s) [0]
[14:23:15.023] P-02 rel 0x11/78 B: byte 15: 0xEF→0xC8 bit(s) [5]; byte 17: 0xA8→0xA1 bit(s) [3]; byte 19: 0x78→0x44 bit(s) [4, 5]; byte 24: 0x12→0x13 bit(s) [0]; byte 26: 0x06→0x07 bit(s) [0]
[14:23:15.038] P-02 rel 0x11/78 B: byte 15: 0xC8→0x13 bit(s) [3, 4, 6, 7]; byte 16: 0xFE→0xFF bit(s) [0]; byte 17: 0xA1→0x96 bit(s) [4, 5]; byte 19: 0x44→0x38 bit(s) [4, 5, 6]; byte 24: 0x13→0x14 bit(s) [0, 1, 2]
[14:23:15.053] P-02 rel 0x11/78 B: byte 15: 0x13→0xC6 bit(s) [4, 6, 7]; byte 17: 0x96→0x59 bit(s) [3, 6, 7]; byte 19: 0x38→0x7D bit(s) [6]; byte 21: 0xC2→0x2E bit(s) [7]; byte 22: 0xF8→0xF9 bit(s) [0]
[14:23:15.068] P-02 rel 0x11/78 B: byte 15: 0xC6→0xDD bit(s) [3, 4]; byte 17: 0x59→0x31 bit(s) [3, 5, 6]; byte 19: 0x7D→0x99 bit(s) [5, 6, 7]; byte 21: 0x2E→0x84 bit(s) [7]
[14:23:15.083] P-02 rel 0x11/78 B: byte 15: 0xDD→0x5E bit(s) [7]; byte 16: 0xFF→0x00 bit(s) [0, 1, 2, 3, 4, 5, 6, 7]; byte 17: 0x31→0x0B bit(s) [3, 4, 5]; byte 19: 0x99→0xF3 bit(s) [5, 6]
[14:23:15.098] P-02 rel 0x11/78 B: byte 15: 0x5E→0x32 bit(s) [3, 5, 6]; byte 17: 0x0B→0xCF bit(s) [6, 7]; byte 18: 0x00→0xFF bit(s) [0, 1, 2, 3, 4, 5, 6, 7]; byte 19: 0xF3→0x23 bit(s) [4, 6, 7]; byte 20: 0xFF→0x00 bit(s) [0, 1, 2, 3, 4, 5, 6, 7]; byte 21: 0x8C→0x04 bit(s) [7]; byte 24: 0x14→0x12 bit(s) [1, 2]
[14:23:15.113] P-02 rel 0x11/78 B: byte 15: 0x32→0xF5 bit(s) [6, 7]; byte 16: 0x00→0xFF bit(s) [0, 1, 2, 3, 4, 5, 6, 7]; byte 19: 0x23→0x12 bit(s) [4, 5]; byte 21: 0x04→0xC0 bit(s) [7]; byte 22: 0xF9→0xFB bit(s) [1]; byte 23: 0xD6→0x60 bit(s) [7]; byte 24: 0x12→0x13 bit(s) [0]
[14:23:15.128] P-02 rel 0x11/78 B: byte 15: 0xF5→0x26 bit(s) [4, 6, 7]; byte 16: 0xFF→0x00 bit(s) [0, 1, 2, 3, 4, 5, 6, 7]; byte 17: 0xCF→0xBB bit(s) [4, 5, 6]; byte 21: 0xC0→0x2A bit(s) [7]; byte 22: 0xFB→0xFA bit(s) [0]; byte 23: 0x60→0x8C bit(s) [7]; byte 26: 0x07→0x06 bit(s) [0]
[14:23:15.157] P-02 rel 0x11/78 B: byte 15: 0x26→0x3C bit(s) [3, 4]; byte 17: 0xBB→0xE8 bit(s) [4, 6]; byte 19: 0x10→0xFE bit(s) [5, 6, 7]; byte 20: 0x00→0xFF bit(s) [0, 1, 2, 3, 4, 5, 6, 7]; byte 21: 0x2A→0xD4 bit(s) [7]; byte 22: 0xFA→0xF9 bit(s) [0, 1]
[14:23:15.173] P-02 rel 0x11/78 B: byte 15: 0x3C→0x92 bit(s) [3, 5, 7]; byte 17: 0xE8→0xFC bit(s) [4]; byte 19: 0xFE→0x0E bit(s) [4, 5, 6, 7]; byte 20: 0xFF→0x00 bit(s) [0, 1, 2, 3, 4, 5, 6, 7]; byte 23: 0xDA→0x58 bit(s) [7]; byte 24: 0x13→0x14 bit(s) [0, 1, 2]
[14:23:15.188] P-02 rel 0x11/78 B: byte 15: 0x92→0x50 bit(s) [6, 7]; byte 16: 0x00→0x01 bit(s) [0]; byte 17: 0xFC→0x0E bit(s) [4, 5, 6, 7]; byte 18: 0xFF→0x00 bit(s) [0, 1, 2, 3, 4, 5, 6, 7]; byte 19: 0x0E→0x7E bit(s) [4, 5, 6]; byte 22: 0xF9→0xF8 bit(s) [0]; byte 26: 0x06→0x07 bit(s) [0]
[14:23:15.203] P-02 rel 0x11/78 B: byte 15: 0x50→0xD9 bit(s) [3, 7]; byte 17: 0x0E→0xE8 bit(s) [5, 6, 7]; byte 18: 0x00→0xFF bit(s) [0, 1, 2, 3, 4, 5, 6, 7]; byte 19: 0x7E→0xE4 bit(s) [4, 7]; byte 23: 0x34→0xCA bit(s) [7]; byte 24: 0x14→0x13 bit(s) [0, 1, 2]; byte 26: 0x07→0x06 bit(s) [0]
[14:23:15.217] P-02 resumo: relatório 0x11 com 78 bytes, 4345 recebido(s); ruído de repouso: byte 9 bits [3, 4, 5, 6, 7]; byte 13 bits [1, 2, 3, 4, 5, 6, 7]; byte 15 bits [0, 1, 2]; byte 17 bits [0, 1, 2]; byte 19 bits [0, 1, 2, 3]; byte 21 bits [1, 2, 3, 4, 5, 6]; byte 23 bits [1, 2, 3, 4, 5, 6]; byte 25 bits [1, 2, 3, 4, 5, 6, 7]; byte 26 bits [1, 2, 3, 4, 5]; byte 74 bits [0, 1, 2, 3, 4, 5, 6, 7]; byte 75 bits [0, 1, 2, 3, 4, 5, 6, 7]; byte 76 bits [0, 1, 2, 3, 4, 5, 6, 7]; byte 77 bits [0, 1, 2, 3, 4, 5, 6, 7]
[14:23:15.218] P-02 rel 0x11/78 B: byte 15: 0xD9→0x81 bit(s) [3, 4, 6]; byte 16: 0x01→0x02 bit(s) [0, 1]; byte 17: 0xE8→0xB1 bit(s) [3, 4, 6]; byte 19: 0xE4→0x42 bit(s) [5, 7]; byte 20: 0x00→0x01 bit(s) [0]; byte 22: 0xF8→0xF9 bit(s) [0]; byte 23: 0xCA→0x7C bit(s) [7]; byte 24: 0x13→0x12 bit(s) [0]
[14:23:15.233] P-02 rel 0x11/78 B: byte 7: 0x08→0x04 bit(s) [2, 3]; byte 15: 0x81→0xE4 bit(s) [5, 6]; byte 16: 0x02→0x01 bit(s) [0, 1]; byte 17: 0xB1→0x97 bit(s) [5]; byte 24: 0x12→0x11 bit(s) [0, 1]
[14:23:15.233] P-01 botão "Direction Pad Down" [dpad.down]: PRESSIONADO
[14:23:15.248] P-02 rel 0x11/78 B: byte 15: 0xE4→0xE9 bit(s) [3]; byte 16: 0x01→0x00 bit(s) [0]; byte 17: 0x97→0x99 bit(s) [3]; byte 19: 0x40→0x14 bit(s) [4, 6]; byte 21: 0xB0→0x64 bit(s) [7]; byte 23: 0x02→0xA0 bit(s) [7]; byte 24: 0x11→0x10 bit(s) [0]
[14:23:15.263] P-02 rel 0x11/78 B: byte 15: 0xE9→0x20 bit(s) [3, 6, 7]; byte 17: 0x99→0xA6 bit(s) [3, 4, 5]; byte 19: 0x14→0xD4 bit(s) [6, 7]; byte 20: 0x01→0x00 bit(s) [0]; byte 21: 0x64→0xC6 bit(s) [7]; byte 23: 0xA0→0x78 bit(s) [7]; byte 24: 0x10→0x11 bit(s) [0]; byte 26: 0x06→0x05 bit(s) [0]
[14:23:15.278] P-02 rel 0x11/78 B: byte 15: 0x20→0x35 bit(s) [4]; byte 17: 0xA6→0xC9 bit(s) [3, 5, 6]; byte 19: 0xD4→0x8C bit(s) [4, 6]; byte 23: 0x78→0xCA bit(s) [7]; byte 24: 0x11→0x12 bit(s) [0, 1]; byte 26: 0x05→0x06 bit(s) [0]
[14:23:15.293] P-02 rel 0x11/78 B: byte 15: 0x35→0x6E bit(s) [3, 4, 6]; byte 17: 0xC9→0x07 bit(s) [3, 6, 7]; byte 18: 0xFF→0x00 bit(s) [0, 1, 2, 3, 4, 5, 6, 7]; byte 19: 0x8C→0x50 bit(s) [4, 6, 7]; byte 23: 0xCA→0x48 bit(s) [7]; byte 24: 0x12→0x13 bit(s) [0]
[14:23:15.322] P-02 rel 0x11/78 B: byte 15: 0x6E→0x5A bit(s) [4, 5]; byte 17: 0x07→0x31 bit(s) [4, 5]; byte 19: 0x50→0x2E bit(s) [4, 5, 6]; byte 23: 0x48→0xF6 bit(s) [7]; byte 24: 0x13→0x12 bit(s) [0]
[14:23:15.338] P-02 rel 0x11/78 B: byte 15: 0x5A→0x14 bit(s) [3, 6]; byte 17: 0x31→0x53 bit(s) [5, 6]; byte 19: 0x2E→0xFE bit(s) [4, 6, 7]; byte 20: 0x00→0xFF bit(s) [0, 1, 2, 3, 4, 5, 6, 7]; byte 23: 0xF6→0x1C bit(s) [7]; byte 24: 0x12→0x13 bit(s) [0]; byte 26: 0x06→0x05 bit(s) [0]
[14:23:15.353] P-02 rel 0x11/78 B: byte 15: 0x14→0xAE bit(s) [3, 4, 5, 7]; byte 16: 0x00→0xFF bit(s) [0, 1, 2, 3, 4, 5, 6, 7]; byte 17: 0x53→0x5F bit(s) [3]; byte 19: 0xFE→0xD7 bit(s) [5]; byte 21: 0xC0→0x78 bit(s) [7]; byte 23: 0x1C→0xAC bit(s) [7]; byte 24: 0x13→0x12 bit(s) [0]; byte 26: 0x05→0x06 bit(s) [0]
[14:23:15.368] P-02 rel 0x11/78 B: byte 15: 0xAE→0x08 bit(s) [5, 7]; byte 19: 0xD7→0xBA bit(s) [5, 6]; byte 24: 0x12→0x10 bit(s) [1]
[14:23:15.383] P-02 rel 0x11/78 B: byte 7: 0x04→0x08 bit(s) [2, 3]; byte 15: 0x08→0xB3 bit(s) [3, 4, 5, 7]; byte 16: 0xFF→0xFE bit(s) [0]; byte 17: 0x5A→0x3F bit(s) [5, 6]; byte 19: 0xBA→0x9B bit(s) [5]; byte 21: 0x40→0xD8 bit(s) [7]; byte 24: 0x10→0x11 bit(s) [0]
[14:23:15.383] P-01 botão "Direction Pad Down" [dpad.down]: solto
[14:23:15.398] P-02 rel 0x11/78 B: byte 15: 0xB3→0x9E bit(s) [3, 5]; byte 19: 0x9B→0x8D bit(s) [4]; byte 23: 0xDC→0x28 bit(s) [7]; byte 24: 0x11→0x12 bit(s) [0, 1]
[14:23:15.413] P-02 rel 0x11/78 B: byte 15: 0x9E→0x8A bit(s) [4]; byte 17: 0x3A→0x22 bit(s) [3, 4]; byte 21: 0xAE→0x02 bit(s) [7]; byte 22: 0xF9→0xFA bit(s) [0, 1]; byte 23: 0x28→0xDA bit(s) [7]; byte 26: 0x06→0x05 bit(s) [0]
[14:23:15.428] P-02 rel 0x11/78 B: byte 15: 0x8A→0xC2 bit(s) [3, 6]; byte 19: 0x86→0x93 bit(s) [4]; byte 23: 0xDA→0x04 bit(s) [7]; byte 24: 0x12→0x13 bit(s) [0]; byte 26: 0x05→0x06 bit(s) [0]
[14:23:15.443] P-02 rel 0x11/78 B: byte 15: 0xC2→0xFC bit(s) [3, 4, 5]; byte 19: 0x93→0xA7 bit(s) [4, 5]; byte 22: 0xFA→0xF9 bit(s) [0, 1]
[14:23:15.458] P-02 rel 0x11/78 B: byte 15: 0xFC→0x21 bit(s) [3, 4, 6, 7]; byte 16: 0xFE→0xFF bit(s) [0]; byte 17: 0x23→0x0A bit(s) [3, 5]; byte 21: 0x68→0xA6 bit(s) [7]; byte 23: 0x4E→0xA6 bit(s) [7]
[14:23:15.473] P-02 rel 0x11/78 B: byte 15: 0x21→0x42 bit(s) [5, 6]; byte 17: 0x0A→0xF0 bit(s) [3, 4, 5, 6, 7]; byte 18: 0x00→0xFF bit(s) [0, 1, 2, 3, 4, 5, 6, 7]; byte 21: 0xA6→0x76 bit(s) [7]; byte 23: 0xA6→0x00 bit(s) [7]; byte 24: 0x13→0x14 bit(s) [0, 1, 2]
[14:23:15.488] P-02 rel 0x11/78 B: byte 15: 0x42→0x6A bit(s) [3, 5]; byte 17: 0xF0→0xEA bit(s) [3, 4]; byte 19: 0xA9→0xB8 bit(s) [4]; byte 21: 0x76→0xB0 bit(s) [7]
[14:23:15.503] P-02 rel 0x11/78 B: byte 15: 0x6A→0x8C bit(s) [5, 6, 7]; byte 17: 0xEA→0xE6 bit(s) [3]; byte 19: 0xB8→0xDC bit(s) [5, 6]; byte 21: 0xB0→0x38 bit(s) [7]; byte 22: 0xF9→0xFA bit(s) [0, 1]
[14:23:15.518] P-02 rel 0x11/78 B: byte 15: 0x8C→0xBF bit(s) [4, 5]; byte 17: 0xE6→0xEF bit(s) [3]; byte 19: 0xDC→0x18 bit(s) [6, 7]; byte 20: 0xFF→0x00 bit(s) [0, 1, 2, 3, 4, 5, 6, 7]; byte 21: 0x38→0x8A bit(s) [7]; byte 23: 0x0E→0xBC bit(s) [7]; byte 24: 0x14→0x13 bit(s) [0, 1, 2]
[14:23:15.533] P-02 rel 0x11/78 B: byte 15: 0xBF→0xDF bit(s) [5, 6]; byte 17: 0xEF→0x04 bit(s) [3, 5, 6, 7]; byte 18: 0xFF→0x00 bit(s) [0, 1, 2, 3, 4, 5, 6, 7]; byte 19: 0x18→0x2B bit(s) [4, 5]; byte 21: 0x8A→0x2C bit(s) [7]; byte 26: 0x06→0x07 bit(s) [0]
[14:23:15.548] P-02 rel 0x11/78 B: byte 15: 0xDF→0x06 bit(s) [3, 4, 6, 7]; byte 16: 0xFF→0x00 bit(s) [0, 1, 2, 3, 4, 5, 6, 7]; byte 19: 0x2B→0x31 bit(s) [4]; byte 21: 0x2C→0xB2 bit(s) [7]; byte 22: 0xFA→0xF9 bit(s) [0, 1]; byte 23: 0xB6→0x0C bit(s) [7]; byte 24: 0x13→0x12 bit(s) [0]
[14:23:15.563] P-02 rel 0x11/78 B: byte 15: 0x06→0x25 bit(s) [5]; byte 24: 0x12→0x14 bit(s) [1, 2]
[14:23:15.578] P-02 rel 0x11/78 B: byte 15: 0x25→0x5A bit(s) [3, 4, 5, 6]; byte 17: 0x03→0xF4 bit(s) [4, 5, 6, 7]; byte 18: 0x00→0xFF bit(s) [0, 1, 2, 3, 4, 5, 6, 7]; byte 19: 0x36→0x4A bit(s) [4, 5, 6]; byte 21: 0x92→0x18 bit(s) [7]; byte 22: 0xF9→0xFA bit(s) [0, 1]; byte 23: 0x06→0xAE bit(s) [7]; byte 24: 0x14→0x13 bit(s) [0, 1, 2]; byte 26: 0x07→0x06 bit(s) [0]
[14:23:15.593] P-02 rel 0x11/78 B: byte 15: 0x5A→0x9F bit(s) [6, 7]; byte 17: 0xF4→0xE8 bit(s) [3, 4]; byte 19: 0x4A→0x57 bit(s) [4]; byte 22: 0xFA→0xF9 bit(s) [0, 1]
[14:23:15.608] P-02 rel 0x11/78 B: byte 15: 0x9F→0xB2 bit(s) [3, 5]; byte 17: 0xE8→0xE7 bit(s) [3]; byte 19: 0x57→0x62 bit(s) [4, 5]; byte 21: 0x04→0x82 bit(s) [7]
[14:23:15.623] P-02 rel 0x11/78 B: byte 15: 0xB2→0x93 bit(s) [5]; byte 17: 0xE7→0xEB bit(s) [3]; byte 23: 0x94→0x32 bit(s) [7]
[14:23:15.653] P-01 botão "Direction Pad Left" [dpad.left]: PRESSIONADO
[14:23:15.653] P-01 botão "Direction Pad Up" [dpad.up]: PRESSIONADO
[14:23:15.773] P-01 botão "Direction Pad Up" [dpad.up]: solto
[14:23:15.788] P-01 botão "Direction Pad Left" [dpad.left]: solto
[14:23:16.013]      … 25 linha(s) suprimida(s) neste segundo
[14:23:16.013] P-02 rel 0x11/78 B: byte 15: 0xAF→0x27 bit(s) [3, 7]; byte 16: 0xFF→0x00 bit(s) [0, 1, 2, 3, 4, 5, 6, 7]; byte 17: 0x08→0x26 bit(s) [3, 5]; byte 19: 0x57→0x62 bit(s) [4, 5]; byte 21: 0xCA→0x5A bit(s) [7]; byte 23: 0x28→0xA6 bit(s) [7]
[14:23:16.028] P-02 rel 0x11/78 B: byte 15: 0x27→0x33 bit(s) [4]; byte 17: 0x26→0x19 bit(s) [3, 4, 5]; byte 19: 0x62→0x8D bit(s) [5, 6, 7]; byte 24: 0x14→0x15 bit(s) [0]
[14:23:16.043] P-02 rel 0x11/78 B: byte 7: 0x08→0x02 bit(s) [1, 3]; byte 15: 0x33→0xF8 bit(s) [3, 6, 7]; byte 16: 0x00→0xFF bit(s) [0, 1, 2, 3, 4, 5, 6, 7]; byte 17: 0x19→0xFE bit(s) [5, 6, 7]; byte 18: 0x00→0xFF bit(s) [0, 1, 2, 3, 4, 5, 6, 7]; byte 24: 0x15→0x12 bit(s) [0, 1, 2]; byte 26: 0x07→0x06 bit(s) [0]
[14:23:16.043] P-01 botão "Direction Pad Right" [dpad.right]: PRESSIONADO
[14:23:16.058] P-02 rel 0x11/78 B: byte 15: 0xF8→0x90 bit(s) [3, 5, 6]; byte 17: 0xFE→0xE3 bit(s) [3, 4]; byte 19: 0x83→0x5A bit(s) [4, 6, 7]; byte 23: 0xEE→0x42 bit(s) [7]; byte 24: 0x12→0x13 bit(s) [0]
[14:23:16.073] P-02 rel 0x11/78 B: byte 15: 0x90→0x77 bit(s) [5, 6, 7]; byte 17: 0xE3→0xDD bit(s) [3, 4, 5]; byte 19: 0x5A→0x22 bit(s) [4, 5, 6]; byte 21: 0x4A→0x9E bit(s) [7]; byte 23: 0x42→0xDE bit(s) [7]; byte 26: 0x06→0x07 bit(s) [0]
[14:23:16.088] P-02 rel 0x11/78 B: byte 15: 0x77→0x78 bit(s) [3]; byte 17: 0xDD→0xE2 bit(s) [3, 4, 5]; byte 19: 0x22→0x01 bit(s) [5]; byte 21: 0x9E→0x0E bit(s) [7]; byte 22: 0xF9→0xFA bit(s) [0, 1]; byte 24: 0x13→0x14 bit(s) [0, 1, 2]
[14:23:16.103] P-02 rel 0x11/78 B: byte 15: 0x78→0xA9 bit(s) [4, 6, 7]; byte 17: 0xE2→0xEB bit(s) [3]; byte 19: 0x01→0xDE bit(s) [4, 6, 7]; byte 20: 0x00→0xFF bit(s) [0, 1, 2, 3, 4, 5, 6, 7]; byte 23: 0x80→0x24 bit(s) [7]; byte 24: 0x14→0x15 bit(s) [0]
[14:23:16.118] P-02 rel 0x11/78 B: byte 15: 0xA9→0xF6 bit(s) [3, 4, 6]; byte 17: 0xEB→0xF3 bit(s) [3, 4]; byte 19: 0xDE→0xC5 bit(s) [4]
[14:23:16.133] P-02 rel 0x11/78 B: byte 15: 0xF6→0x26 bit(s) [4, 6, 7]; byte 16: 0xFF→0x00 bit(s) [0, 1, 2, 3, 4, 5, 6, 7]; byte 17: 0xF3→0x07 bit(s) [4, 5, 6, 7]; byte 18: 0xFF→0x00 bit(s) [0, 1, 2, 3, 4, 5, 6, 7]; byte 19: 0xC5→0xBE bit(s) [4, 5, 6]; byte 26: 0x07→0x06 bit(s) [0]
[14:23:16.148] P-02 rel 0x11/78 B: byte 15: 0x26→0x28 bit(s) [3]; byte 17: 0x07→0x0D bit(s) [3]; byte 23: 0x36→0xBA bit(s) [7]; byte 24: 0x15→0x14 bit(s) [0]
[14:23:16.163] P-02 rel 0x11/78 B: byte 15: 0x28→0xE2 bit(s) [3, 6, 7]; byte 16: 0x00→0xFF bit(s) [0, 1, 2, 3, 4, 5, 6, 7]; byte 17: 0x0D→0x11 bit(s) [3, 4]; byte 19: 0xBF→0xC0 bit(s) [4, 5, 6]; byte 21: 0x38→0xE2 bit(s) [7]; byte 22: 0xFA→0xF9 bit(s) [0, 1]; byte 24: 0x14→0x13 bit(s) [0, 1, 2]
[14:23:16.178] P-02 rel 0x11/78 B: byte 15: 0xE2→0x92 bit(s) [4, 5, 6]; byte 21: 0xE2→0x36 bit(s) [7]; byte 22: 0xF9→0xFA bit(s) [0, 1]; byte 23: 0xDC→0x7E bit(s) [7]
[14:23:16.207] P-02 rel 0x11/78 B: byte 15: 0x92→0x65 bit(s) [4, 5, 6, 7]; byte 17: 0x13→0x1B bit(s) [3]; byte 26: 0x06→0x07 bit(s) [0]
[14:23:16.223] P-02 rel 0x11/78 B: byte 15: 0x65→0x6A bit(s) [3]; byte 17: 0x1B→0x29 bit(s) [4, 5]; byte 21: 0x6A→0xC4 bit(s) [7]; byte 22: 0xFA→0xFB bit(s) [0]; byte 23: 0x50→0xA0 bit(s) [7]; byte 24: 0x13→0x11 bit(s) [1]
[14:23:16.238] P-02 rel 0x11/78 B: byte 7: 0x02→0x08 bit(s) [1, 3]; byte 15: 0x6A→0x57 bit(s) [3, 4, 5]; byte 17: 0x29→0x44 bit(s) [3, 5, 6]; byte 19: 0xCB→0xE2 bit(s) [5]; byte 22: 0xFB→0xF9 bit(s) [1]; byte 24: 0x11→0x13 bit(s) [1]
[14:23:16.238] P-01 botão "Direction Pad Right" [dpad.right]: solto
[14:23:16.253] P-02 rel 0x11/78 B: byte 15: 0x57→0x6A bit(s) [3, 4, 5]; byte 17: 0x44→0x3B bit(s) [3, 4, 5, 6]; byte 19: 0xE2→0xF5 bit(s) [4]; byte 21: 0xFE→0x3A bit(s) [7]
[14:23:16.268] P-02 rel 0x11/78 B: byte 15: 0x6A→0x73 bit(s) [3, 4]; byte 17: 0x3B→0x2D bit(s) [4]; byte 23: 0xF4→0x14 bit(s) [7]; byte 24: 0x13→0x14 bit(s) [0, 1, 2]
[14:23:16.297] P-02 rel 0x11/78 B: byte 15: 0x73→0x87 bit(s) [4, 5, 6, 7]; byte 17: 0x2D→0x0E bit(s) [5]; byte 19: 0xFE→0x14 bit(s) [5, 6, 7]; byte 20: 0xFF→0x00 bit(s) [0, 1, 2, 3, 4, 5, 6, 7]; byte 23: 0x14→0x8C bit(s) [7]
[14:23:16.313] P-02 rel 0x11/78 B: byte 15: 0x87→0xA7 bit(s) [5]; byte 17: 0x0E→0xF9 bit(s) [4, 5, 6, 7]; byte 18: 0x00→0xFF bit(s) [0, 1, 2, 3, 4, 5, 6, 7]; byte 21: 0x48→0x8C bit(s) [7]
[14:23:16.328] P-02 rel 0x11/78 B: byte 15: 0xA7→0x9C bit(s) [3, 4, 5]; byte 17: 0xF9→0xEE bit(s) [4]
[14:23:16.343] P-02 rel 0x11/78 B: byte 15: 0x9C→0xA4 bit(s) [3, 4, 5]; byte 22: 0xF9→0xFA bit(s) [0, 1]
[14:23:16.358] P-02 rel 0x11/78 B: byte 15: 0xA4→0xB9 bit(s) [3, 4]; byte 17: 0xEC→0xF6 bit(s) [3, 4]
[14:23:16.373] P-02 rel 0x11/78 B: byte 17: 0xF6→0xFA bit(s) [3]; byte 21: 0x90→0x56 bit(s) [7]
[14:23:16.403] P-02 rel 0x11/78 B: byte 15: 0xBD→0xC1 bit(s) [3, 4, 5, 6]; byte 17: 0xFA→0x00 bit(s) [3, 4, 5, 6, 7]; byte 18: 0xFF→0x00 bit(s) [0, 1, 2, 3, 4, 5, 6, 7]; byte 19: 0x10→0x08 bit(s) [4]
[14:23:16.418] P-02 rel 0x11/78 B: byte 15: 0xC1→0xBD bit(s) [3, 4, 5, 6]
[14:23:16.433] P-02 rel 0x11/78 B: byte 15: 0xBD→0xAF bit(s) [4]; byte 19: 0x01→0xFF bit(s) [4, 5, 6, 7]; byte 20: 0x00→0xFF bit(s) [0, 1, 2, 3, 4, 5, 6, 7]; byte 21: 0x2A→0xF2 bit(s) [7]; byte 22: 0xFA→0xF9 bit(s) [0, 1]
[14:23:16.463] P-02 rel 0x11/78 B: byte 15: 0xAB→0x9E bit(s) [4, 5]; byte 17: 0x00→0xFD bit(s) [3, 4, 5, 6, 7]; byte 18: 0x00→0xFF bit(s) [0, 1, 2, 3, 4, 5, 6, 7]
[14:23:16.478] P-02 rel 0x11/78 B: byte 19: 0xFE→0x01 bit(s) [4, 5, 6, 7]; byte 20: 0xFF→0x00 bit(s) [0, 1, 2, 3, 4, 5, 6, 7]; byte 22: 0xF9→0xF8 bit(s) [0]; byte 23: 0x9E→0x0C bit(s) [7]; byte 24: 0x14→0x15 bit(s) [0]; byte 26: 0x07→0x08 bit(s) [0]
[14:23:16.493] P-02 rel 0x11/78 B: byte 15: 0x99→0xC9 bit(s) [4, 6]; byte 22: 0xF8→0xF9 bit(s) [0]
[14:23:16.508] P-02 rel 0x11/78 B: byte 17: 0xFE→0xE8 bit(s) [4]; byte 19: 0x0C→0x19 bit(s) [4]; byte 21: 0xA0→0x3A bit(s) [7]; byte 22: 0xF9→0xFA bit(s) [0, 1]; byte 23: 0x38→0xCA bit(s) [7]; byte 24: 0x15→0x14 bit(s) [0]; byte 26: 0x08→0x07 bit(s) [0]
[14:23:16.523] P-02 rel 0x11/78 B: byte 15: 0xCC→0xAA bit(s) [5, 6]; byte 17: 0xE8→0xE1 bit(s) [3]; byte 22: 0xFA→0xF9 bit(s) [0, 1]; byte 26: 0x07→0x08 bit(s) [0]
[14:23:16.538] P-02 rel 0x11/78 B: byte 15: 0xAA→0x7B bit(s) [4, 6, 7]; byte 17: 0xE1→0xDC bit(s) [3, 4, 5]; byte 23: 0xCC→0x1E bit(s) [7]; byte 24: 0x14→0x15 bit(s) [0]; byte 26: 0x08→0x07 bit(s) [0]
[14:23:16.553] P-02 rel 0x11/78 B: byte 15: 0x7B→0x56 bit(s) [3, 5]; byte 19: 0x1F→0x26 bit(s) [4, 5]; byte 21: 0x34→0xC4 bit(s) [7]; byte 23: 0x1E→0xBE bit(s) [7]; byte 24: 0x15→0x14 bit(s) [0]
[14:23:16.568] P-02 rel 0x11/78 B: byte 15: 0x56→0x3F bit(s) [3, 5, 6]; byte 17: 0xDD→0xCD bit(s) [4]; byte 21: 0xC4→0x48 bit(s) [7]; byte 23: 0xBE→0x14 bit(s) [7]; byte 24: 0x14→0x15 bit(s) [0]; byte 26: 0x07→0x08 bit(s) [0]
[14:23:16.583] P-02 rel 0x11/78 B: byte 15: 0x3F→0x36 bit(s) [3]; byte 17: 0xCD→0xC5 bit(s) [3]; byte 19: 0x2D→0x33 bit(s) [4]; byte 26: 0x08→0x07 bit(s) [0]
[14:23:16.598] P-02 rel 0x11/78 B: byte 15: 0x36→0x23 bit(s) [4]; byte 17: 0xC5→0xBB bit(s) [3, 4, 5, 6]; byte 19: 0x33→0x4D bit(s) [4, 5, 6]; byte 26: 0x07→0x08 bit(s) [0]
[14:23:16.613] P-02 rel 0x11/78 B: byte 15: 0x23→0xFD bit(s) [3, 4, 6, 7]; byte 16: 0xFF→0xFE bit(s) [0]; byte 17: 0xBB→0xA6 bit(s) [3, 4]; byte 19: 0x4D→0x65 bit(s) [5]; byte 26: 0x08→0x07 bit(s) [0]
[14:23:16.628] P-02 rel 0x11/78 B: byte 15: 0xFD→0xDB bit(s) [5]; byte 17: 0xA6→0x92 bit(s) [4, 5]; byte 19: 0x65→0x72 bit(s) [4]; byte 21: 0x6A→0xBE bit(s) [7]; byte 23: 0x6C→0x94 bit(s) [7]; byte 26: 0x07→0x08 bit(s) [0]
[14:23:16.644] P-02 rel 0x11/78 B: byte 15: 0xDB→0xC6 bit(s) [3, 4]; byte 17: 0x92→0x83 bit(s) [4]; byte 19: 0x72→0x84 bit(s) [4, 5, 6, 7]
[14:23:16.658] P-02 rel 0x11/78 B: byte 15: 0xC6→0xD7 bit(s) [4]; byte 17: 0x83→0x7F bit(s) [3, 4, 5, 6, 7]; byte 19: 0x84→0x90 bit(s) [4]
[14:23:17.003]      … 21 linha(s) suprimida(s) neste segundo
[14:23:17.003] P-02 rel 0x11/78 B: byte 15: 0xDE→0xD7 bit(s) [3]; byte 17: 0xFD→0x01 bit(s) [3, 4, 5, 6, 7]; byte 18: 0xFF→0x00 bit(s) [0, 1, 2, 3, 4, 5, 6, 7]
[14:23:17.018] P-02 rel 0x11/78 B: byte 15: 0xD7→0xCA bit(s) [3, 4]; byte 26: 0x0A→0x09 bit(s) [0]
[14:23:17.033] P-02 rel 0x11/78 B: byte 15: 0xCA→0xC6 bit(s) [3]; byte 26: 0x09→0x0A bit(s) [0]
[14:23:17.048] P-02 rel 0x11/78 B: byte 15: 0xC6→0xCB bit(s) [3]
[14:23:17.063] P-02 rel 0x11/78 B: byte 15: 0xCB→0xC6 bit(s) [3]
[14:23:17.078] P-02 rel 0x11/78 B: byte 23: 0x1A→0x9E bit(s) [7]
[14:23:17.108] P-02 rel 0x11/78 B: byte 15: 0xC6→0xD0 bit(s) [4]; byte 19: 0x0E→0x10 bit(s) [4]; byte 21: 0x46→0xEE bit(s) [7]; byte 22: 0xFA→0xF9 bit(s) [0, 1]
[14:23:17.123] P-02 rel 0x11/78 B: byte 15: 0xD0→0xCC bit(s) [3, 4]
[14:23:17.138] P-02 rel 0x11/78 B: byte 21: 0xEA→0x08 bit(s) [7]; byte 22: 0xF9→0xFA bit(s) [0, 1]
[14:23:17.153] P-02 rel 0x11/78 B: byte 15: 0xCE→0xD9 bit(s) [4]
[14:23:17.168] P-02 rel 0x11/78 B: byte 15: 0xD9→0xE3 bit(s) [3, 4, 5]; byte 17: 0x07→0x08 bit(s) [3]; byte 21: 0x14→0xFE bit(s) [7]; byte 22: 0xFA→0xF9 bit(s) [0, 1]
[14:23:17.198] P-02 rel 0x11/78 B: byte 15: 0xE6→0xE9 bit(s) [3]; byte 21: 0xF4→0x0C bit(s) [7]; byte 22: 0xF9→0xFA bit(s) [0, 1]
[14:23:17.213] P-02 rel 0x11/78 B: byte 15: 0xE9→0xE2 bit(s) [3]; byte 21: 0x0C→0xDA bit(s) [7]; byte 22: 0xFA→0xF9 bit(s) [0, 1]
[14:23:17.228] P-02 rel 0x11/78 B: byte 17: 0x0C→0x07 bit(s) [3]
[14:23:17.257] P-02 rel 0x11/78 B: byte 15: 0xE3→0xEE bit(s) [3]
[14:23:17.273] P-02 rel 0x11/78 B: byte 15: 0xEE→0x03 bit(s) [3, 5, 6, 7]; byte 16: 0xFF→0x00 bit(s) [0, 1, 2, 3, 4, 5, 6, 7]
[14:23:17.288] P-02 rel 0x11/78 B: byte 15: 0x03→0x10 bit(s) [4]
[14:23:17.303] P-02 rel 0x11/78 B: byte 15: 0x10→0xFE bit(s) [3, 5, 6, 7]; byte 16: 0x00→0xFF bit(s) [0, 1, 2, 3, 4, 5, 6, 7]; byte 17: 0x00→0xFE bit(s) [3, 4, 5, 6, 7]; byte 18: 0x00→0xFF bit(s) [0, 1, 2, 3, 4, 5, 6, 7]; byte 21: 0xFA→0x0E bit(s) [7]; byte 22: 0xF9→0xFA bit(s) [0, 1]
[14:23:17.318] P-02 rel 0x11/78 B: byte 23: 0xA6→0x6C bit(s) [7]
[14:23:17.333] P-02 rel 0x11/78 B: byte 15: 0xF9→0xF6 bit(s) [3]; byte 19: 0x16→0x0F bit(s) [4]
[14:23:17.392] P-02 rel 0x11/78 B: byte 15: 0xF6→0xEE bit(s) [3, 4]
[14:23:17.408] P-02 rel 0x11/78 B: byte 17: 0xFE→0x02 bit(s) [3, 4, 5, 6, 7]; byte 18: 0xFF→0x00 bit(s) [0, 1, 2, 3, 4, 5, 6, 7]
[14:23:17.438] P-02 rel 0x11/78 B: byte 17: 0x03→0x0A bit(s) [3]; byte 23: 0x78→0x94 bit(s) [7]
[14:23:17.453] P-02 rel 0x11/78 B: byte 15: 0xE9→0xE4 bit(s) [3]
[14:23:17.468] P-02 rel 0x11/78 B: byte 15: 0xE4→0xDC bit(s) [3, 4, 5]; byte 23: 0xA2→0x7E bit(s) [7]
[14:23:17.483] P-02 rel 0x11/78 B: byte 17: 0x0D→0x10 bit(s) [3, 4]; byte 23: 0x7E→0x84 bit(s) [7]
[14:23:17.498] P-02 rel 0x11/78 B: byte 15: 0xDF→0xE9 bit(s) [4, 5]; byte 21: 0x0A→0xDC bit(s) [7]; byte 22: 0xFA→0xF9 bit(s) [0, 1]
[14:23:17.513] P-02 rel 0x11/78 B: byte 15: 0xE9→0xF0 bit(s) [3, 4]
[14:23:17.528] P-02 rel 0x11/78 B: byte 15: 0xF0→0x00 bit(s) [4, 5, 6, 7]; byte 16: 0xFF→0x00 bit(s) [0, 1, 2, 3, 4, 5, 6, 7]; byte 17: 0x15→0x0C bit(s) [3, 4]; byte 19: 0x0E→0x12 bit(s) [4]
[14:23:17.543] P-02 rel 0x11/78 B: byte 15: 0x00→0x08 bit(s) [3]; byte 19: 0x12→0x0F bit(s) [4]
[14:23:17.558] P-02 rel 0x11/78 B: byte 19: 0x0F→0x14 bit(s) [4]
[14:23:17.573] P-02 rel 0x11/78 B: byte 15: 0x0F→0x13 bit(s) [3, 4]; byte 17: 0x0A→0x07 bit(s) [3]; byte 21: 0xF8→0x22 bit(s) [7]; byte 22: 0xF9→0xFA bit(s) [0, 1]
[14:23:17.588] P-02 rel 0x11/78 B: byte 19: 0x11→0x0F bit(s) [4]
[14:23:17.603] P-02 rel 0x11/78 B: byte 15: 0x12→0x18 bit(s) [3]
[14:23:17.618] P-02 rel 0x11/78 B: byte 15: 0x18→0x26 bit(s) [3, 4, 5]; byte 23: 0x8C→0x6C bit(s) [7]
[14:23:17.648] P-02 rel 0x11/78 B: byte 15: 0x20→0x0B bit(s) [3, 5]
[14:23:17.663] P-02 rel 0x11/78 B: byte 15: 0x0B→0x01 bit(s) [3]
[14:23:17.678] P-02 rel 0x11/78 B: byte 15: 0x01→0xFC bit(s) [3, 4, 5, 6, 7]; byte 16: 0x00→0xFF bit(s) [0, 1, 2, 3, 4, 5, 6, 7]; byte 19: 0x01→0xFE bit(s) [4, 5, 6, 7]; byte 20: 0x00→0xFF bit(s) [0, 1, 2, 3, 4, 5, 6, 7]; byte 26: 0x0A→0x09 bit(s) [0]
[14:23:17.693] P-02 rel 0x11/78 B: byte 17: 0x06→0x0C bit(s) [3]
[14:23:17.708] P-02 rel 0x11/78 B: byte 15: 0xFA→0x00 bit(s) [3, 4, 5, 6, 7]; byte 16: 0xFF→0x00 bit(s) [0, 1, 2, 3, 4, 5, 6, 7]; byte 23: 0x6E→0x82 bit(s) [7]; byte 26: 0x09→0x0A bit(s) [0]
[14:23:18.008]      … 18 linha(s) suprimida(s) neste segundo
[14:23:18.008] P-02 rel 0x11/78 B: byte 17: 0x10→0x0F bit(s) [3, 4]; byte 19: 0x23→0x1A bit(s) [4, 5]; byte 21: 0xF6→0x18 bit(s) [7]; byte 22: 0xF9→0xFA bit(s) [0, 1]
[14:23:18.023] P-02 rel 0x11/78 B: byte 15: 0xD2→0xDF bit(s) [3]; byte 17: 0x0F→0x10 bit(s) [3, 4]; byte 23: 0x54→0x98 bit(s) [7]
[14:23:18.038] P-02 rel 0x11/78 B: byte 15: 0xDF→0xF2 bit(s) [3, 5]
[14:23:18.053] P-02 rel 0x11/78 B: byte 15: 0xF2→0xFD bit(s) [3]; byte 19: 0x1A→0x20 bit(s) [4, 5]
[14:23:18.070] P-02 rel 0x11/78 B: byte 15: 0xFD→0x13 bit(s) [3, 5, 6, 7]; byte 16: 0xFF→0x00 bit(s) [0, 1, 2, 3, 4, 5, 6, 7]; byte 21: 0x46→0x80 bit(s) [7]
[14:23:18.085] P-02 rel 0x11/78 B: byte 15: 0x13→0x3D bit(s) [3, 5]; byte 19: 0x2E→0x3E bit(s) [4]
[14:23:18.099] P-02 rel 0x11/78 B: byte 15: 0x3D→0x78 bit(s) [6]; byte 19: 0x3E→0x4F bit(s) [4, 5, 6]; byte 21: 0x80→0x3E bit(s) [7]; byte 23: 0xBE→0x74 bit(s) [7]
[14:23:18.114] P-02 rel 0x11/78 B: byte 15: 0x78→0xD0 bit(s) [3, 5, 7]; byte 17: 0x13→0x0F bit(s) [3, 4]; byte 19: 0x4F→0x6E bit(s) [5]; byte 23: 0x74→0xC0 bit(s) [7]
[14:23:18.129] P-02 rel 0x11/78 B: byte 15: 0xD0→0xFF bit(s) [3, 5]; byte 17: 0x0F→0x07 bit(s) [3]; byte 19: 0x6E→0x8A bit(s) [5, 6, 7]
[14:23:18.143] P-02 rel 0x11/78 B: byte 15: 0xFF→0x22 bit(s) [3, 4, 6, 7]; byte 16: 0x00→0x01 bit(s) [0]; byte 17: 0x07→0xFC bit(s) [3, 4, 5, 6, 7]; byte 18: 0x00→0xFF bit(s) [0, 1, 2, 3, 4, 5, 6, 7]; byte 19: 0x8A→0xAC bit(s) [5]; byte 26: 0x0A→0x09 bit(s) [0]
[14:23:18.158] P-02 rel 0x11/78 B: byte 15: 0x22→0xAC bit(s) [3, 7]; byte 17: 0xFC→0x13 bit(s) [3, 5, 6, 7]; byte 18: 0xFF→0x00 bit(s) [0, 1, 2, 3, 4, 5, 6, 7]; byte 19: 0xAC→0xF0 bit(s) [4, 6]; byte 21: 0x0A→0xEA bit(s) [7]; byte 22: 0xFA→0xF9 bit(s) [0, 1]; byte 23: 0xAC→0x24 bit(s) [7]
[14:23:18.174] P-02 rel 0x11/78 B: byte 15: 0xAC→0x84 bit(s) [3, 5]; byte 17: 0x13→0xF9 bit(s) [3, 5, 6, 7]; byte 18: 0x00→0xFF bit(s) [0, 1, 2, 3, 4, 5, 6, 7]; byte 22: 0xF9→0xFA bit(s) [0, 1]
[14:23:18.189] P-02 rel 0x11/78 B: byte 15: 0x84→0x32 bit(s) [4, 5, 7]; byte 17: 0xF9→0xDE bit(s) [5]; byte 19: 0xF1→0xCB bit(s) [4, 5]; byte 23: 0x28→0xC4 bit(s) [7]; byte 24: 0x17→0x16 bit(s) [0]; byte 26: 0x09→0x08 bit(s) [0]
[14:23:18.218] P-02 rel 0x11/78 B: byte 15: 0x32→0xEF bit(s) [3, 4, 6, 7]; byte 16: 0x01→0x00 bit(s) [0]; byte 17: 0xDE→0xCE bit(s) [4]; byte 19: 0xCB→0x91 bit(s) [4, 6]; byte 23: 0xC4→0x70 bit(s) [7]
[14:23:18.233] P-02 rel 0x11/78 B: byte 15: 0xEF→0xCC bit(s) [5]; byte 17: 0xCE→0xDB bit(s) [4]; byte 19: 0x91→0x66 bit(s) [4, 5, 6, 7]; byte 21: 0xFA→0x22 bit(s) [7]; byte 22: 0xFA→0xFB bit(s) [0]
[14:23:18.262] P-02 rel 0x11/78 B: byte 15: 0xCC→0xBC bit(s) [4, 5, 6]; byte 17: 0xDB→0xE3 bit(s) [3, 4, 5]; byte 19: 0x66→0x4E bit(s) [5]
[14:23:18.278] P-02 rel 0x11/78 B: byte 15: 0xBC→0x6D bit(s) [4, 6, 7]; byte 17: 0xE3→0xEE bit(s) [3]; byte 19: 0x4E→0x07 bit(s) [6]; byte 21: 0x30→0xB8 bit(s) [7]
[14:23:18.308] P-02 rel 0x11/78 B: byte 15: 0x6D→0x5C bit(s) [4, 5]; byte 17: 0xEE→0xF6 bit(s) [3, 4]; byte 19: 0x07→0xEE bit(s) [5, 6, 7]; byte 20: 0x00→0xFF bit(s) [0, 1, 2, 3, 4, 5, 6, 7]
[14:23:18.323] P-02 rel 0x11/78 B: byte 15: 0x5C→0x3F bit(s) [5, 6]; byte 17: 0xF6→0x07 bit(s) [4, 5, 6, 7]; byte 18: 0xFF→0x00 bit(s) [0, 1, 2, 3, 4, 5, 6, 7]; byte 19: 0xEE→0xDD bit(s) [4, 5]; byte 23: 0x18→0xEA bit(s) [7]; byte 24: 0x16→0x15 bit(s) [0, 1]
[14:23:18.338] P-02 rel 0x11/78 B: byte 15: 0x3F→0x19 bit(s) [5]; byte 17: 0x07→0x0F bit(s) [3]; byte 22: 0xFB→0xFA bit(s) [0]
[14:23:18.353] P-02 rel 0x11/78 B: byte 15: 0x19→0x0E bit(s) [4]; byte 17: 0x0F→0x11 bit(s) [3, 4]; byte 23: 0xE4→0x06 bit(s) [7]; byte 24: 0x15→0x16 bit(s) [0, 1]
[14:23:18.368] P-02 rel 0x11/78 B: byte 15: 0x0E→0x04 bit(s) [3]
[14:23:18.383] P-02 rel 0x11/78 B: byte 19: 0xD7→0xE0 bit(s) [4, 5]; byte 21: 0x84→0x60 bit(s) [7]
[14:23:18.398] P-02 rel 0x11/78 B: byte 15: 0x06→0xFD bit(s) [3, 4, 5, 6, 7]; byte 16: 0x00→0xFF bit(s) [0, 1, 2, 3, 4, 5, 6, 7]; byte 17: 0x11→0x0E bit(s) [3, 4]; byte 26: 0x08→0x09 bit(s) [0]
[14:23:18.413] P-02 rel 0x11/78 B: byte 17: 0x0E→0x06 bit(s) [3]; byte 19: 0xEA→0xF5 bit(s) [4]; byte 21: 0x5A→0x8E bit(s) [7]; byte 26: 0x09→0x08 bit(s) [0]
[14:23:18.428] P-02 rel 0x11/78 B: byte 15: 0xFB→0x03 bit(s) [3, 4, 5, 6, 7]; byte 16: 0xFF→0x00 bit(s) [0, 1, 2, 3, 4, 5, 6, 7]
[14:23:18.443] P-02 rel 0x11/78 B: byte 15: 0x03→0x09 bit(s) [3]; byte 17: 0x01→0xFA bit(s) [3, 4, 5, 6, 7]; byte 18: 0x00→0xFF bit(s) [0, 1, 2, 3, 4, 5, 6, 7]; byte 19: 0xFB→0x06 bit(s) [4, 5, 6, 7]; byte 20: 0xFF→0x00 bit(s) [0, 1, 2, 3, 4, 5, 6, 7]
[14:23:18.458] P-02 rel 0x11/78 B: byte 15: 0x09→0x06 bit(s) [3]; byte 17: 0xFA→0xF7 bit(s) [3]; byte 19: 0x06→0x10 bit(s) [4]; byte 23: 0x08→0xF8 bit(s) [7]; byte 24: 0x16→0x15 bit(s) [0, 1]
[14:23:18.487] P-02 rel 0x11/78 B: byte 15: 0x06→0x11 bit(s) [4]; byte 21: 0xDE→0x0C bit(s) [7]; byte 22: 0xFA→0xFB bit(s) [0]; byte 23: 0xF8→0x20 bit(s) [7]; byte 24: 0x15→0x16 bit(s) [0, 1]
[14:23:18.503] P-02 rel 0x11/78 B: byte 17: 0xF7→0xF9 bit(s) [3]
[14:23:18.518] P-02 rel 0x11/78 B: byte 15: 0x12→0x00 bit(s) [4]
[14:23:18.533] P-02 rel 0x11/78 B: byte 15: 0x00→0xFF bit(s) [3, 4, 5, 6, 7]; byte 16: 0x00→0xFF bit(s) [0, 1, 2, 3, 4, 5, 6, 7]; byte 17: 0xFC→0x06 bit(s) [3, 4, 5, 6, 7]; byte 18: 0xFF→0x00 bit(s) [0, 1, 2, 3, 4, 5, 6, 7]; byte 23: 0x16→0xE8 bit(s) [7]; byte 24: 0x16→0x15 bit(s) [0, 1]
[14:23:18.548] P-02 rel 0x11/78 B: byte 15: 0xFF→0xE4 bit(s) [3, 4]; byte 17: 0x06→0x09 bit(s) [3]
[14:23:18.563] P-02 rel 0x11/78 B: byte 15: 0xE4→0xD7 bit(s) [4, 5]
[14:23:18.578] P-02 rel 0x11/78 B: byte 19: 0x10→0x06 bit(s) [4]; byte 23: 0xF2→0x0C bit(s) [7]; byte 24: 0x15→0x16 bit(s) [0, 1]
[14:23:18.608] P-02 rel 0x11/78 B: byte 15: 0xD7→0xE9 bit(s) [3, 4, 5]; byte 21: 0x28→0xDC bit(s) [7]; byte 22: 0xFB→0xFA bit(s) [0]
[14:23:18.623] P-02 rel 0x11/78 B: byte 15: 0xE9→0xF4 bit(s) [3, 4]; byte 17: 0x0E→0x13 bit(s) [3, 4]
[14:23:18.638] P-02 rel 0x11/78 B: byte 15: 0xF4→0xE5 bit(s) [4]; byte 21: 0xE0→0x76 bit(s) [7]
[14:23:18.653] P-02 rel 0x11/78 B: byte 15: 0xE5→0xDC bit(s) [3, 4, 5]; byte 19: 0x0A→0x10 bit(s) [4]
[14:23:18.668] P-02 rel 0x11/78 B: byte 15: 0xDC→0xD4 bit(s) [3]
[14:23:19.044]      … 18 linha(s) suprimida(s) neste segundo
[14:23:19.044] P-02 rel 0x11/78 B: byte 15: 0xDE→0xE4 bit(s) [3, 4, 5]; byte 19: 0x00→0xF8 bit(s) [4, 5, 6, 7]; byte 20: 0x00→0xFF bit(s) [0, 1, 2, 3, 4, 5, 6, 7]
[14:23:19.103] P-02 rel 0x11/78 B: byte 15: 0xE7→0xF7 bit(s) [4]
[14:23:19.118] P-02 rel 0x11/78 B: byte 15: 0xF7→0xBE bit(s) [3, 6]; byte 17: 0x09→0x15 bit(s) [3, 4]; byte 19: 0xFA→0xE1 bit(s) [4]; byte 26: 0x08→0x09 bit(s) [0]
[14:23:19.134] P-02 rel 0x11/78 B: byte 15: 0xBE→0xC9 bit(s) [4, 5, 6]; byte 17: 0x15→0x1A bit(s) [3]; byte 26: 0x09→0x08 bit(s) [0]
[14:23:19.148] P-02 rel 0x11/78 B: byte 15: 0xC9→0xC0 bit(s) [3]; byte 26: 0x08→0x09 bit(s) [0]
[14:23:19.163] P-02 rel 0x11/78 B: byte 15: 0xC0→0xCE bit(s) [3]; byte 17: 0x1C→0x16 bit(s) [3]
[14:23:19.178] P-02 rel 0x11/78 B: byte 15: 0xCE→0xD0 bit(s) [3, 4]; byte 17: 0x16→0x0E bit(s) [3, 4]; byte 26: 0x09→0x08 bit(s) [0]
[14:23:19.193] P-02 rel 0x11/78 B: byte 19: 0xEB→0xF2 bit(s) [4]
[14:23:19.208] P-02 rel 0x11/78 B: byte 15: 0xD5→0xE6 bit(s) [4, 5]; byte 17: 0x0D→0x06 bit(s) [3]; byte 21: 0xDC→0x02 bit(s) [7]; byte 22: 0xFA→0xFB bit(s) [0]
[14:23:19.223] P-02 rel 0x11/78 B: byte 15: 0xE6→0xF3 bit(s) [4]; byte 21: 0x02→0xFE bit(s) [7]; byte 22: 0xFB→0xFA bit(s) [0]; byte 23: 0x7A→0x8A bit(s) [7]
[14:23:19.238] P-02 rel 0x11/78 B: byte 23: 0x8A→0x4C bit(s) [7]; byte 26: 0x08→0x09 bit(s) [0]
[14:23:19.253] P-02 rel 0x11/78 B: byte 15: 0xF5→0xFF bit(s) [3]; byte 17: 0x05→0x09 bit(s) [3]; byte 26: 0x09→0x08 bit(s) [0]
[14:23:19.268] P-02 rel 0x11/78 B: byte 15: 0xFF→0x04 bit(s) [3, 4, 5, 6, 7]; byte 16: 0xFF→0x00 bit(s) [0, 1, 2, 3, 4, 5, 6, 7]
[14:23:19.283] P-02 rel 0x11/78 B: byte 19: 0xFD→0x02 bit(s) [4, 5, 6, 7]; byte 20: 0xFF→0x00 bit(s) [0, 1, 2, 3, 4, 5, 6, 7]
[14:23:19.298] P-02 rel 0x11/78 B: byte 23: 0x60→0x86 bit(s) [7]
[14:23:19.313] P-02 rel 0x11/78 B: byte 15: 0x06→0xFD bit(s) [3, 4, 5, 6, 7]; byte 16: 0x00→0xFF bit(s) [0, 1, 2, 3, 4, 5, 6, 7]; byte 17: 0x0A→0x07 bit(s) [3]; byte 23: 0x86→0x3A bit(s) [7]
[14:23:19.328] P-02 rel 0x11/78 B: byte 17: 0x07→0x09 bit(s) [3]
[14:23:19.357] P-02 rel 0x11/78 B: byte 15: 0xFA→0xF1 bit(s) [3]
[14:23:19.388] P-02 rel 0x11/78 B: byte 15: 0xF2→0xE9 bit(s) [3, 4]
[14:23:19.403] P-02 rel 0x11/78 B: byte 15: 0xE9→0xF0 bit(s) [3, 4]; byte 17: 0x09→0x06 bit(s) [3]; byte 19: 0x0E→0x10 bit(s) [4]; byte 26: 0x08→0x09 bit(s) [0]
[14:23:19.418] P-02 rel 0x11/78 B: byte 15: 0xF0→0xEF bit(s) [3, 4]
[14:23:19.433] P-02 rel 0x11/78 B: byte 19: 0x10→0x0E bit(s) [4]
[14:23:19.448] P-02 rel 0x11/78 B: byte 15: 0xE9→0xE4 bit(s) [3]; byte 26: 0x09→0x08 bit(s) [0]
[14:23:19.463] P-02 rel 0x11/78 B: byte 23: 0x60→0x86 bit(s) [7]
[14:23:19.478] P-02 rel 0x11/78 B: byte 15: 0xE3→0xF3 bit(s) [4]; byte 17: 0x06→0x09 bit(s) [3]; byte 23: 0x86→0x70 bit(s) [7]
[14:23:19.493] P-02 rel 0x11/78 B: byte 15: 0xF3→0xFB bit(s) [3]
[14:23:19.523] P-02 rel 0x11/78 B: byte 15: 0xFB→0xF4 bit(s) [3]; byte 19: 0x02→0xFC bit(s) [4, 5, 6, 7]; byte 20: 0x00→0xFF bit(s) [0, 1, 2, 3, 4, 5, 6, 7]
[14:23:19.538] P-02 rel 0x11/78 B: byte 15: 0xF4→0xED bit(s) [3, 4]; byte 26: 0x08→0x09 bit(s) [0]
[14:23:19.553] P-02 rel 0x11/78 B: byte 15: 0xED→0xF2 bit(s) [3, 4]
[14:23:19.568] P-02 rel 0x11/78 B: byte 15: 0xF2→0xF9 bit(s) [3]; byte 19: 0xFC→0x01 bit(s) [4, 5, 6, 7]; byte 20: 0xFF→0x00 bit(s) [0, 1, 2, 3, 4, 5, 6, 7]; byte 23: 0x7C→0x8C bit(s) [7]; byte 26: 0x09→0x08 bit(s) [0]
[14:23:19.583] P-02 rel 0x11/78 B: byte 15: 0xF9→0x00 bit(s) [3, 4, 5, 6, 7]; byte 16: 0xFF→0x00 bit(s) [0, 1, 2, 3, 4, 5, 6, 7]
[14:23:19.598] P-02 rel 0x11/78 B: byte 15: 0x00→0xFF bit(s) [3, 4, 5, 6, 7]; byte 16: 0x00→0xFF bit(s) [0, 1, 2, 3, 4, 5, 6, 7]; byte 17: 0x09→0x07 bit(s) [3]; byte 23: 0x82→0x50 bit(s) [7]
[14:23:19.628] P-02 rel 0x11/78 B: byte 15: 0xFC→0xF6 bit(s) [3]; byte 17: 0x06→0x09 bit(s) [3]; byte 26: 0x08→0x09 bit(s) [0]
[14:23:19.643] P-02 rel 0x11/78 B: byte 23: 0x46→0x88 bit(s) [7]; byte 26: 0x09→0x08 bit(s) [0]
[14:23:19.658] P-02 rel 0x11/78 B: byte 15: 0xF4→0xFE bit(s) [3]; byte 26: 0x08→0x09 bit(s) [0]
[14:23:19.673] P-02 rel 0x11/78 B: byte 15: 0xFE→0x03 bit(s) [3, 4, 5, 6, 7]; byte 16: 0xFF→0x00 bit(s) [0, 1, 2, 3, 4, 5, 6, 7]; byte 23: 0x80→0x5C bit(s) [7]; byte 26: 0x09→0x08 bit(s) [0]
[14:23:19.688] P-02 rel 0x11/78 B: byte 15: 0x03→0xFF bit(s) [3, 4, 5, 6, 7]; byte 16: 0x00→0xFF bit(s) [0, 1, 2, 3, 4, 5, 6, 7]
[14:23:19.734] P-02 rel 0x11/78 B: byte 15: 0xFE→0x01 bit(s) [3, 4, 5, 6, 7]; byte 16: 0xFF→0x00 bit(s) [0, 1, 2, 3, 4, 5, 6, 7]; byte 17: 0x08→0x06 bit(s) [3]; byte 26: 0x08→0x09 bit(s) [0]
[14:23:19.748] P-02 rel 0x11/78 B: byte 23: 0x50→0x82 bit(s) [7]; byte 26: 0x09→0x08 bit(s) [0]
[14:23:19.763] P-02 rel 0x11/78 B: byte 15: 0x04→0x18 bit(s) [3, 4]; byte 19: 0x00→0xFE bit(s) [4, 5, 6, 7]; byte 20: 0x00→0xFF bit(s) [0, 1, 2, 3, 4, 5, 6, 7]; byte 23: 0x82→0x5C bit(s) [7]
[14:23:20.003]      … 15 linha(s) suprimida(s) neste segundo
[14:23:20.003] P-02 rel 0x11/78 B: byte 15: 0x44→0x51 bit(s) [4]; byte 19: 0x27→0x1F bit(s) [4, 5]; byte 21: 0x64→0xCC bit(s) [7]
[14:23:20.018] P-02 rel 0x11/78 B: byte 15: 0x51→0x4F bit(s) [3, 4]; byte 19: 0x1F→0x0D bit(s) [4]; byte 23: 0x0C→0xAA bit(s) [7]; byte 24: 0x16→0x15 bit(s) [0, 1]; byte 26: 0x09→0x08 bit(s) [0]
[14:23:20.033] P-02 rel 0x11/78 B: byte 15: 0x4F→0x47 bit(s) [3]
[14:23:20.061] P-02 rel 0x11/78 B: byte 19: 0x04→0xFE bit(s) [4, 5, 6, 7]; byte 20: 0x00→0xFF bit(s) [0, 1, 2, 3, 4, 5, 6, 7]
[14:23:20.078] P-02 rel 0x11/78 B: byte 15: 0x40→0x3A bit(s) [3, 4, 5, 6]; byte 21: 0xF2→0x28 bit(s) [7]; byte 22: 0xFA→0xFB bit(s) [0]
[14:23:20.093] P-02 rel 0x11/78 B: byte 15: 0x3A→0x4A bit(s) [4, 5, 6]; byte 17: 0xE5→0xE9 bit(s) [3]; byte 19: 0xFE→0x25 bit(s) [4, 6, 7]; byte 20: 0xFF→0x00 bit(s) [0, 1, 2, 3, 4, 5, 6, 7]; byte 24: 0x15→0x14 bit(s) [0]; byte 26: 0x08→0x07 bit(s) [0]
[14:23:20.108] P-02 rel 0x11/78 B: byte 15: 0x4A→0xFC bit(s) [4, 5, 7]; byte 16: 0x00→0xFF bit(s) [0, 1, 2, 3, 4, 5, 6, 7]; byte 17: 0xE9→0xF6 bit(s) [3, 4]; byte 19: 0x25→0x06 bit(s) [5]; byte 21: 0x00→0x96 bit(s) [7]; byte 23: 0xEC→0x28 bit(s) [7]; byte 24: 0x14→0x15 bit(s) [0]; byte 26: 0x07→0x08 bit(s) [0]
[14:23:20.123] P-02 rel 0x11/78 B: byte 15: 0xFC→0xE4 bit(s) [3, 4]; byte 17: 0xF6→0xFD bit(s) [3]
[14:23:20.138] P-02 rel 0x11/78 B: byte 15: 0xE4→0xDA bit(s) [3, 4, 5]; byte 17: 0xFD→0x04 bit(s) [3, 4, 5, 6, 7]; byte 18: 0xFF→0x00 bit(s) [0, 1, 2, 3, 4, 5, 6, 7]; byte 21: 0x84→0x52 bit(s) [7]; byte 23: 0x78→0x80 bit(s) [7]
[14:23:20.153] P-02 rel 0x11/78 B: byte 15: 0xDA→0xE6 bit(s) [3, 4, 5]; byte 17: 0x04→0x0A bit(s) [3]
[14:23:20.168] P-02 rel 0x11/78 B: byte 15: 0xE6→0xEF bit(s) [3]; byte 21: 0x28→0xDE bit(s) [7]; byte 22: 0xFB→0xFA bit(s) [0]
[14:23:20.183] P-02 rel 0x11/78 B: byte 15: 0xEF→0xFB bit(s) [4]; byte 19: 0x0E→0x12 bit(s) [4]
[14:23:20.198] P-02 rel 0x11/78 B: byte 15: 0xFB→0x00 bit(s) [3, 4, 5, 6, 7]; byte 16: 0xFF→0x00 bit(s) [0, 1, 2, 3, 4, 5, 6, 7]; byte 23: 0xDE→0x10 bit(s) [7]; byte 24: 0x15→0x16 bit(s) [0, 1]
[14:23:20.213] P-02 rel 0x11/78 B: byte 15: 0x00→0xF2 bit(s) [4, 5, 6, 7]; byte 16: 0x00→0xFF bit(s) [0, 1, 2, 3, 4, 5, 6, 7]; byte 17: 0x08→0x07 bit(s) [3]
[14:23:20.228] P-02 rel 0x11/78 B: byte 15: 0xF2→0xE6 bit(s) [4]; byte 23: 0x00→0xC6 bit(s) [7]; byte 24: 0x16→0x15 bit(s) [0, 1]
[14:23:20.243] P-02 rel 0x11/78 B: byte 15: 0xE6→0xD0 bit(s) [4, 5]; byte 19: 0x13→0x0A bit(s) [4]
[14:23:20.258] P-02 rel 0x11/78 B: byte 15: 0xD0→0xDA bit(s) [3]; byte 21: 0xD6→0x08 bit(s) [7]; byte 22: 0xFA→0xFB bit(s) [0]; byte 23: 0xEE→0x48 bit(s) [7]; byte 24: 0x15→0x16 bit(s) [0, 1]
[14:23:20.273] P-02 rel 0x11/78 B: byte 15: 0xDA→0xF9 bit(s) [5]; byte 19: 0x05→0xFE bit(s) [4, 5, 6, 7]; byte 20: 0x00→0xFF bit(s) [0, 1, 2, 3, 4, 5, 6, 7]; byte 21: 0x08→0xF6 bit(s) [7]; byte 22: 0xFB→0xFA bit(s) [0]
[14:23:20.287] P-02 rel 0x11/78 B: byte 15: 0xF9→0x0F bit(s) [4, 5, 6, 7]; byte 16: 0xFF→0x00 bit(s) [0, 1, 2, 3, 4, 5, 6, 7]
[14:23:20.303] P-02 rel 0x11/78 B: byte 15: 0x0F→0x06 bit(s) [3]; byte 21: 0xEC→0x4E bit(s) [7]; byte 22: 0xFA→0xFB bit(s) [0]
[14:23:20.332] P-02 rel 0x11/78 B: byte 15: 0x06→0xDF bit(s) [3, 4, 6, 7]; byte 16: 0x00→0xFF bit(s) [0, 1, 2, 3, 4, 5, 6, 7]; byte 17: 0x05→0x0A bit(s) [3]
[14:23:20.348] P-02 rel 0x11/78 B: byte 15: 0xDF→0xD1 bit(s) [3]; byte 17: 0x0A→0x06 bit(s) [3]; byte 19: 0xFA→0x02 bit(s) [4, 5, 6, 7]; byte 20: 0xFF→0x00 bit(s) [0, 1, 2, 3, 4, 5, 6, 7]; byte 21: 0x5A→0xE0 bit(s) [7]; byte 24: 0x16→0x15 bit(s) [0, 1]
[14:23:20.363] P-02 rel 0x11/78 B: byte 15: 0xD1→0xBC bit(s) [3, 5, 6]; byte 23: 0x68→0x80 bit(s) [7]
[14:23:20.378] P-02 rel 0x11/78 B: byte 15: 0xBC→0xDE bit(s) [5, 6]; byte 21: 0xD8→0x5E bit(s) [7]; byte 23: 0x80→0x0A bit(s) [7]; byte 26: 0x08→0x07 bit(s) [0]
[14:23:20.407] P-02 rel 0x11/78 B: byte 17: 0x04→0x0C bit(s) [3]; byte 23: 0x0A→0xF2 bit(s) [7]; byte 24: 0x15→0x14 bit(s) [0]; byte 26: 0x07→0x08 bit(s) [0]
[14:23:20.423] P-02 rel 0x11/78 B: byte 15: 0xDF→0x94 bit(s) [3, 6]; byte 19: 0x04→0xF1 bit(s) [4, 5, 6, 7]; byte 20: 0x00→0xFF bit(s) [0, 1, 2, 3, 4, 5, 6, 7]; byte 21: 0x24→0xBA bit(s) [7]; byte 22: 0xFB→0xFA bit(s) [0]; byte 23: 0xF2→0x04 bit(s) [7]; byte 24: 0x14→0x15 bit(s) [0]; byte 26: 0x08→0x07 bit(s) [0]
[14:23:20.438] P-02 rel 0x11/78 B: byte 15: 0x94→0xB0 bit(s) [5]; byte 17: 0x0D→0x23 bit(s) [3, 5]; byte 19: 0xF1→0x01 bit(s) [4, 5, 6, 7]; byte 20: 0xFF→0x00 bit(s) [0, 1, 2, 3, 4, 5, 6, 7]; byte 23: 0x04→0xEE bit(s) [7]
[14:23:20.453] P-02 rel 0x11/78 B: byte 17: 0x23→0x1E bit(s) [3, 4, 5]; byte 21: 0x90→0x12 bit(s) [7]; byte 24: 0x15→0x16 bit(s) [0, 1]
[14:23:20.468] P-02 rel 0x11/78 B: byte 15: 0xB7→0xBF bit(s) [3]; byte 26: 0x09→0x08 bit(s) [0]
[14:23:20.483] P-02 rel 0x11/78 B: byte 17: 0x19→0x0E bit(s) [4]; byte 24: 0x16→0x15 bit(s) [0, 1]
[14:23:20.498] P-02 rel 0x11/78 B: byte 15: 0xBA→0x91 bit(s) [3, 5]; byte 19: 0x03→0xEC bit(s) [5, 6, 7]; byte 20: 0x00→0xFF bit(s) [0, 1, 2, 3, 4, 5, 6, 7]
[14:23:20.527] P-02 rel 0x11/78 B: byte 15: 0x91→0x7D bit(s) [3, 5, 6, 7]; byte 17: 0x0C→0x1A bit(s) [4]; byte 19: 0xEC→0xF1 bit(s) [4]; byte 23: 0xC8→0x48 bit(s) [7]; byte 24: 0x15→0x16 bit(s) [0, 1]
[14:23:20.542] P-02 rel 0x11/78 B: byte 15: 0x7D→0xA3 bit(s) [3, 4, 6, 7]; byte 24: 0x16→0x17 bit(s) [0]; byte 26: 0x08→0x09 bit(s) [0]
[14:23:20.558] P-02 rel 0x11/78 B: byte 15: 0xA3→0x07 bit(s) [5, 7]; byte 16: 0xFF→0x00 bit(s) [0, 1, 2, 3, 4, 5, 6, 7]; byte 17: 0x1A→0x08 bit(s) [4]; byte 21: 0x5E→0xEE bit(s) [7]; byte 26: 0x09→0x0A bit(s) [0]
[14:23:20.573] P-02 rel 0x11/78 B: byte 15: 0x07→0x11 bit(s) [4]; byte 17: 0x08→0xEF bit(s) [5, 6, 7]; byte 18: 0x00→0xFF bit(s) [0, 1, 2, 3, 4, 5, 6, 7]; byte 19: 0xFF→0xEB bit(s) [4]; byte 23: 0x66→0xD8 bit(s) [7]; byte 24: 0x17→0x16 bit(s) [0]
[14:23:20.588] P-02 rel 0x11/78 B: byte 15: 0x11→0x3C bit(s) [3, 5]; byte 21: 0xE0→0x54 bit(s) [7]; byte 24: 0x16→0x17 bit(s) [0]
[14:23:20.603] P-02 rel 0x11/78 B: byte 15: 0x3C→0x6B bit(s) [4, 6]; byte 24: 0x17→0x16 bit(s) [0]; byte 26: 0x08→0x07 bit(s) [0]
[14:23:20.618] P-02 rel 0x11/78 B: byte 15: 0x6B→0x73 bit(s) [3, 4]; byte 19: 0xEC→0xF3 bit(s) [4]; byte 21: 0x58→0x80 bit(s) [7]; byte 26: 0x07→0x08 bit(s) [0]
[14:23:20.633] P-02 rel 0x11/78 B: byte 19: 0xF3→0x01 bit(s) [4, 5, 6, 7]; byte 20: 0xFF→0x00 bit(s) [0, 1, 2, 3, 4, 5, 6, 7]; byte 23: 0xA0→0x32 bit(s) [7]
[14:23:20.648] P-02 rel 0x11/78 B: byte 15: 0x77→0x5B bit(s) [3, 5]; byte 17: 0xED→0xF0 bit(s) [3, 4]; byte 23: 0x32→0xBA bit(s) [7]; byte 24: 0x16→0x15 bit(s) [0, 1]
[14:23:21.022]      … 22 linha(s) suprimida(s) neste segundo
[14:23:21.022] P-02 rel 0x11/78 B: byte 15: 0xDB→0xD7 bit(s) [3]; byte 17: 0xF8→0xF1 bit(s) [3]; byte 21: 0xC2→0x28 bit(s) [7]
[14:23:21.038] P-02 rel 0x11/78 B: byte 15: 0xD7→0xE5 bit(s) [4, 5]; byte 21: 0x28→0xB0 bit(s) [7]; byte 23: 0x00→0xEE bit(s) [7]; byte 24: 0x16→0x15 bit(s) [0, 1]
[14:23:21.053] P-02 rel 0x11/78 B: byte 15: 0xE5→0xE8 bit(s) [3]; byte 17: 0xF4→0xFB bit(s) [3]; byte 21: 0xB0→0x76 bit(s) [7]; byte 23: 0xEE→0x0A bit(s) [7]; byte 24: 0x15→0x16 bit(s) [0, 1]
[14:23:21.068] P-02 rel 0x11/78 B: byte 17: 0xFB→0x0C bit(s) [4, 5, 6, 7]; byte 18: 0xFF→0x00 bit(s) [0, 1, 2, 3, 4, 5, 6, 7]; byte 21: 0x76→0x84 bit(s) [7]
[14:23:21.083] P-02 rel 0x11/78 B: byte 15: 0xEA→0xF2 bit(s) [3, 4]; byte 21: 0x84→0x74 bit(s) [7]
[14:23:21.098] P-02 rel 0x11/78 B: byte 15: 0xF2→0x04 bit(s) [4, 5, 6, 7]; byte 16: 0xFF→0x00 bit(s) [0, 1, 2, 3, 4, 5, 6, 7]
[14:23:21.113] P-02 rel 0x11/78 B: byte 21: 0x78→0xBC bit(s) [7]; byte 23: 0x1A→0xB0 bit(s) [7]; byte 24: 0x16→0x15 bit(s) [0, 1]
[14:23:21.128] P-02 rel 0x11/78 B: byte 15: 0x04→0x0A bit(s) [3]; byte 17: 0x0F→0x06 bit(s) [3]; byte 21: 0xBC→0x70 bit(s) [7]; byte 24: 0x15→0x16 bit(s) [0, 1]
[14:23:21.143] P-02 rel 0x11/78 B: byte 15: 0x0A→0x2D bit(s) [5]; byte 21: 0x70→0xFA bit(s) [7]; byte 24: 0x16→0x15 bit(s) [0, 1]
[14:23:21.158] P-02 rel 0x11/78 B: byte 15: 0x2D→0x0E bit(s) [5]; byte 17: 0x03→0xFC bit(s) [3, 4, 5, 6, 7]; byte 18: 0x00→0xFF bit(s) [0, 1, 2, 3, 4, 5, 6, 7]
[14:23:21.174] P-02 rel 0x11/78 B: byte 15: 0x0E→0x04 bit(s) [3]; byte 19: 0x05→0xFE bit(s) [4, 5, 6, 7]; byte 20: 0x00→0xFF bit(s) [0, 1, 2, 3, 4, 5, 6, 7]
[14:23:21.188] P-02 rel 0x11/78 B: byte 15: 0x04→0x0C bit(s) [3]; byte 17: 0xFE→0x05 bit(s) [3, 4, 5, 6, 7]; byte 18: 0xFF→0x00 bit(s) [0, 1, 2, 3, 4, 5, 6, 7]
[14:23:21.204] P-02 rel 0x11/78 B: byte 15: 0x0C→0xF7 bit(s) [3, 4, 5, 6, 7]; byte 16: 0x00→0xFF bit(s) [0, 1, 2, 3, 4, 5, 6, 7]; byte 21: 0xC0→0x7E bit(s) [7]
[14:23:21.218] P-02 rel 0x11/78 B: byte 15: 0xF7→0xEF bit(s) [3, 4]; byte 21: 0x7E→0x9C bit(s) [7]
[14:23:21.233] P-02 rel 0x11/78 B: byte 15: 0xEF→0xF2 bit(s) [3, 4]; byte 17: 0x07→0x09 bit(s) [3]; byte 19: 0xFC→0x01 bit(s) [4, 5, 6, 7]; byte 20: 0xFF→0x00 bit(s) [0, 1, 2, 3, 4, 5, 6, 7]
[14:23:21.248] P-02 rel 0x11/78 B: byte 15: 0xF2→0xFA bit(s) [3]; byte 19: 0x01→0xFD bit(s) [4, 5, 6, 7]; byte 20: 0x00→0xFF bit(s) [0, 1, 2, 3, 4, 5, 6, 7]
[14:23:21.263] P-02 rel 0x11/78 B: byte 15: 0xFA→0x06 bit(s) [3, 4, 5, 6, 7]; byte 16: 0xFF→0x00 bit(s) [0, 1, 2, 3, 4, 5, 6, 7]; byte 23: 0xFE→0x2A bit(s) [7]; byte 24: 0x15→0x16 bit(s) [0, 1]
[14:23:21.278] P-02 rel 0x11/78 B: byte 15: 0x06→0x0A bit(s) [3]; byte 17: 0x09→0x07 bit(s) [3]; byte 19: 0xFD→0x02 bit(s) [4, 5, 6, 7]; byte 20: 0xFF→0x00 bit(s) [0, 1, 2, 3, 4, 5, 6, 7]; byte 23: 0x2A→0xFA bit(s) [7]; byte 24: 0x16→0x15 bit(s) [0, 1]
[14:23:21.293] P-02 rel 0x11/78 B: byte 15: 0x0A→0x01 bit(s) [3]; byte 17: 0x07→0x09 bit(s) [3]
[14:23:21.308] P-02 rel 0x11/78 B: byte 17: 0x09→0x05 bit(s) [3]; byte 19: 0x02→0xFF bit(s) [4, 5, 6, 7]; byte 20: 0x00→0xFF bit(s) [0, 1, 2, 3, 4, 5, 6, 7]
[14:23:21.323] P-02 rel 0x11/78 B: byte 15: 0x07→0x0E bit(s) [3]; byte 19: 0xFF→0x04 bit(s) [4, 5, 6, 7]; byte 20: 0xFF→0x00 bit(s) [0, 1, 2, 3, 4, 5, 6, 7]
[14:23:21.338] P-02 rel 0x11/78 B: byte 15: 0x0E→0x15 bit(s) [3, 4]; byte 17: 0x07→0x0B bit(s) [3]; byte 19: 0x04→0xF9 bit(s) [4, 5, 6, 7]; byte 20: 0x00→0xFF bit(s) [0, 1, 2, 3, 4, 5, 6, 7]; byte 23: 0xE0→0x1E bit(s) [7]; byte 24: 0x15→0x16 bit(s) [0, 1]
[14:23:21.353] P-02 rel 0x11/78 B: byte 15: 0x15→0x0B bit(s) [3, 4]; byte 23: 0x1E→0x98 bit(s) [7]; byte 24: 0x16→0x15 bit(s) [0, 1]
[14:23:21.368] P-02 rel 0x11/78 B: byte 15: 0x0B→0x00 bit(s) [3]; byte 17: 0x09→0x06 bit(s) [3]
[14:23:21.382] P-02 rel 0x11/78 B: byte 15: 0x00→0xF7 bit(s) [4, 5, 6, 7]; byte 16: 0x00→0xFF bit(s) [0, 1, 2, 3, 4, 5, 6, 7]; byte 19: 0xF3→0xEE bit(s) [4]
[14:23:21.398] P-02 rel 0x11/78 B: byte 15: 0xF7→0xFC bit(s) [3]; byte 19: 0xEE→0xF6 bit(s) [4]; byte 23: 0xA8→0x16 bit(s) [7]; byte 24: 0x15→0x16 bit(s) [0, 1]
[14:23:21.413] P-02 rel 0x11/78 B: byte 15: 0xFC→0xF4 bit(s) [3]; byte 17: 0x01→0x0E bit(s) [3]; byte 23: 0x16→0xD4 bit(s) [7]; byte 24: 0x16→0x15 bit(s) [0, 1]
[14:23:21.428] P-02 rel 0x11/78 B: byte 15: 0xF4→0xEF bit(s) [3, 4]; byte 21: 0x8C→0x6E bit(s) [7]
[14:23:21.457] P-02 rel 0x11/78 B: byte 15: 0xEF→0xFD bit(s) [4]
[14:23:21.473] P-02 rel 0x11/78 B: byte 15: 0xFD→0x13 bit(s) [3, 5, 6, 7]; byte 16: 0xFF→0x00 bit(s) [0, 1, 2, 3, 4, 5, 6, 7]; byte 23: 0xDC→0x46 bit(s) [7]; byte 24: 0x15→0x16 bit(s) [0, 1]
[14:23:21.488] P-02 rel 0x11/78 B: byte 15: 0x13→0x02 bit(s) [4]; byte 21: 0x7A→0x86 bit(s) [7]; byte 23: 0x46→0x8E bit(s) [7]; byte 24: 0x16→0x15 bit(s) [0, 1]; byte 26: 0x08→0x07 bit(s) [0]
[14:23:21.503] P-02 rel 0x11/78 B: byte 15: 0x02→0xE8 bit(s) [3, 5, 6, 7]; byte 16: 0x00→0xFF bit(s) [0, 1, 2, 3, 4, 5, 6, 7]; byte 26: 0x07→0x08 bit(s) [0]
[14:23:21.518] P-02 rel 0x11/78 B: byte 15: 0xE8→0xDF bit(s) [4, 5]; byte 21: 0x84→0x6A bit(s) [7]
[14:23:21.533] P-02 rel 0x11/78 B: byte 15: 0xDF→0xE3 bit(s) [3, 4, 5]; byte 21: 0x6A→0xA4 bit(s) [7]
[14:23:21.548] P-02 rel 0x11/78 B: byte 15: 0xE3→0xFD bit(s) [3, 4]; byte 21: 0xA4→0x72 bit(s) [7]
[14:23:21.578] P-02 rel 0x11/78 B: byte 15: 0xFE→0xED bit(s) [4]
[14:23:21.593] P-02 rel 0x11/78 B: byte 15: 0xED→0x0E bit(s) [5, 6, 7]; byte 16: 0xFF→0x00 bit(s) [0, 1, 2, 3, 4, 5, 6, 7]; byte 17: 0x0A→0x02 bit(s) [3]
[14:23:21.608] P-02 rel 0x11/78 B: byte 15: 0x0E→0xFA bit(s) [4, 5, 6, 7]; byte 16: 0x00→0xFF bit(s) [0, 1, 2, 3, 4, 5, 6, 7]; byte 17: 0x02→0x14 bit(s) [4]; byte 21: 0x58→0xAE bit(s) [7]; byte 23: 0x96→0x6C bit(s) [7]
[14:23:21.623] P-02 rel 0x11/78 B: byte 15: 0xFA→0xF1 bit(s) [3]; byte 17: 0x14→0x0F bit(s) [3, 4]; byte 23: 0x6C→0xBE bit(s) [7]
[14:23:21.638] P-02 rel 0x11/78 B: byte 15: 0xF1→0xEF bit(s) [3, 4]; byte 17: 0x0F→0x13 bit(s) [3, 4]
[14:23:22.013]      … 22 linha(s) suprimida(s) neste segundo
[14:23:22.013] P-02 rel 0x11/78 B: byte 15: 0x27→0x2B bit(s) [3]
[14:23:22.028] P-02 rel 0x11/78 B: byte 15: 0x2B→0x1E bit(s) [4, 5]
[14:23:22.043] P-02 rel 0x11/78 B: byte 15: 0x1E→0x14 bit(s) [3]
[14:23:22.073] P-02 rel 0x11/78 B: byte 15: 0x11→0x0B bit(s) [3, 4]
[14:23:22.088] P-02 rel 0x11/78 B: byte 15: 0x0B→0x05 bit(s) [3]; byte 23: 0x9E→0x70 bit(s) [7]
[14:23:22.103] P-02 rel 0x11/78 B: byte 15: 0x05→0xFA bit(s) [3, 4, 5, 6, 7]; byte 16: 0x00→0xFF bit(s) [0, 1, 2, 3, 4, 5, 6, 7]
[14:23:22.118] P-02 rel 0x11/78 B: byte 15: 0xFA→0xF4 bit(s) [3]; byte 23: 0x70→0xA2 bit(s) [7]
[14:23:22.133] P-02 rel 0x11/78 B: byte 15: 0xF4→0xF9 bit(s) [3]
[14:23:22.148] P-02 rel 0x11/78 B: byte 15: 0xF9→0x0E bit(s) [4, 5, 6, 7]; byte 16: 0xFF→0x00 bit(s) [0, 1, 2, 3, 4, 5, 6, 7]
[14:23:22.193] P-02 rel 0x11/78 B: byte 15: 0x0E→0x14 bit(s) [3, 4]
[14:23:22.208] P-02 rel 0x11/78 B: byte 23: 0x9E→0x3C bit(s) [7]; byte 26: 0x08→0x07 bit(s) [0]
[14:23:22.223] P-02 rel 0x11/78 B: byte 15: 0x15→0xF8 bit(s) [3, 5, 6, 7]; byte 16: 0x00→0xFF bit(s) [0, 1, 2, 3, 4, 5, 6, 7]; byte 17: 0x01→0xFC bit(s) [3, 4, 5, 6, 7]; byte 18: 0x00→0xFF bit(s) [0, 1, 2, 3, 4, 5, 6, 7]; byte 19: 0x12→0x0A bit(s) [4]; byte 26: 0x07→0x08 bit(s) [0]
[14:23:22.238] P-02 rel 0x11/78 B: byte 15: 0xF8→0xDE bit(s) [5]
[14:23:22.253] P-02 rel 0x11/78 B: byte 15: 0xDE→0xE2 bit(s) [3, 4, 5]; byte 17: 0xFC→0x00 bit(s) [3, 4, 5, 6, 7]; byte 18: 0xFF→0x00 bit(s) [0, 1, 2, 3, 4, 5, 6, 7]
[14:23:22.267] P-02 rel 0x11/78 B: byte 15: 0xE2→0xF7 bit(s) [4]; byte 23: 0x7E→0x82 bit(s) [7]
[14:23:22.283] P-02 rel 0x11/78 B: byte 15: 0xF7→0xEF bit(s) [3, 4]
[14:23:22.313] P-02 rel 0x11/78 B: byte 15: 0xEB→0xF9 bit(s) [4]
[14:23:22.328] P-02 rel 0x11/78 B: byte 23: 0x88→0x76 bit(s) [7]
[14:23:22.343] P-02 rel 0x11/78 B: byte 15: 0xFF→0xF4 bit(s) [3]
[14:23:22.358] P-02 rel 0x11/78 B: byte 15: 0xF4→0xEA bit(s) [3, 4]; byte 19: 0x04→0xFC bit(s) [4, 5, 6, 7]; byte 20: 0x00→0xFF bit(s) [0, 1, 2, 3, 4, 5, 6, 7]; byte 23: 0x6C→0x9E bit(s) [7]
[14:23:22.388] P-02 rel 0x11/78 B: byte 15: 0xEB→0xFD bit(s) [4]; byte 17: 0x00→0xFF bit(s) [3, 4, 5, 6, 7]; byte 18: 0x00→0xFF bit(s) [0, 1, 2, 3, 4, 5, 6, 7]; byte 19: 0xFD→0x00 bit(s) [4, 5, 6, 7]; byte 20: 0xFF→0x00 bit(s) [0, 1, 2, 3, 4, 5, 6, 7]
[14:23:22.403] P-02 rel 0x11/78 B: byte 15: 0xFD→0x03 bit(s) [3, 4, 5, 6, 7]; byte 16: 0xFF→0x00 bit(s) [0, 1, 2, 3, 4, 5, 6, 7]; byte 21: 0x8E→0x76 bit(s) [7]
[14:23:22.418] P-02 rel 0x11/78 B: byte 15: 0x03→0xFC bit(s) [3, 4, 5, 6, 7]; byte 16: 0x00→0xFF bit(s) [0, 1, 2, 3, 4, 5, 6, 7]; byte 17: 0xFF→0x01 bit(s) [3, 4, 5, 6, 7]; byte 18: 0xFF→0x00 bit(s) [0, 1, 2, 3, 4, 5, 6, 7]; byte 21: 0x76→0xA2 bit(s) [7]; byte 23: 0xAE→0x64 bit(s) [7]
[14:23:22.448] P-02 rel 0x11/78 B: byte 17: 0x02→0xFF bit(s) [3, 4, 5, 6, 7]; byte 18: 0x00→0xFF bit(s) [0, 1, 2, 3, 4, 5, 6, 7]
[14:23:22.463] P-02 rel 0x11/78 B: byte 15: 0xFC→0x04 bit(s) [3, 4, 5, 6, 7]; byte 16: 0xFF→0x00 bit(s) [0, 1, 2, 3, 4, 5, 6, 7]
[14:23:22.478] P-02 rel 0x11/78 B: byte 26: 0x08→0x07 bit(s) [0]
[14:23:22.506] P-02 rel 0x11/78 B: byte 15: 0x02→0xFC bit(s) [3, 4, 5, 6, 7]; byte 16: 0x00→0xFF bit(s) [0, 1, 2, 3, 4, 5, 6, 7]; byte 23: 0x42→0x86 bit(s) [7]
[14:23:22.523] P-02 rel 0x11/78 B: byte 15: 0xFC→0xF4 bit(s) [3]; byte 17: 0xFB→0x00 bit(s) [3, 4, 5, 6, 7]; byte 18: 0xFF→0x00 bit(s) [0, 1, 2, 3, 4, 5, 6, 7]; byte 26: 0x07→0x08 bit(s) [0]
[14:23:22.538] P-02 rel 0x11/78 B: byte 15: 0xF4→0xF9 bit(s) [3]; byte 19: 0x0A→0x11 bit(s) [4]
[14:23:22.553] P-02 rel 0x11/78 B: byte 15: 0xF9→0xF3 bit(s) [3]; byte 19: 0x11→0x0C bit(s) [4]; byte 23: 0x84→0x72 bit(s) [7]
[14:23:22.581] P-02 rel 0x11/78 B: byte 15: 0xF3→0xEA bit(s) [3, 4]; byte 21: 0xAA→0x72 bit(s) [7]; byte 23: 0x72→0x8A bit(s) [7]
[14:23:22.598] P-02 rel 0x11/78 B: byte 21: 0x72→0xBC bit(s) [7]; byte 23: 0x8A→0x74 bit(s) [7]
[14:23:22.613] P-02 rel 0x11/78 B: byte 15: 0xE9→0xF5 bit(s) [3, 4]; byte 17: 0x00→0xFF bit(s) [3, 4, 5, 6, 7]; byte 18: 0x00→0xFF bit(s) [0, 1, 2, 3, 4, 5, 6, 7]
[14:23:22.628] P-02 rel 0x11/78 B: byte 15: 0xF5→0xFF bit(s) [3]; byte 23: 0x7E→0x94 bit(s) [7]
[14:23:22.643] P-02 rel 0x11/78 B: byte 15: 0xFF→0x02 bit(s) [3, 4, 5, 6, 7]; byte 16: 0xFF→0x00 bit(s) [0, 1, 2, 3, 4, 5, 6, 7]; byte 17: 0xFE→0x01 bit(s) [3, 4, 5, 6, 7]; byte 18: 0xFF→0x00 bit(s) [0, 1, 2, 3, 4, 5, 6, 7]
[14:23:22.658] P-02 rel 0x11/78 B: byte 17: 0x01→0xFF bit(s) [3, 4, 5, 6, 7]; byte 18: 0x00→0xFF bit(s) [0, 1, 2, 3, 4, 5, 6, 7]; byte 23: 0xA8→0x7A bit(s) [7]
[14:23:22.686] P-02 rel 0x11/78 B: byte 15: 0x03→0xF9 bit(s) [3, 4, 5, 6, 7]; byte 16: 0x00→0xFF bit(s) [0, 1, 2, 3, 4, 5, 6, 7]
[14:23:22.703] P-02 rel 0x11/78 B: byte 15: 0xF9→0xF1 bit(s) [3]; byte 17: 0xFF→0x02 bit(s) [3, 4, 5, 6, 7]; byte 18: 0xFF→0x00 bit(s) [0, 1, 2, 3, 4, 5, 6, 7]; byte 23: 0x7E→0x80 bit(s) [7]
[14:23:22.718] P-02 rel 0x11/78 B: byte 19: 0x00→0xFF bit(s) [4, 5, 6, 7]; byte 20: 0x00→0xFF bit(s) [0, 1, 2, 3, 4, 5, 6, 7]; byte 23: 0x80→0x76 bit(s) [7]
[14:23:22.733] P-02 rel 0x11/78 B: byte 19: 0xFF→0x03 bit(s) [4, 5, 6, 7]; byte 20: 0xFF→0x00 bit(s) [0, 1, 2, 3, 4, 5, 6, 7]
[14:23:23.003]      … 14 linha(s) suprimida(s) neste segundo
[14:23:23.003] P-02 rel 0x11/78 B: byte 15: 0xCC→0xBD bit(s) [4, 5, 6]; byte 23: 0x0A→0x98 bit(s) [7]; byte 24: 0x16→0x15 bit(s) [0, 1]
[14:23:23.048] P-02 rel 0x11/78 B: byte 15: 0xBB→0xC1 bit(s) [3, 4, 5, 6]; byte 19: 0x0D→0x12 bit(s) [4]
[14:23:23.063] P-02 rel 0x11/78 B: byte 15: 0xC1→0xC9 bit(s) [3]; byte 17: 0xFA→0xF7 bit(s) [3]; byte 23: 0xDA→0x26 bit(s) [7]; byte 24: 0x15→0x16 bit(s) [0, 1]
[14:23:23.078] P-02 rel 0x11/78 B: byte 23: 0x26→0xE8 bit(s) [7]; byte 24: 0x16→0x15 bit(s) [0, 1]
[14:23:23.093] P-02 rel 0x11/78 B: byte 17: 0xF7→0xF8 bit(s) [3]; byte 19: 0x1C→0x20 bit(s) [4, 5]; byte 23: 0xE8→0x06 bit(s) [7]; byte 24: 0x15→0x16 bit(s) [0, 1]
[14:23:23.108] P-02 rel 0x11/78 B: byte 15: 0xC9→0xBF bit(s) [4, 5, 6]; byte 23: 0x06→0xC4 bit(s) [7]; byte 24: 0x16→0x15 bit(s) [0, 1]
[14:23:23.123] P-02 rel 0x11/78 B: byte 19: 0x22→0x17 bit(s) [4, 5]; byte 23: 0xC4→0x4C bit(s) [7]
[14:23:23.138] P-02 rel 0x11/78 B: byte 15: 0xBB→0xA5 bit(s) [3, 4]; byte 17: 0xFF→0x02 bit(s) [3, 4, 5, 6, 7]; byte 18: 0xFF→0x00 bit(s) [0, 1, 2, 3, 4, 5, 6, 7]; byte 23: 0x4C→0xD6 bit(s) [7]
[14:23:23.168] P-02 rel 0x11/78 B: byte 15: 0xA7→0xB7 bit(s) [4]; byte 21: 0x80→0x66 bit(s) [7]; byte 24: 0x15→0x16 bit(s) [0, 1]
[14:23:23.183] P-02 rel 0x11/78 B: byte 15: 0xB7→0xA9 bit(s) [3, 4]; byte 21: 0x66→0x82 bit(s) [7]
[14:23:23.198] P-02 rel 0x11/78 B: byte 15: 0xA9→0xA7 bit(s) [3]; byte 17: 0x01→0xFE bit(s) [3, 4, 5, 6, 7]; byte 18: 0x00→0xFF bit(s) [0, 1, 2, 3, 4, 5, 6, 7]; byte 19: 0x1E→0x27 bit(s) [4, 5]; byte 21: 0x82→0x6E bit(s) [7]
[14:23:23.213] P-02 rel 0x11/78 B: byte 15: 0xA7→0xB9 bit(s) [3, 4]
[14:23:23.228] P-02 rel 0x11/78 B: byte 15: 0xB9→0xD5 bit(s) [3, 5, 6]; byte 17: 0xFD→0x00 bit(s) [3, 4, 5, 6, 7]; byte 18: 0xFF→0x00 bit(s) [0, 1, 2, 3, 4, 5, 6, 7]; byte 21: 0x68→0x9E bit(s) [7]; byte 23: 0xAA→0x4C bit(s) [7]
[14:23:23.243] P-02 rel 0x11/78 B: byte 15: 0xD5→0xCD bit(s) [3, 4]; byte 19: 0x2C→0x1C bit(s) [4, 5]
[14:23:23.257] P-02 rel 0x11/78 B: byte 15: 0xCD→0xBF bit(s) [4, 5, 6]
[14:23:23.273] P-02 rel 0x11/78 B: byte 15: 0xBF→0xCB bit(s) [4, 5, 6]; byte 19: 0x16→0x0C bit(s) [4]
[14:23:23.288] P-02 rel 0x11/78 B: byte 15: 0xCB→0xD7 bit(s) [3, 4]; byte 17: 0x05→0x0A bit(s) [3]
[14:23:23.303] P-02 rel 0x11/78 B: byte 15: 0xD7→0xEF bit(s) [3, 4, 5]; byte 19: 0x06→0xFD bit(s) [4, 5, 6, 7]; byte 20: 0x00→0xFF bit(s) [0, 1, 2, 3, 4, 5, 6, 7]; byte 26: 0x08→0x09 bit(s) [0]
[14:23:23.318] P-02 rel 0x11/78 B: byte 15: 0xEF→0xF8 bit(s) [4]; byte 19: 0xFD→0xEB bit(s) [4]; byte 23: 0x14→0xB2 bit(s) [7]
[14:23:23.333] P-02 rel 0x11/78 B: byte 15: 0xF8→0x19 bit(s) [5, 6, 7]; byte 16: 0xFF→0x00 bit(s) [0, 1, 2, 3, 4, 5, 6, 7]; byte 19: 0xEB→0xF9 bit(s) [4]; byte 23: 0xB2→0x72 bit(s) [7]
[14:23:23.348] P-02 rel 0x11/78 B: byte 15: 0x19→0x32 bit(s) [3, 5]; byte 17: 0x0E→0x06 bit(s) [3]; byte 26: 0x09→0x08 bit(s) [0]
[14:23:23.363] P-02 rel 0x11/78 B: byte 15: 0x32→0x29 bit(s) [3, 4]
[14:23:23.378] P-02 rel 0x11/78 B: byte 15: 0x29→0x10 bit(s) [3, 4, 5]; byte 19: 0xFC→0x03 bit(s) [4, 5, 6, 7]; byte 20: 0xFF→0x00 bit(s) [0, 1, 2, 3, 4, 5, 6, 7]
[14:23:23.393] P-02 rel 0x11/78 B: byte 15: 0x10→0xFC bit(s) [3, 5, 6, 7]; byte 16: 0x00→0xFF bit(s) [0, 1, 2, 3, 4, 5, 6, 7]; byte 23: 0x18→0xE8 bit(s) [7]; byte 24: 0x16→0x15 bit(s) [0, 1]
[14:23:23.408] P-02 rel 0x11/78 B: byte 21: 0x8C→0x74 bit(s) [7]
[14:23:23.423] P-02 rel 0x11/78 B: byte 15: 0xFC→0x10 bit(s) [3, 5, 6, 7]; byte 16: 0xFF→0x00 bit(s) [0, 1, 2, 3, 4, 5, 6, 7]
[14:23:23.438] P-02 rel 0x11/78 B: byte 15: 0x10→0x01 bit(s) [4]; byte 17: 0x07→0x08 bit(s) [3]; byte 21: 0x76→0x8C bit(s) [7]
[14:23:23.454] P-02 rel 0x11/78 B: byte 15: 0x01→0xFA bit(s) [3, 4, 5, 6, 7]; byte 16: 0x00→0xFF bit(s) [0, 1, 2, 3, 4, 5, 6, 7]; byte 21: 0x8C→0x6E bit(s) [7]
[14:23:23.468] P-02 rel 0x11/78 B: byte 23: 0xC8→0x02 bit(s) [7]; byte 24: 0x15→0x16 bit(s) [0, 1]
[14:23:23.483] P-02 rel 0x11/78 B: byte 15: 0xF9→0xF4 bit(s) [3]; byte 21: 0x78→0x9E bit(s) [7]; byte 23: 0x02→0xFA bit(s) [7]; byte 24: 0x16→0x15 bit(s) [0, 1]
[14:23:23.499] P-02 rel 0x11/78 B: byte 15: 0xF4→0xDE bit(s) [3, 5]; byte 17: 0x0B→0x10 bit(s) [3, 4]; byte 21: 0x9E→0x7C bit(s) [7]; byte 23: 0xFA→0x0E bit(s) [7]; byte 24: 0x15→0x16 bit(s) [0, 1]
[14:23:23.514] P-02 rel 0x11/78 B: byte 17: 0x10→0x0F bit(s) [3, 4]; byte 21: 0x7C→0x8C bit(s) [7]
[14:23:23.557] P-02 rel 0x11/78 B: byte 17: 0x0F→0x11 bit(s) [3, 4]
[14:23:23.602] P-02 rel 0x11/78 B: byte 15: 0xDE→0xCA bit(s) [4]
[14:23:23.618] P-02 rel 0x11/78 B: byte 15: 0xCA→0xBD bit(s) [4, 5, 6]; byte 17: 0x12→0x05 bit(s) [4]; byte 19: 0x05→0x16 bit(s) [4]; byte 21: 0xB8→0x6E bit(s) [7]
[14:23:23.633] P-02 rel 0x11/78 B: byte 15: 0xBD→0xB6 bit(s) [3]; byte 19: 0x16→0x21 bit(s) [4, 5]; byte 21: 0x6E→0x8C bit(s) [7]; byte 23: 0x4E→0x92 bit(s) [7]
[14:23:23.648] P-02 rel 0x11/78 B: byte 17: 0x06→0xFF bit(s) [3, 4, 5, 6, 7]; byte 18: 0x00→0xFF bit(s) [0, 1, 2, 3, 4, 5, 6, 7]; byte 19: 0x21→0x41 bit(s) [5, 6]; byte 23: 0x92→0x6A bit(s) [7]; byte 26: 0x08→0x09 bit(s) [0]
[14:23:23.678] P-02 rel 0x11/78 B: byte 17: 0xFE→0x00 bit(s) [3, 4, 5, 6, 7]; byte 18: 0xFF→0x00 bit(s) [0, 1, 2, 3, 4, 5, 6, 7]
[14:23:23.693] P-02 rel 0x11/78 B: byte 17: 0x00→0xFD bit(s) [3, 4, 5, 6, 7]; byte 18: 0x00→0xFF bit(s) [0, 1, 2, 3, 4, 5, 6, 7]; byte 26: 0x09→0x08 bit(s) [0]
[14:23:23.708] P-02 rel 0x11/78 B: byte 15: 0xB2→0xBD bit(s) [3]; byte 17: 0xFD→0x01 bit(s) [3, 4, 5, 6, 7]; byte 18: 0xFF→0x00 bit(s) [0, 1, 2, 3, 4, 5, 6, 7]; byte 19: 0x43→0x3C bit(s) [4, 5, 6]; byte 21: 0xC2→0x00 bit(s) [7]; byte 22: 0xFA→0xFB bit(s) [0]; byte 23: 0x64→0x9E bit(s) [7]; byte 26: 0x08→0x09 bit(s) [0]
[14:23:24.038]      … 16 linha(s) suprimida(s) neste segundo
[14:23:24.038] P-02 rel 0x11/78 B: byte 15: 0x03→0xF9 bit(s) [3, 4, 5, 6, 7]; byte 16: 0x00→0xFF bit(s) [0, 1, 2, 3, 4, 5, 6, 7]; byte 26: 0x08→0x09 bit(s) [0]
[14:23:24.053] P-02 rel 0x11/78 B: byte 15: 0xF9→0xF0 bit(s) [3]; byte 23: 0x7A→0x8A bit(s) [7]
[14:23:24.068] P-02 rel 0x11/78 B: byte 26: 0x09→0x08 bit(s) [0]
[14:23:24.083] P-02 rel 0x11/78 B: byte 23: 0x8E→0x76 bit(s) [7]; byte 26: 0x08→0x09 bit(s) [0]
[14:23:24.098] P-02 rel 0x11/78 B: byte 19: 0xFC→0x01 bit(s) [4, 5, 6, 7]; byte 20: 0xFF→0x00 bit(s) [0, 1, 2, 3, 4, 5, 6, 7]; byte 23: 0x76→0x88 bit(s) [7]
[14:23:24.143] P-02 rel 0x11/78 B: byte 15: 0xF7→0xF8 bit(s) [3]; byte 17: 0x0B→0x06 bit(s) [3]; byte 19: 0x0A→0x10 bit(s) [4]
[14:23:24.158] P-02 rel 0x11/78 B: byte 26: 0x09→0x08 bit(s) [0]
[14:23:24.173] P-02 rel 0x11/78 B: byte 15: 0xF8→0xF4 bit(s) [3]; byte 19: 0x10→0x0F bit(s) [4]; byte 26: 0x08→0x09 bit(s) [0]
[14:23:24.188] P-02 rel 0x11/78 B: byte 21: 0xEE→0x00 bit(s) [7]; byte 22: 0xFA→0xFB bit(s) [0]
[14:23:24.203] P-02 rel 0x11/78 B: byte 21: 0x00→0xE0 bit(s) [7]; byte 22: 0xFB→0xFA bit(s) [0]; byte 26: 0x09→0x08 bit(s) [0]
[14:23:24.218] P-02 rel 0x11/78 B: byte 15: 0xF7→0xFE bit(s) [3]; byte 17: 0x05→0x0C bit(s) [3]
[14:23:24.233] P-02 rel 0x11/78 B: byte 15: 0xFE→0x00 bit(s) [3, 4, 5, 6, 7]; byte 16: 0xFF→0x00 bit(s) [0, 1, 2, 3, 4, 5, 6, 7]; byte 23: 0x8A→0x70 bit(s) [7]; byte 26: 0x08→0x09 bit(s) [0]
[14:23:24.248] P-02 rel 0x11/78 B: byte 15: 0x00→0xFD bit(s) [3, 4, 5, 6, 7]; byte 16: 0x00→0xFF bit(s) [0, 1, 2, 3, 4, 5, 6, 7]; byte 17: 0x09→0x03 bit(s) [3]
[14:23:24.263] P-02 rel 0x11/78 B: byte 17: 0x03→0x08 bit(s) [3]; byte 26: 0x09→0x08 bit(s) [0]
[14:23:24.293] P-02 rel 0x11/78 B: byte 23: 0x72→0x98 bit(s) [7]
[14:23:24.308] P-02 rel 0x11/78 B: byte 15: 0xF9→0xF4 bit(s) [3]; byte 17: 0x09→0x07 bit(s) [3]
[14:23:24.323] P-02 rel 0x11/78 B: byte 15: 0xF4→0xFA bit(s) [3]; byte 26: 0x08→0x09 bit(s) [0]
[14:23:24.353] P-02 rel 0x11/78 B: byte 15: 0xFF→0x00 bit(s) [3, 4, 5, 6, 7]; byte 16: 0xFF→0x00 bit(s) [0, 1, 2, 3, 4, 5, 6, 7]; byte 23: 0x98→0x72 bit(s) [7]
[14:23:24.368] P-02 rel 0x11/78 B: byte 15: 0x00→0xFD bit(s) [3, 4, 5, 6, 7]; byte 16: 0x00→0xFF bit(s) [0, 1, 2, 3, 4, 5, 6, 7]; byte 26: 0x09→0x08 bit(s) [0]
[14:23:24.383] P-02 rel 0x11/78 B: byte 15: 0xFD→0x02 bit(s) [3, 4, 5, 6, 7]; byte 16: 0xFF→0x00 bit(s) [0, 1, 2, 3, 4, 5, 6, 7]
[14:23:24.398] P-02 rel 0x11/78 B: byte 15: 0x02→0x08 bit(s) [3]
[14:23:24.413] P-02 rel 0x11/78 B: byte 15: 0x08→0x04 bit(s) [3]; byte 17: 0x06→0x09 bit(s) [3]; byte 21: 0xE6→0x16 bit(s) [7]; byte 22: 0xFA→0xFB bit(s) [0]
[14:23:24.428] P-02 rel 0x11/78 B: byte 15: 0x04→0xFA bit(s) [3, 4, 5, 6, 7]; byte 16: 0x00→0xFF bit(s) [0, 1, 2, 3, 4, 5, 6, 7]; byte 17: 0x09→0x07 bit(s) [3]; byte 21: 0x16→0xEC bit(s) [7]; byte 22: 0xFB→0xFA bit(s) [0]; byte 26: 0x08→0x09 bit(s) [0]
[14:23:24.443] P-02 rel 0x11/78 B: byte 26: 0x09→0x08 bit(s) [0]
[14:23:24.473] P-02 rel 0x11/78 B: byte 15: 0xFE→0x01 bit(s) [3, 4, 5, 6, 7]; byte 16: 0xFF→0x00 bit(s) [0, 1, 2, 3, 4, 5, 6, 7]; byte 26: 0x08→0x09 bit(s) [0]
[14:23:24.488] P-02 rel 0x11/78 B: byte 15: 0x01→0xFF bit(s) [3, 4, 5, 6, 7]; byte 16: 0x00→0xFF bit(s) [0, 1, 2, 3, 4, 5, 6, 7]; byte 26: 0x09→0x08 bit(s) [0]
[14:23:24.518] P-02 rel 0x11/78 B: byte 15: 0xF9→0xED bit(s) [4]
[14:23:24.533] P-02 rel 0x11/78 B: byte 15: 0xED→0xF0 bit(s) [3, 4]
[14:23:24.548] P-02 rel 0x11/78 B: byte 15: 0xF0→0xEC bit(s) [3, 4]
[14:23:24.592] P-02 rel 0x11/78 B: byte 19: 0x0F→0x11 bit(s) [4]; byte 23: 0x6E→0xA0 bit(s) [7]; byte 26: 0x08→0x09 bit(s) [0]
[14:23:24.608] P-02 rel 0x11/78 B: byte 23: 0xA0→0x6E bit(s) [7]; byte 26: 0x09→0x08 bit(s) [0]
[14:23:24.623] P-02 rel 0x11/78 B: byte 15: 0xEE→0xE7 bit(s) [3]; byte 19: 0x15→0x08 bit(s) [4]; byte 23: 0x6E→0x82 bit(s) [7]; byte 26: 0x08→0x09 bit(s) [0]
[14:23:24.638] P-02 rel 0x11/78 B: byte 15: 0xE7→0xEB bit(s) [3]; byte 23: 0x82→0x76 bit(s) [7]
[14:23:24.653] P-02 rel 0x11/78 B: byte 15: 0xEB→0xF1 bit(s) [3, 4]; byte 26: 0x09→0x08 bit(s) [0]
[14:23:24.668] P-02 rel 0x11/78 B: byte 19: 0x02→0xFE bit(s) [4, 5, 6, 7]; byte 20: 0x00→0xFF bit(s) [0, 1, 2, 3, 4, 5, 6, 7]
[14:23:24.683] P-02 rel 0x11/78 B: byte 19: 0xFE→0x00 bit(s) [4, 5, 6, 7]; byte 20: 0xFF→0x00 bit(s) [0, 1, 2, 3, 4, 5, 6, 7]; byte 23: 0x3A→0x82 bit(s) [7]
[14:23:24.698] P-02 rel 0x11/78 B: byte 23: 0x82→0x68 bit(s) [7]; byte 26: 0x08→0x09 bit(s) [0]
[14:23:24.728] P-02 rel 0x11/78 B: byte 15: 0xF2→0xED bit(s) [3, 4]; byte 23: 0x78→0x92 bit(s) [7]
[14:23:24.743] P-02 rel 0x11/78 B: byte 21: 0xD2→0x00 bit(s) [7]; byte 22: 0xFA→0xFB bit(s) [0]; byte 23: 0x92→0x7A bit(s) [7]; byte 26: 0x09→0x08 bit(s) [0]
[14:23:24.758] P-02 rel 0x11/78 B: byte 21: 0x00→0xFC bit(s) [7]; byte 22: 0xFB→0xFA bit(s) [0]; byte 26: 0x08→0x09 bit(s) [0]
[14:23:25.014]      … 14 linha(s) suprimida(s) neste segundo
[14:23:25.014] P-02 rel 0x11/78 B: byte 15: 0x31→0x1D bit(s) [3, 5]; byte 21: 0xFA→0x0C bit(s) [7]; byte 22: 0xFA→0xFB bit(s) [0]; byte 26: 0x09→0x08 bit(s) [0]
[14:23:25.042] P-02 rel 0x11/78 B: byte 15: 0x1D→0x05 bit(s) [3, 4]; byte 19: 0x21→0x18 bit(s) [4, 5]
[14:23:25.058] P-02 rel 0x11/78 B: byte 15: 0x05→0x1E bit(s) [3, 4]; byte 21: 0x0E→0xEA bit(s) [7]; byte 22: 0xFB→0xFA bit(s) [0]; byte 23: 0x58→0x98 bit(s) [7]; byte 26: 0x08→0x09 bit(s) [0]
[14:23:25.073] P-02 rel 0x11/78 B: byte 15: 0x1E→0x59 bit(s) [6]; byte 17: 0xEE→0xF0 bit(s) [3, 4]
[14:23:25.088] P-02 rel 0x11/78 B: byte 15: 0x59→0xD0 bit(s) [3, 7]; byte 17: 0xF0→0xEC bit(s) [3, 4]; byte 21: 0xB8→0x12 bit(s) [7]; byte 24: 0x16→0x17 bit(s) [0]
[14:23:25.103] P-02 rel 0x11/78 B: byte 15: 0xD0→0x05 bit(s) [4, 6, 7]; byte 16: 0x00→0x01 bit(s) [0]; byte 17: 0xEC→0xF0 bit(s) [3, 4]; byte 21: 0x12→0xB4 bit(s) [7]; byte 24: 0x17→0x16 bit(s) [0]; byte 26: 0x09→0x08 bit(s) [0]
[14:23:25.118] P-02 rel 0x11/78 B: byte 15: 0x05→0xD2 bit(s) [4, 6, 7]; byte 16: 0x01→0x00 bit(s) [0]; byte 19: 0x19→0x08 bit(s) [4]; byte 24: 0x16→0x15 bit(s) [0, 1]
[14:23:25.133] P-02 rel 0x11/78 B: byte 15: 0xD2→0x82 bit(s) [4, 6]; byte 19: 0x08→0xFB bit(s) [4, 5, 6, 7]; byte 20: 0x00→0xFF bit(s) [0, 1, 2, 3, 4, 5, 6, 7]; byte 23: 0xC2→0x3A bit(s) [7]
[14:23:25.148] P-02 rel 0x11/78 B: byte 15: 0x82→0x60 bit(s) [5, 6, 7]; byte 17: 0xF7→0x02 bit(s) [4, 5, 6, 7]; byte 18: 0xFF→0x00 bit(s) [0, 1, 2, 3, 4, 5, 6, 7]; byte 23: 0x3A→0xAA bit(s) [7]
[14:23:25.163] P-02 rel 0x11/78 B: byte 15: 0x60→0x9A bit(s) [3, 4, 5, 6, 7]; byte 23: 0xAA→0x4E bit(s) [7]; byte 24: 0x15→0x16 bit(s) [0, 1]
[14:23:25.178] P-02 rel 0x11/78 B: byte 15: 0x9A→0xDD bit(s) [6]; byte 17: 0x03→0xFB bit(s) [3, 4, 5, 6, 7]; byte 18: 0x00→0xFF bit(s) [0, 1, 2, 3, 4, 5, 6, 7]; byte 19: 0xF1→0xE9 bit(s) [4]; byte 23: 0x4E→0x80 bit(s) [7]; byte 26: 0x08→0x09 bit(s) [0]
[14:23:25.193] P-02 rel 0x11/78 B: byte 15: 0xDD→0xF1 bit(s) [3, 5]; byte 17: 0xFB→0xF5 bit(s) [3]; byte 23: 0x80→0x42 bit(s) [7]; byte 26: 0x09→0x08 bit(s) [0]
[14:23:25.208] P-02 rel 0x11/78 B: byte 15: 0xF1→0xD6 bit(s) [5]; byte 17: 0xF5→0xF9 bit(s) [3]; byte 23: 0x42→0xD8 bit(s) [7]; byte 24: 0x16→0x15 bit(s) [0, 1]; byte 26: 0x08→0x07 bit(s) [0]
[14:23:25.217] P-02 resumo: relatório 0x11 com 78 bytes, 4981 recebido(s); ruído de repouso: byte 9 bits [3, 4, 5, 6, 7]; byte 13 bits [1, 2, 3, 4, 5, 6, 7]; byte 15 bits [0, 1, 2]; byte 17 bits [0, 1, 2]; byte 19 bits [0, 1, 2, 3]; byte 21 bits [1, 2, 3, 4, 5, 6]; byte 23 bits [1, 2, 3, 4, 5, 6]; byte 25 bits [1, 2, 3, 4, 5, 6, 7]; byte 26 bits [1, 2, 3, 4, 5]; byte 74 bits [0, 1, 2, 3, 4, 5, 6, 7]; byte 75 bits [0, 1, 2, 3, 4, 5, 6, 7]; byte 76 bits [0, 1, 2, 3, 4, 5, 6, 7]; byte 77 bits [0, 1, 2, 3, 4, 5, 6, 7]
[14:23:25.223] P-02 rel 0x11/78 B: byte 15: 0xD6→0x9F bit(s) [3, 6]; byte 17: 0xF9→0x03 bit(s) [3, 4, 5, 6, 7]; byte 18: 0xFF→0x00 bit(s) [0, 1, 2, 3, 4, 5, 6, 7]; byte 19: 0xE0→0xDC bit(s) [4, 5]
[14:23:25.238] P-02 rel 0x11/78 B: byte 15: 0x9F→0x84 bit(s) [3, 4]; byte 22: 0xFA→0xFB bit(s) [0]; byte 23: 0x98→0x14 bit(s) [7]
[14:23:25.253] P-02 rel 0x11/78 B: byte 15: 0x84→0x68 bit(s) [3, 5, 6, 7]; byte 17: 0x07→0x09 bit(s) [3]; byte 19: 0xD8→0xCE bit(s) [4]; byte 21: 0x86→0x5E bit(s) [7]; byte 23: 0x14→0xB2 bit(s) [7]; byte 24: 0x15→0x14 bit(s) [0]
[14:23:25.268] P-02 rel 0x11/78 B: byte 15: 0x68→0x41 bit(s) [3, 5]; byte 23: 0xB2→0x06 bit(s) [7]; byte 24: 0x14→0x15 bit(s) [0]; byte 26: 0x07→0x08 bit(s) [0]
[14:23:25.283] P-02 rel 0x11/78 B: byte 17: 0x0C→0x06 bit(s) [3]; byte 21: 0x3A→0xE2 bit(s) [7]; byte 22: 0xFB→0xFA bit(s) [0]; byte 23: 0x06→0xE8 bit(s) [7]; byte 24: 0x15→0x14 bit(s) [0]
[14:23:25.298] P-02 rel 0x11/78 B: byte 15: 0x44→0x57 bit(s) [4]; byte 26: 0x08→0x07 bit(s) [0]
[14:23:25.313] P-02 rel 0x11/78 B: byte 15: 0x57→0x47 bit(s) [4]; byte 17: 0x07→0x08 bit(s) [3]; byte 19: 0xCF→0xD3 bit(s) [4]; byte 26: 0x07→0x08 bit(s) [0]
[14:23:25.329] P-02 rel 0x11/78 B: byte 15: 0x47→0x3E bit(s) [3, 4, 5, 6]; byte 17: 0x08→0x05 bit(s) [3]
[14:23:25.344] P-02 rel 0x11/78 B: byte 15: 0x3E→0x33 bit(s) [3]
[14:23:25.359] P-02 rel 0x11/78 B: byte 15: 0x33→0x2A bit(s) [3, 4]; byte 17: 0x05→0x0A bit(s) [3]; byte 26: 0x08→0x07 bit(s) [0]
[14:23:25.374] P-02 rel 0x11/78 B: byte 15: 0x2A→0x16 bit(s) [3, 4, 5]; byte 17: 0x0A→0x07 bit(s) [3]; byte 19: 0xDE→0xE8 bit(s) [4, 5]; byte 23: 0xEA→0x32 bit(s) [7]; byte 24: 0x14→0x15 bit(s) [0]
[14:23:25.388] P-02 rel 0x11/78 B: byte 15: 0x16→0xF9 bit(s) [3, 5, 6, 7]; byte 16: 0x00→0xFF bit(s) [0, 1, 2, 3, 4, 5, 6, 7]; byte 19: 0xE8→0xF5 bit(s) [4]; byte 21: 0x9E→0x76 bit(s) [7]
[14:23:25.403] P-02 rel 0x11/78 B: byte 15: 0xF9→0xEE bit(s) [4]; byte 19: 0xF5→0x03 bit(s) [4, 5, 6, 7]; byte 20: 0xFF→0x00 bit(s) [0, 1, 2, 3, 4, 5, 6, 7]; byte 26: 0x07→0x08 bit(s) [0]
[14:23:25.418] P-02 rel 0x11/78 B: byte 21: 0x6C→0x86 bit(s) [7]
[14:23:25.433] P-02 rel 0x11/78 B: byte 15: 0xED→0xF2 bit(s) [3, 4]; byte 19: 0x0E→0x13 bit(s) [4]; byte 23: 0x5E→0xE8 bit(s) [7]; byte 24: 0x15→0x14 bit(s) [0]; byte 26: 0x08→0x07 bit(s) [0]
[14:23:25.448] P-02 rel 0x11/78 B: byte 15: 0xF2→0xED bit(s) [3, 4]; byte 23: 0xE8→0x0A bit(s) [7]; byte 24: 0x14→0x15 bit(s) [0]; byte 26: 0x07→0x08 bit(s) [0]
[14:23:25.463] P-02 rel 0x11/78 B: byte 15: 0xED→0xF2 bit(s) [3, 4]; byte 21: 0x82→0x70 bit(s) [7]; byte 26: 0x08→0x07 bit(s) [0]
[14:23:25.478] P-02 rel 0x11/78 B: byte 15: 0xF2→0x04 bit(s) [4, 5, 6, 7]; byte 16: 0xFF→0x00 bit(s) [0, 1, 2, 3, 4, 5, 6, 7]; byte 19: 0x15→0x0E bit(s) [4]; byte 26: 0x07→0x08 bit(s) [0]
[14:23:25.493] P-02 rel 0x11/78 B: byte 15: 0x04→0x14 bit(s) [4]; byte 17: 0x03→0xFF bit(s) [3, 4, 5, 6, 7]; byte 18: 0x00→0xFF bit(s) [0, 1, 2, 3, 4, 5, 6, 7]; byte 19: 0x0E→0x17 bit(s) [4]; byte 21: 0x1A→0xB4 bit(s) [7]; byte 23: 0x10→0xB4 bit(s) [7]; byte 26: 0x08→0x07 bit(s) [0]
[14:23:25.508] P-02 rel 0x11/78 B: byte 15: 0x14→0x1E bit(s) [3]; byte 17: 0xFF→0x01 bit(s) [3, 4, 5, 6, 7]; byte 18: 0xFF→0x00 bit(s) [0, 1, 2, 3, 4, 5, 6, 7]; byte 26: 0x07→0x08 bit(s) [0]
[14:23:25.523] P-02 rel 0x11/78 B: byte 23: 0xB4→0x16 bit(s) [7]; byte 26: 0x08→0x07 bit(s) [0]
[14:23:25.538] P-02 rel 0x11/78 B: byte 19: 0x11→0x0C bit(s) [4]; byte 21: 0xAE→0x68 bit(s) [7]
[14:23:25.553] P-02 rel 0x11/78 B: byte 15: 0x19→0x24 bit(s) [3, 4, 5]; byte 17: 0x01→0x0A bit(s) [3]; byte 21: 0x68→0xCC bit(s) [7]; byte 23: 0x22→0xFA bit(s) [7]; byte 24: 0x15→0x14 bit(s) [0]
[14:23:25.568] P-02 rel 0x11/78 B: byte 15: 0x24→0x0D bit(s) [3, 5]; byte 19: 0x08→0xFF bit(s) [4, 5, 6, 7]; byte 20: 0x00→0xFF bit(s) [0, 1, 2, 3, 4, 5, 6, 7]
[14:23:25.583] P-02 rel 0x11/78 B: byte 15: 0x0D→0xF7 bit(s) [3, 4, 5, 6, 7]; byte 16: 0x00→0xFF bit(s) [0, 1, 2, 3, 4, 5, 6, 7]; byte 17: 0x0D→0x10 bit(s) [3, 4]; byte 21: 0xA2→0x20 bit(s) [7]; byte 24: 0x14→0x13 bit(s) [0, 1, 2]; byte 26: 0x07→0x08 bit(s) [0]
[14:23:25.598] P-02 rel 0x11/78 B: byte 15: 0xF7→0x03 bit(s) [4, 5, 6, 7]; byte 16: 0xFF→0x00 bit(s) [0, 1, 2, 3, 4, 5, 6, 7]; byte 17: 0x10→0x0D bit(s) [3, 4]; byte 21: 0x20→0x80 bit(s) [7]; byte 24: 0x13→0x15 bit(s) [1, 2]; byte 26: 0x08→0x07 bit(s) [0]
[14:23:25.613] P-02 rel 0x11/78 B: byte 15: 0x03→0x0B bit(s) [3]; byte 24: 0x15→0x14 bit(s) [0]; byte 26: 0x07→0x08 bit(s) [0]
[14:23:25.688] P-01 botão "Button X" [buttonX]: PRESSIONADO
[14:23:25.748] P-01 botão "Button X" [buttonX]: solto
[14:23:25.809] P-01 botão "Button X" [buttonX]: PRESSIONADO
[14:23:25.839] P-01 botão "Button X" [buttonX]: solto
[14:23:25.973] P-01 botão "Button B" [buttonB]: PRESSIONADO
[14:23:26.003]      … 23 linha(s) suprimida(s) neste segundo
[14:23:26.003] P-02 rel 0x11/78 B: byte 15: 0x41→0x01 bit(s) [6]; byte 17: 0xEF→0xFD bit(s) [4]; byte 19: 0xF4→0xE4 bit(s) [4]; byte 21: 0x52→0xA6 bit(s) [7]
[14:23:26.018] P-02 rel 0x11/78 B: byte 7: 0x48→0x08 bit(s) [6]; byte 15: 0x01→0xE8 bit(s) [3, 5, 6, 7]; byte 16: 0x00→0xFF bit(s) [0, 1, 2, 3, 4, 5, 6, 7]; byte 17: 0xFD→0x04 bit(s) [3, 4, 5, 6, 7]; byte 18: 0xFF→0x00 bit(s) [0, 1, 2, 3, 4, 5, 6, 7]; byte 19: 0xE4→0xD8 bit(s) [4, 5]; byte 21: 0xA6→0x52 bit(s) [7]; byte 23: 0xDC→0x02 bit(s) [7]; byte 24: 0x13→0x14 bit(s) [0, 1, 2]; byte 26: 0x06→0x07 bit(s) [0]
[14:23:26.018] P-01 botão "Button B" [buttonB]: solto
[14:23:26.033] P-02 rel 0x11/78 B: byte 15: 0xE8→0xDD bit(s) [4, 5]
[14:23:26.048] P-02 rel 0x11/78 B: byte 17: 0x05→0x12 bit(s) [4]; byte 19: 0xD1→0xCB bit(s) [4]; byte 23: 0x2C→0xD6 bit(s) [7]; byte 24: 0x14→0x13 bit(s) [0, 1, 2]; byte 26: 0x07→0x06 bit(s) [0]
[14:23:26.063] P-02 rel 0x11/78 B: byte 15: 0xDE→0xAE bit(s) [4, 5, 6]; byte 17: 0x12→0x22 bit(s) [4, 5]; byte 21: 0x32→0x96 bit(s) [7]; byte 23: 0xD6→0x08 bit(s) [7]; byte 24: 0x13→0x14 bit(s) [0, 1, 2]
[14:23:26.078] P-02 rel 0x11/78 B: byte 7: 0x08→0x48 bit(s) [6]; byte 15: 0xAE→0x74 bit(s) [3, 4, 6, 7]; byte 17: 0x22→0x2B bit(s) [3]; byte 19: 0xC8→0xD1 bit(s) [4]; byte 26: 0x06→0x07 bit(s) [0]
[14:23:26.078] P-01 botão "Button B" [buttonB]: PRESSIONADO
[14:23:26.093] P-02 rel 0x11/78 B: byte 7: 0x48→0x08 bit(s) [6]; byte 15: 0x74→0x59 bit(s) [3, 5]; byte 17: 0x2B→0x26 bit(s) [3]; byte 23: 0x5A→0xFA bit(s) [7]; byte 24: 0x14→0x13 bit(s) [0, 1, 2]; byte 26: 0x07→0x08 bit(s) [0]
[14:23:26.093] P-01 botão "Button B" [buttonB]: solto
[14:23:26.108] P-02 rel 0x11/78 B: byte 15: 0x59→0x56 bit(s) [3]; byte 19: 0xD8→0xE6 bit(s) [4, 5]; byte 23: 0xFA→0x00 bit(s) [7]; byte 24: 0x13→0x15 bit(s) [1, 2]
[14:23:26.123] P-02 rel 0x11/78 B: byte 15: 0x56→0x6D bit(s) [3, 4, 5]; byte 17: 0x22→0x18 bit(s) [3, 4, 5]; byte 19: 0xE6→0xF8 bit(s) [4]; byte 23: 0x00→0xDE bit(s) [7]; byte 24: 0x15→0x14 bit(s) [0]
[14:23:26.138] P-02 rel 0x11/78 B: byte 15: 0x6D→0x89 bit(s) [5, 6, 7]; byte 17: 0x18→0x15 bit(s) [3]; byte 19: 0xF8→0x05 bit(s) [4, 5, 6, 7]; byte 20: 0xFF→0x00 bit(s) [0, 1, 2, 3, 4, 5, 6, 7]; byte 21: 0xCE→0x00 bit(s) [7]; byte 22: 0xFA→0xFB bit(s) [0]; byte 26: 0x08→0x07 bit(s) [0]
[14:23:26.153] P-02 rel 0x11/78 B: byte 15: 0x89→0x9B bit(s) [4]; byte 21: 0x00→0xCE bit(s) [7]; byte 22: 0xFB→0xFA bit(s) [0]; byte 23: 0xFA→0x04 bit(s) [7]; byte 24: 0x14→0x15 bit(s) [0]; byte 26: 0x07→0x08 bit(s) [0]
[14:23:26.168] P-02 rel 0x11/78 B: byte 15: 0x9B→0xB3 bit(s) [3, 5]; byte 23: 0x04→0xFE bit(s) [7]; byte 24: 0x15→0x14 bit(s) [0]; byte 26: 0x08→0x07 bit(s) [0]
[14:23:26.183] P-02 rel 0x11/78 B: byte 23: 0xFE→0x68 bit(s) [7]; byte 24: 0x14→0x15 bit(s) [0]
[14:23:26.198] P-02 rel 0x11/78 B: byte 23: 0x68→0x86 bit(s) [7]; byte 26: 0x07→0x08 bit(s) [0]
[14:23:26.213] P-02 rel 0x11/78 B: byte 15: 0xB7→0xC1 bit(s) [4, 5, 6]; byte 17: 0x10→0x0D bit(s) [3, 4]; byte 21: 0x8C→0x56 bit(s) [7]
[14:23:26.228] P-02 rel 0x11/78 B: byte 15: 0xC1→0xC8 bit(s) [3]
[14:23:26.243] P-02 rel 0x11/78 B: byte 15: 0xC8→0xD8 bit(s) [4]
[14:23:26.258] P-02 rel 0x11/78 B: byte 15: 0xD8→0xEE bit(s) [4, 5]; byte 17: 0x08→0x05 bit(s) [3]; byte 26: 0x08→0x07 bit(s) [0]
[14:23:26.273] P-02 rel 0x11/78 B: byte 15: 0xEE→0xFA bit(s) [4]; byte 17: 0x05→0x08 bit(s) [3]; byte 26: 0x07→0x08 bit(s) [0]
[14:23:26.288] P-02 rel 0x11/78 B: byte 21: 0x42→0x84 bit(s) [7]; byte 23: 0x8A→0x54 bit(s) [7]
[14:23:26.303] P-02 rel 0x11/78 B: byte 17: 0x09→0x05 bit(s) [3]; byte 21: 0x84→0x78 bit(s) [7]; byte 26: 0x08→0x07 bit(s) [0]
[14:23:26.318] P-02 rel 0x11/78 B: byte 15: 0xF8→0xF1 bit(s) [3]; byte 17: 0x05→0x0A bit(s) [3]; byte 21: 0x78→0x84 bit(s) [7]
[14:23:26.333] P-02 rel 0x11/78 B: byte 17: 0x0A→0x03 bit(s) [3]; byte 26: 0x07→0x08 bit(s) [0]
[14:23:26.363] P-02 rel 0x11/78 B: byte 15: 0xF7→0xFB bit(s) [3]; byte 17: 0x04→0xFE bit(s) [3, 4, 5, 6, 7]; byte 18: 0x00→0xFF bit(s) [0, 1, 2, 3, 4, 5, 6, 7]; byte 26: 0x08→0x07 bit(s) [0]
[14:23:26.378] P-02 rel 0x11/78 B: byte 19: 0x02→0xFE bit(s) [4, 5, 6, 7]; byte 20: 0x00→0xFF bit(s) [0, 1, 2, 3, 4, 5, 6, 7]; byte 21: 0x8A→0x72 bit(s) [7]
[14:23:26.393] P-02 rel 0x11/78 B: byte 15: 0xFD→0x01 bit(s) [3, 4, 5, 6, 7]; byte 16: 0xFF→0x00 bit(s) [0, 1, 2, 3, 4, 5, 6, 7]; byte 17: 0xFF→0x00 bit(s) [3, 4, 5, 6, 7]; byte 18: 0xFF→0x00 bit(s) [0, 1, 2, 3, 4, 5, 6, 7]; byte 21: 0x72→0x88 bit(s) [7]
[14:23:26.408] P-02 rel 0x11/78 B: byte 15: 0x01→0x0E bit(s) [3]; byte 23: 0x1C→0xF0 bit(s) [7]; byte 24: 0x15→0x14 bit(s) [0]
[14:23:26.423] P-02 rel 0x11/78 B: byte 15: 0x0E→0x11 bit(s) [3, 4]; byte 21: 0x98→0x78 bit(s) [7]; byte 23: 0xF0→0x10 bit(s) [7]; byte 24: 0x14→0x15 bit(s) [0]
[14:23:26.438] P-02 rel 0x11/78 B: byte 15: 0x11→0x0A bit(s) [3, 4]; byte 21: 0x78→0x8E bit(s) [7]
[14:23:26.453] P-02 rel 0x11/78 B: byte 15: 0x0A→0x02 bit(s) [3]; byte 21: 0x8E→0x44 bit(s) [7]
[14:23:26.468] P-02 rel 0x11/78 B: byte 19: 0xFC→0x00 bit(s) [4, 5, 6, 7]; byte 20: 0xFF→0x00 bit(s) [0, 1, 2, 3, 4, 5, 6, 7]
[14:23:26.483] P-02 rel 0x11/78 B: byte 15: 0x07→0x12 bit(s) [4]
[14:23:26.498] P-02 rel 0x11/78 B: byte 15: 0x12→0x0E bit(s) [3, 4]
[14:23:26.513] P-02 rel 0x11/78 B: byte 21: 0x78→0xC4 bit(s) [7]; byte 23: 0x0E→0xC0 bit(s) [7]; byte 24: 0x15→0x14 bit(s) [0]
[14:23:26.528] P-02 rel 0x11/78 B: byte 15: 0x0A→0xFF bit(s) [4, 5, 6, 7]; byte 16: 0x00→0xFF bit(s) [0, 1, 2, 3, 4, 5, 6, 7]; byte 21: 0xC4→0x16 bit(s) [7]; byte 22: 0xFA→0xFB bit(s) [0]
[14:23:26.543] P-02 rel 0x11/78 B: byte 15: 0xFF→0xE9 bit(s) [4]; byte 21: 0x16→0xAC bit(s) [7]; byte 22: 0xFB→0xFA bit(s) [0]; byte 23: 0xC4→0x5C bit(s) [7]; byte 24: 0x14→0x15 bit(s) [0]
[14:23:26.558] P-02 rel 0x11/78 B: byte 15: 0xE9→0xF5 bit(s) [3, 4]; byte 17: 0x07→0x08 bit(s) [3]; byte 19: 0x0A→0x15 bit(s) [4]; byte 23: 0x5C→0x88 bit(s) [7]
[14:23:26.573] P-02 rel 0x11/78 B: byte 15: 0xF5→0xF9 bit(s) [3]; byte 21: 0x8C→0x70 bit(s) [7]; byte 23: 0x88→0x6C bit(s) [7]
[14:23:26.588] P-02 rel 0x11/78 B: byte 15: 0xF9→0xF2 bit(s) [3]; byte 19: 0x1C→0x25 bit(s) [4, 5]
[14:23:26.603] P-02 rel 0x11/78 B: byte 21: 0x74→0xBA bit(s) [7]; byte 23: 0x2C→0xE6 bit(s) [7]; byte 24: 0x15→0x14 bit(s) [0]
[14:23:27.008]      … 24 linha(s) suprimida(s) neste segundo
[14:23:27.008] P-02 rel 0x11/78 B: byte 15: 0x03→0xF3 bit(s) [4, 5, 6, 7]; byte 16: 0x00→0xFF bit(s) [0, 1, 2, 3, 4, 5, 6, 7]
[14:23:27.038] P-02 rel 0x11/78 B: byte 15: 0xF4→0xEE bit(s) [3, 4]
[14:23:27.053] P-02 rel 0x11/78 B: byte 15: 0xEE→0xE5 bit(s) [3]
[14:23:27.068] P-02 rel 0x11/78 B: byte 15: 0xE5→0xEA bit(s) [3]; byte 22: 0xFA→0xF8 bit(s) [1]
[14:23:27.083] P-02 rel 0x11/78 B: byte 15: 0xEA→0xFD bit(s) [4]; byte 17: 0x0A→0x07 bit(s) [3]; byte 22: 0xF8→0xFA bit(s) [1]
[14:23:27.113] P-02 rel 0x11/78 B: byte 15: 0xFC→0xEF bit(s) [4]
[14:23:27.143] P-02 rel 0x11/78 B: byte 15: 0xEA→0xF3 bit(s) [3, 4]
[14:23:27.158] P-02 rel 0x11/78 B: byte 15: 0xF3→0xFF bit(s) [3]; byte 17: 0x05→0x0B bit(s) [3]
[14:23:27.173] P-02 rel 0x11/78 B: byte 15: 0xFF→0x0F bit(s) [4, 5, 6, 7]; byte 16: 0xFF→0x00 bit(s) [0, 1, 2, 3, 4, 5, 6, 7]; byte 19: 0x00→0xFC bit(s) [4, 5, 6, 7]; byte 20: 0x00→0xFF bit(s) [0, 1, 2, 3, 4, 5, 6, 7]
[14:23:27.188] P-02 rel 0x11/78 B: byte 15: 0x0F→0x2C bit(s) [5]; byte 19: 0xFC→0x00 bit(s) [4, 5, 6, 7]; byte 20: 0xFF→0x00 bit(s) [0, 1, 2, 3, 4, 5, 6, 7]
[14:23:27.203] P-02 rel 0x11/78 B: byte 19: 0x00→0xFD bit(s) [4, 5, 6, 7]; byte 20: 0x00→0xFF bit(s) [0, 1, 2, 3, 4, 5, 6, 7]
[14:23:27.218] P-02 rel 0x11/78 B: byte 19: 0xFD→0x01 bit(s) [4, 5, 6, 7]; byte 20: 0xFF→0x00 bit(s) [0, 1, 2, 3, 4, 5, 6, 7]
[14:23:27.233] P-02 rel 0x11/78 B: byte 17: 0x0A→0x07 bit(s) [3]; byte 21: 0xB2→0x64 bit(s) [7]
[14:23:27.248] P-02 rel 0x11/78 B: byte 15: 0x2C→0x07 bit(s) [3, 5]; byte 17: 0x07→0x0A bit(s) [3]
[14:23:27.263] P-02 rel 0x11/78 B: byte 15: 0x07→0xFF bit(s) [3, 4, 5, 6, 7]; byte 16: 0x00→0xFF bit(s) [0, 1, 2, 3, 4, 5, 6, 7]; byte 17: 0x0A→0x05 bit(s) [3]
[14:23:27.278] P-02 rel 0x11/78 B: byte 21: 0x5E→0x8A bit(s) [7]; byte 23: 0xA8→0x72 bit(s) [7]
[14:23:27.293] P-02 rel 0x11/78 B: byte 15: 0xF9→0xEF bit(s) [4]; byte 21: 0x8A→0x18 bit(s) [7]
[14:23:27.308] P-02 rel 0x11/78 B: byte 15: 0xEF→0xF1 bit(s) [3, 4]; byte 17: 0x04→0x0D bit(s) [3]; byte 21: 0x18→0x92 bit(s) [7]
[14:23:27.323] P-02 rel 0x11/78 B: byte 15: 0xF1→0xE8 bit(s) [3, 4]
[14:23:27.338] P-02 rel 0x11/78 B: byte 15: 0xE8→0x06 bit(s) [3, 5, 6, 7]; byte 16: 0xFF→0x00 bit(s) [0, 1, 2, 3, 4, 5, 6, 7]; byte 17: 0x0F→0x11 bit(s) [3, 4]; byte 19: 0x0C→0x10 bit(s) [4]; byte 23: 0x5C→0x9E bit(s) [7]
[14:23:27.353] P-02 rel 0x11/78 B: byte 15: 0x06→0x11 bit(s) [4]
[14:23:27.412] P-02 rel 0x11/78 B: byte 15: 0x11→0xF4 bit(s) [5, 6, 7]; byte 16: 0x00→0xFF bit(s) [0, 1, 2, 3, 4, 5, 6, 7]; byte 17: 0x10→0x0F bit(s) [3, 4]; byte 23: 0xC2→0x70 bit(s) [7]
[14:23:27.428] P-02 rel 0x11/78 B: byte 15: 0xF4→0xEB bit(s) [3, 4]; byte 19: 0x12→0x0D bit(s) [4]; byte 23: 0x70→0xC2 bit(s) [7]
[14:23:27.443] P-02 rel 0x11/78 B: byte 15: 0xEB→0xC9 bit(s) [5]; byte 19: 0x0D→0x13 bit(s) [4]; byte 23: 0xC2→0x64 bit(s) [7]
[14:23:27.458] P-02 rel 0x11/78 B: byte 15: 0xC9→0xBC bit(s) [4, 5, 6]; byte 19: 0x13→0x07 bit(s) [4]; byte 21: 0xF2→0x06 bit(s) [7]; byte 22: 0xFA→0xFB bit(s) [0]; byte 23: 0x64→0x82 bit(s) [7]
[14:23:27.473] P-02 rel 0x11/78 B: byte 21: 0x06→0xBC bit(s) [7]; byte 22: 0xFB→0xFA bit(s) [0]; byte 23: 0x82→0x64 bit(s) [7]
[14:23:27.488] P-02 rel 0x11/78 B: byte 15: 0xBD→0xD9 bit(s) [5, 6]; byte 24: 0x14→0x15 bit(s) [0]
[14:23:27.503] P-02 rel 0x11/78 B: byte 15: 0xD9→0xF1 bit(s) [3, 5]; byte 23: 0x08→0xC6 bit(s) [7]; byte 24: 0x15→0x14 bit(s) [0]
[14:23:27.518] P-02 rel 0x11/78 B: byte 15: 0xF1→0xEA bit(s) [3, 4]; byte 21: 0xCE→0x78 bit(s) [7]
[14:23:27.533] P-02 rel 0x11/78 B: byte 15: 0xEA→0xF0 bit(s) [3, 4]; byte 21: 0x78→0xB6 bit(s) [7]
[14:23:27.548] P-02 rel 0x11/78 B: byte 17: 0x0B→0x05 bit(s) [3]; byte 19: 0x00→0xFA bit(s) [4, 5, 6, 7]; byte 20: 0x00→0xFF bit(s) [0, 1, 2, 3, 4, 5, 6, 7]
[14:23:27.578] P-02 rel 0x11/78 B: byte 15: 0xF2→0xE4 bit(s) [4]
[14:23:27.593] P-02 rel 0x11/78 B: byte 15: 0xE4→0xE9 bit(s) [3]; byte 17: 0x02→0xFE bit(s) [3, 4, 5, 6, 7]; byte 18: 0x00→0xFF bit(s) [0, 1, 2, 3, 4, 5, 6, 7]
[14:23:27.608] P-02 rel 0x11/78 B: byte 17: 0xFE→0x00 bit(s) [3, 4, 5, 6, 7]; byte 18: 0xFF→0x00 bit(s) [0, 1, 2, 3, 4, 5, 6, 7]
[14:23:27.623] P-02 rel 0x11/78 B: byte 15: 0xEF→0xF0 bit(s) [3, 4]; byte 17: 0x00→0xFE bit(s) [3, 4, 5, 6, 7]; byte 18: 0x00→0xFF bit(s) [0, 1, 2, 3, 4, 5, 6, 7]
[14:23:27.667] P-02 rel 0x11/78 B: byte 15: 0xF0→0xFA bit(s) [3]; byte 17: 0xFE→0x02 bit(s) [3, 4, 5, 6, 7]; byte 18: 0xFF→0x00 bit(s) [0, 1, 2, 3, 4, 5, 6, 7]
[14:23:27.683] P-02 rel 0x11/78 B: byte 15: 0xFA→0x02 bit(s) [3, 4, 5, 6, 7]; byte 16: 0xFF→0x00 bit(s) [0, 1, 2, 3, 4, 5, 6, 7]
[14:23:27.698] P-02 rel 0x11/78 B: byte 15: 0x02→0xE6 bit(s) [5, 6, 7]; byte 16: 0x00→0xFF bit(s) [0, 1, 2, 3, 4, 5, 6, 7]; byte 19: 0xFF→0x09 bit(s) [4, 5, 6, 7]; byte 20: 0xFF→0x00 bit(s) [0, 1, 2, 3, 4, 5, 6, 7]
[14:23:27.713] P-02 rel 0x11/78 B: byte 15: 0xE6→0xE9 bit(s) [3]
[14:23:27.742] P-02 rel 0x11/78 B: byte 23: 0xC4→0x06 bit(s) [7]; byte 24: 0x14→0x15 bit(s) [0]
[14:23:28.013]      … 15 linha(s) suprimida(s) neste segundo
[14:23:28.013] P-02 rel 0x11/78 B: byte 15: 0x42→0x3F bit(s) [3, 4, 5, 6]; byte 17: 0x01→0xFE bit(s) [3, 4, 5, 6, 7]; byte 18: 0x00→0xFF bit(s) [0, 1, 2, 3, 4, 5, 6, 7]
[14:23:28.028] P-02 rel 0x11/78 B: byte 15: 0x3F→0x5C bit(s) [5, 6]; byte 26: 0x07→0x06 bit(s) [0]
[14:23:28.043] P-02 rel 0x11/78 B: byte 15: 0x5C→0x54 bit(s) [3]; byte 19: 0x1C→0x26 bit(s) [4, 5]; byte 26: 0x06→0x07 bit(s) [0]
[14:23:28.058] P-02 rel 0x11/78 B: byte 15: 0x54→0x43 bit(s) [4]; byte 21: 0xC4→0x62 bit(s) [7]; byte 26: 0x07→0x06 bit(s) [0]
[14:23:28.073] P-02 rel 0x11/78 B: byte 15: 0x43→0x2C bit(s) [3, 5, 6]
[14:23:28.088] P-02 rel 0x11/78 B: byte 17: 0xFF→0x02 bit(s) [3, 4, 5, 6, 7]; byte 18: 0xFF→0x00 bit(s) [0, 1, 2, 3, 4, 5, 6, 7]; byte 19: 0x25→0x1F bit(s) [4, 5]; byte 21: 0x54→0xAC bit(s) [7]; byte 23: 0x40→0xEA bit(s) [7]; byte 24: 0x14→0x13 bit(s) [0, 1, 2]; byte 26: 0x06→0x07 bit(s) [0]
[14:23:28.103] P-02 rel 0x11/78 B: byte 15: 0x29→0x35 bit(s) [3, 4]; byte 19: 0x1F→0x23 bit(s) [4, 5]; byte 23: 0xEA→0x5A bit(s) [7]; byte 24: 0x13→0x14 bit(s) [0, 1, 2]; byte 26: 0x07→0x06 bit(s) [0]
[14:23:28.118] P-02 rel 0x11/78 B: byte 15: 0x35→0x3D bit(s) [3]
[14:23:28.148] P-02 rel 0x11/78 B: byte 15: 0x3B→0x2E bit(s) [4]; byte 21: 0xC6→0x0E bit(s) [7]; byte 22: 0xFA→0xFB bit(s) [0]; byte 23: 0x50→0xB6 bit(s) [7]; byte 24: 0x14→0x13 bit(s) [0, 1, 2]
[14:23:28.163] P-02 rel 0x11/78 B: byte 17: 0x04→0x0B bit(s) [3]; byte 21: 0x0E→0xC2 bit(s) [7]; byte 22: 0xFB→0xFA bit(s) [0]
[14:23:28.178] P-02 rel 0x11/78 B: byte 26: 0x06→0x07 bit(s) [0]
[14:23:28.193] P-02 rel 0x11/78 B: byte 15: 0x2A→0x1B bit(s) [4, 5]; byte 17: 0x0A→0x06 bit(s) [3]; byte 26: 0x07→0x06 bit(s) [0]
[14:23:28.208] P-02 rel 0x11/78 B: byte 15: 0x1B→0xF6 bit(s) [3, 5, 6, 7]; byte 16: 0x00→0xFF bit(s) [0, 1, 2, 3, 4, 5, 6, 7]; byte 17: 0x06→0x08 bit(s) [3]
[14:23:28.223] P-02 rel 0x11/78 B: byte 15: 0xF6→0xD7 bit(s) [5]; byte 17: 0x08→0x04 bit(s) [3]; byte 19: 0x24→0x1E bit(s) [4, 5]
[14:23:28.238] P-02 rel 0x11/78 B: byte 15: 0xD7→0xD8 bit(s) [3]
[14:23:28.253] P-02 rel 0x11/78 B: byte 15: 0xD8→0xE8 bit(s) [4, 5]; byte 23: 0xB6→0x1C bit(s) [7]; byte 24: 0x13→0x14 bit(s) [0, 1, 2]
[14:23:28.268] P-02 rel 0x11/78 B: byte 15: 0xE8→0xFD bit(s) [4]; byte 19: 0x12→0x0D bit(s) [4]
[14:23:28.283] P-02 rel 0x11/78 B: byte 15: 0xFD→0x0F bit(s) [4, 5, 6, 7]; byte 16: 0xFF→0x00 bit(s) [0, 1, 2, 3, 4, 5, 6, 7]; byte 17: 0x05→0x0A bit(s) [3]; byte 21: 0xF2→0x0A bit(s) [7]; byte 22: 0xFA→0xFB bit(s) [0]
[14:23:28.298] P-02 rel 0x11/78 B: byte 15: 0x0F→0x1E bit(s) [4]
[14:23:28.313] P-02 rel 0x11/78 B: byte 21: 0x14→0xE4 bit(s) [7]; byte 22: 0xFB→0xFA bit(s) [0]; byte 23: 0x28→0xE6 bit(s) [7]; byte 24: 0x14→0x13 bit(s) [0, 1, 2]
[14:23:28.328] P-02 rel 0x11/78 B: byte 15: 0x1F→0x2B bit(s) [4, 5]
[14:23:28.343] P-02 rel 0x11/78 B: byte 15: 0x2B→0x17 bit(s) [3, 4, 5]; byte 17: 0x0B→0x05 bit(s) [3]
[14:23:28.358] P-02 rel 0x11/78 B: byte 15: 0x17→0xF9 bit(s) [3, 5, 6, 7]; byte 16: 0x00→0xFF bit(s) [0, 1, 2, 3, 4, 5, 6, 7]
[14:23:28.373] P-02 rel 0x11/78 B: byte 15: 0xF9→0xE8 bit(s) [4]; byte 23: 0xA0→0x7A bit(s) [7]
[14:23:28.388] P-02 rel 0x11/78 B: byte 15: 0xE8→0xD4 bit(s) [3, 4, 5]; byte 21: 0xFE→0x14 bit(s) [7]; byte 22: 0xFA→0xFB bit(s) [0]; byte 23: 0x7A→0x82 bit(s) [7]
[14:23:28.403] P-02 rel 0x11/78 B: byte 15: 0xD4→0xBB bit(s) [3, 5, 6]; byte 19: 0x02→0xFE bit(s) [4, 5, 6, 7]; byte 20: 0x00→0xFF bit(s) [0, 1, 2, 3, 4, 5, 6, 7]
[14:23:28.418] P-02 rel 0x11/78 B: byte 15: 0xBB→0xA4 bit(s) [3, 4]; byte 21: 0x00→0xF2 bit(s) [7]; byte 22: 0xFB→0xFA bit(s) [0]
[14:23:28.433] P-02 rel 0x11/78 B: byte 15: 0xA4→0x99 bit(s) [3, 4, 5]
[14:23:28.461] P-02 rel 0x11/78 B: byte 15: 0x99→0x95 bit(s) [3]; byte 19: 0xF4→0xEB bit(s) [4]
[14:23:28.478] P-02 rel 0x11/78 B: byte 15: 0x95→0xA1 bit(s) [4, 5]; byte 23: 0xEC→0x30 bit(s) [7]; byte 24: 0x13→0x14 bit(s) [0, 1, 2]
[14:23:28.492] P-02 rel 0x11/78 B: byte 15: 0xA1→0xB3 bit(s) [4]
[14:23:28.507] P-02 rel 0x11/78 B: byte 15: 0xB3→0xCE bit(s) [3, 4, 5, 6]; byte 26: 0x06→0x07 bit(s) [0]
[14:23:28.523] P-02 rel 0x11/78 B: byte 15: 0xCE→0xD5 bit(s) [3, 4]; byte 17: 0x07→0x08 bit(s) [3]
[14:23:28.553] P-02 rel 0x11/78 B: byte 26: 0x07→0x06 bit(s) [0]
[14:23:28.568] P-02 rel 0x11/78 B: byte 15: 0xD0→0xCC bit(s) [3, 4]; byte 17: 0x09→0x07 bit(s) [3]; byte 19: 0xE1→0xDF bit(s) [4, 5]; byte 26: 0x06→0x07 bit(s) [0]
[14:23:28.583] P-02 rel 0x11/78 B: byte 15: 0xCC→0xC1 bit(s) [3]; byte 17: 0x07→0x0A bit(s) [3]; byte 23: 0x14→0xFC bit(s) [7]; byte 24: 0x14→0x13 bit(s) [0, 1, 2]; byte 26: 0x07→0x06 bit(s) [0]
[14:23:28.598] P-02 rel 0x11/78 B: byte 15: 0xC1→0xA6 bit(s) [5, 6]; byte 19: 0xDF→0xE4 bit(s) [4, 5]; byte 26: 0x06→0x07 bit(s) [0]
[14:23:28.613] P-02 rel 0x11/78 B: byte 17: 0x0B→0x07 bit(s) [3]
[14:23:28.628] P-02 rel 0x11/78 B: byte 15: 0xA5→0xAE bit(s) [3]; byte 17: 0x07→0x09 bit(s) [3]; byte 23: 0xF6→0x46 bit(s) [7]; byte 24: 0x13→0x14 bit(s) [0, 1, 2]
[14:23:28.643] P-02 rel 0x11/78 B: byte 15: 0xAE→0xD3 bit(s) [3, 4, 5, 6]
[14:23:29.003]      … 20 linha(s) suprimida(s) neste segundo
[14:23:29.003] P-02 rel 0x11/78 B: byte 15: 0x32→0x47 bit(s) [4, 5, 6]; byte 26: 0x06→0x07 bit(s) [0]
[14:23:29.018] P-02 rel 0x11/78 B: byte 19: 0x32→0x2D bit(s) [4]; byte 26: 0x07→0x06 bit(s) [0]
[14:23:29.047] P-02 rel 0x11/78 B: byte 19: 0x2D→0x31 bit(s) [4]; byte 26: 0x06→0x07 bit(s) [0]
[14:23:29.063] P-02 rel 0x11/78 B: byte 15: 0x45→0x20 bit(s) [5, 6]
[14:23:29.078] P-02 rel 0x11/78 B: byte 15: 0x20→0x0D bit(s) [3, 5]; byte 23: 0x16→0xFA bit(s) [7]; byte 24: 0x14→0x13 bit(s) [0, 1, 2]
[14:23:29.093] P-02 rel 0x11/78 B: byte 15: 0x0D→0xFC bit(s) [4, 5, 6, 7]; byte 16: 0x00→0xFF bit(s) [0, 1, 2, 3, 4, 5, 6, 7]; byte 17: 0x07→0x13 bit(s) [4]; byte 21: 0xF2→0x3A bit(s) [7]; byte 22: 0xFA→0xFB bit(s) [0]; byte 23: 0xFA→0x02 bit(s) [7]; byte 24: 0x13→0x14 bit(s) [0, 1, 2]; byte 26: 0x07→0x06 bit(s) [0]
[14:23:29.108] P-02 rel 0x11/78 B: byte 15: 0xFC→0xF3 bit(s) [3]; byte 17: 0x13→0x1A bit(s) [3]; byte 19: 0x3D→0x4C bit(s) [4, 5, 6]; byte 21: 0x3A→0xFA bit(s) [7]; byte 22: 0xFB→0xFA bit(s) [0]; byte 23: 0x02→0xD4 bit(s) [7]; byte 24: 0x14→0x13 bit(s) [0, 1, 2]; byte 26: 0x06→0x07 bit(s) [0]
[14:23:29.123] P-02 rel 0x11/78 B: byte 17: 0x1A→0x24 bit(s) [3, 4, 5]; byte 19: 0x4C→0x53 bit(s) [4]; byte 21: 0xFA→0x20 bit(s) [7]; byte 22: 0xFA→0xFB bit(s) [0]; byte 23: 0xD4→0x06 bit(s) [7]; byte 24: 0x13→0x14 bit(s) [0, 1, 2]
[14:23:29.138] P-02 rel 0x11/78 B: byte 15: 0xF1→0x18 bit(s) [3, 5, 6, 7]; byte 16: 0xFF→0x00 bit(s) [0, 1, 2, 3, 4, 5, 6, 7]; byte 17: 0x24→0x2A bit(s) [3]; byte 19: 0x53→0x4C bit(s) [4]; byte 21: 0x20→0xB6 bit(s) [7]; byte 22: 0xFB→0xFA bit(s) [0]; byte 23: 0x06→0x8E bit(s) [7]
[14:23:29.153] P-02 rel 0x11/78 B: byte 15: 0x18→0x7C bit(s) [5, 6]; byte 17: 0x2A→0x49 bit(s) [5, 6]; byte 22: 0xFA→0xF9 bit(s) [0, 1]; byte 24: 0x14→0x15 bit(s) [0]
[14:23:29.168] P-02 rel 0x11/78 B: byte 15: 0x7C→0xB5 bit(s) [3, 6, 7]; byte 17: 0x49→0x1F bit(s) [4, 6]; byte 19: 0x4D→0x63 bit(s) [5]; byte 22: 0xF9→0xFB bit(s) [1]; byte 23: 0xFC→0x24 bit(s) [7]
[14:23:29.183] P-02 rel 0x11/78 B: byte 15: 0xB5→0x9E bit(s) [3, 5]; byte 17: 0x1F→0x0C bit(s) [4]; byte 21: 0xA2→0x14 bit(s) [7]; byte 24: 0x15→0x14 bit(s) [0]
[14:23:29.198] P-02 rel 0x11/78 B: byte 15: 0x9E→0xBE bit(s) [5]; byte 21: 0x14→0x90 bit(s) [7]
[14:23:29.213] P-02 rel 0x11/78 B: byte 19: 0x61→0x51 bit(s) [4, 5]; byte 26: 0x07→0x06 bit(s) [0]
[14:23:29.228] P-02 rel 0x11/78 B: byte 15: 0xBF→0x9D bit(s) [5]; byte 19: 0x51→0x3A bit(s) [5, 6]; byte 23: 0x3A→0x86 bit(s) [7]; byte 24: 0x14→0x13 bit(s) [0, 1, 2]
[14:23:29.244] P-02 rel 0x11/78 B: byte 15: 0x9D→0x82 bit(s) [3, 4]; byte 19: 0x3A→0x22 bit(s) [4]; byte 23: 0x86→0x58 bit(s) [7]
[14:23:29.258] P-02 rel 0x11/78 B: byte 15: 0x82→0x60 bit(s) [5, 6, 7]; byte 17: 0x0A→0x07 bit(s) [3]; byte 19: 0x22→0x09 bit(s) [5]; byte 21: 0x96→0x4C bit(s) [7]
[14:23:29.272] P-02 rel 0x11/78 B: byte 15: 0x60→0x3B bit(s) [3, 4, 6]; byte 17: 0x07→0x0D bit(s) [3]; byte 23: 0x3A→0xE2 bit(s) [7]; byte 24: 0x13→0x12 bit(s) [0]
[14:23:29.288] P-02 rel 0x11/78 B: byte 15: 0x3B→0x2C bit(s) [4]; byte 19: 0x05→0xFB bit(s) [4, 5, 6, 7]; byte 20: 0x00→0xFF bit(s) [0, 1, 2, 3, 4, 5, 6, 7]; byte 23: 0xE2→0x24 bit(s) [7]; byte 24: 0x12→0x13 bit(s) [0]
[14:23:29.303] P-02 rel 0x11/78 B: byte 15: 0x2C→0x44 bit(s) [3, 5, 6]; byte 21: 0x62→0x8C bit(s) [7]
[14:23:29.318] P-02 rel 0x11/78 B: byte 15: 0x44→0x5C bit(s) [3, 4]; byte 17: 0x0D→0x04 bit(s) [3]; byte 19: 0xF1→0xE0 bit(s) [4]; byte 23: 0x3A→0xC4 bit(s) [7]
[14:23:29.333] P-02 rel 0x11/78 B: byte 15: 0x5C→0x6D bit(s) [4, 5]; byte 19: 0xE0→0xDB bit(s) [4, 5]; byte 21: 0xA4→0x7E bit(s) [7]
[14:23:29.348] P-02 rel 0x11/78 B: byte 15: 0x6D→0x63 bit(s) [3]; byte 17: 0x05→0x0A bit(s) [3]; byte 19: 0xDB→0xE4 bit(s) [4, 5]
[14:23:29.363] P-02 rel 0x11/78 B: byte 15: 0x63→0x3D bit(s) [3, 4, 6]; byte 23: 0xA6→0x02 bit(s) [7]
[14:23:29.378] P-02 rel 0x11/78 B: byte 15: 0x3D→0x00 bit(s) [3, 4, 5]; byte 17: 0x0A→0x04 bit(s) [3]; byte 23: 0x02→0x9E bit(s) [7]; byte 24: 0x13→0x12 bit(s) [0]
[14:23:29.393] P-02 rel 0x11/78 B: byte 15: 0x00→0xE7 bit(s) [5, 6, 7]; byte 16: 0x00→0xFF bit(s) [0, 1, 2, 3, 4, 5, 6, 7]
[14:23:29.408] P-02 rel 0x11/78 B: byte 19: 0xE0→0xDC bit(s) [4, 5]
[14:23:29.423] P-02 rel 0x11/78 B: byte 19: 0xDC→0xE1 bit(s) [4, 5]; byte 21: 0x3A→0xE6 bit(s) [7]; byte 22: 0xFB→0xFA bit(s) [0]; byte 23: 0xD2→0x08 bit(s) [7]; byte 24: 0x12→0x13 bit(s) [0]
[14:23:29.438] P-02 rel 0x11/78 B: byte 15: 0xE3→0xF3 bit(s) [4]; byte 17: 0x07→0x0A bit(s) [3]; byte 21: 0xE6→0x68 bit(s) [7]; byte 22: 0xFA→0xFB bit(s) [0]
[14:23:29.468] P-02 rel 0x11/78 B: byte 15: 0xF5→0xE9 bit(s) [3, 4]; byte 17: 0x0D→0x14 bit(s) [3, 4]; byte 19: 0xEE→0xFC bit(s) [4]
[14:23:29.483] P-02 rel 0x11/78 B: byte 15: 0xE9→0xDE bit(s) [4, 5]; byte 19: 0xFC→0x02 bit(s) [4, 5, 6, 7]; byte 20: 0xFF→0x00 bit(s) [0, 1, 2, 3, 4, 5, 6, 7]
[14:23:29.498] P-02 rel 0x11/78 B: byte 15: 0xDE→0xE1 bit(s) [3, 4, 5]
[14:23:29.513] P-02 rel 0x11/78 B: byte 17: 0x10→0x0F bit(s) [3, 4]; byte 23: 0x46→0x9E bit(s) [7]
[14:23:29.528] P-02 rel 0x11/78 B: byte 23: 0x9E→0x7A bit(s) [7]
[14:23:29.543] P-02 rel 0x11/78 B: byte 15: 0xE0→0xF0 bit(s) [4]; byte 23: 0x7A→0x82 bit(s) [7]
[14:23:29.558] P-02 rel 0x11/78 B: byte 15: 0xF0→0xF8 bit(s) [3]; byte 19: 0x0C→0x11 bit(s) [4]; byte 23: 0x82→0x74 bit(s) [7]
[14:23:29.573] P-02 rel 0x11/78 B: byte 17: 0x08→0x05 bit(s) [3]
[14:23:29.588] P-02 rel 0x11/78 B: byte 15: 0xFC→0xF5 bit(s) [3]; byte 19: 0x12→0x0E bit(s) [4]
[14:23:29.618] P-02 rel 0x11/78 B: byte 17: 0x06→0x0B bit(s) [3]
[14:23:29.663] P-02 rel 0x11/78 B: byte 15: 0xF3→0x0A bit(s) [3, 4, 5, 6, 7]; byte 16: 0xFF→0x00 bit(s) [0, 1, 2, 3, 4, 5, 6, 7]; byte 17: 0x0B→0x07 bit(s) [3]
[14:23:29.903] P-01 botão "Button Options" [buttonOptions]: PRESSIONADO
[14:23:29.948] P-01 botão "Left Thumbstick Left" [sem propriedade nomeada]: PRESSIONADO
[14:23:29.948] P-01 botão "Left Thumbstick Down" [sem propriedade nomeada]: PRESSIONADO
[14:23:30.008]      … 20 linha(s) suprimida(s) neste segundo
[14:23:30.008] P-02 rel 0x11/78 B: byte 15: 0x5C→0x66 bit(s) [3, 4, 5]; byte 19: 0xE5→0xF5 bit(s) [4]; byte 21: 0x82→0x1E bit(s) [7]; byte 23: 0xE0→0x44 bit(s) [7]
[14:23:30.023] P-02 rel 0x11/78 B: byte 15: 0x66→0x0A bit(s) [3, 5, 6]; byte 17: 0xFA→0xF6 bit(s) [3]; byte 19: 0xF5→0x02 bit(s) [4, 5, 6, 7]; byte 20: 0xFF→0x00 bit(s) [0, 1, 2, 3, 4, 5, 6, 7]; byte 24: 0x13→0x12 bit(s) [0]
[14:23:30.038] P-02 rel 0x11/78 B: byte 15: 0x0A→0xD5 bit(s) [3, 4, 6, 7]; byte 16: 0x00→0xFF bit(s) [0, 1, 2, 3, 4, 5, 6, 7]
[14:23:30.053] P-02 rel 0x11/78 B: byte 15: 0xD5→0xDB bit(s) [3]; byte 17: 0xF1→0xEC bit(s) [3, 4]; byte 19: 0x02→0xFD bit(s) [4, 5, 6, 7]; byte 20: 0x00→0xFF bit(s) [0, 1, 2, 3, 4, 5, 6, 7]; byte 26: 0x05→0x06 bit(s) [0]
[14:23:30.068] P-02 rel 0x11/78 B: byte 3: 0x6E→0x6F bit(s) [0]; byte 15: 0xDB→0x26 bit(s) [3, 4, 5, 6, 7]; byte 16: 0xFF→0x00 bit(s) [0, 1, 2, 3, 4, 5, 6, 7]; byte 17: 0xEC→0xF6 bit(s) [3, 4]; byte 23: 0x7A→0xD8 bit(s) [7]
[14:23:30.083] P-02 rel 0x11/78 B: byte 3: 0x6F→0x70 bit(s) [0, 1, 2, 3, 4]; byte 15: 0x26→0x3E bit(s) [3, 4]; byte 17: 0xF6→0x00 bit(s) [4, 5, 6, 7]; byte 18: 0xFF→0x00 bit(s) [0, 1, 2, 3, 4, 5, 6, 7]; byte 26: 0x06→0x05 bit(s) [0]
[14:23:30.098] P-02 rel 0x11/78 B: byte 3: 0x70→0x71 bit(s) [0]; byte 8: 0x10→0x00 bit(s) [4]; byte 15: 0x3E→0x26 bit(s) [3, 4]; byte 17: 0x00→0x0A bit(s) [3]; byte 19: 0xF3→0xEF bit(s) [4]
[14:23:30.098] P-01 botão "Button Options" [buttonOptions]: solto
[14:23:30.113] P-02 rel 0x11/78 B: byte 3: 0x71→0x72 bit(s) [0, 1]; byte 4: 0x8A→0x89 bit(s) [0, 1]; byte 15: 0x26→0x15 bit(s) [4, 5]; byte 23: 0x8A→0x42 bit(s) [7]
[14:23:30.128] P-02 rel 0x11/78 B: byte 3: 0x72→0x74 bit(s) [1, 2]; byte 4: 0x89→0x88 bit(s) [0]; byte 15: 0x15→0x05 bit(s) [4]; byte 17: 0x0F→0x10 bit(s) [3, 4]; byte 24: 0x12→0x16 bit(s) [2]
[14:23:30.128] P-01 botão "Left Thumbstick Left" [sem propriedade nomeada]: solto
[14:23:30.128] P-01 botão "Left Thumbstick Down" [sem propriedade nomeada]: solto
[14:23:30.143] P-02 rel 0x11/78 B: byte 3: 0x74→0x77 bit(s) [0, 1]; byte 4: 0x88→0x86 bit(s) [1, 2, 3]; byte 8: 0x00→0x20 bit(s) [5]; byte 15: 0x05→0xE1 bit(s) [5, 6, 7]; byte 16: 0x00→0xFF bit(s) [0, 1, 2, 3, 4, 5, 6, 7]; byte 17: 0x10→0x0B bit(s) [3, 4]; byte 19: 0xEB→0xF2 bit(s) [4]; byte 21: 0x3A→0xE6 bit(s) [7]; byte 22: 0xFB→0xFA bit(s) [0]; byte 24: 0x16→0x12 bit(s) [2]; byte 26: 0x07→0x06 bit(s) [0]
[14:23:30.143] P-01 botão "Button Menu" [buttonMenu]: PRESSIONADO
[14:23:30.158] P-02 rel 0x11/78 B: byte 3: 0x77→0x78 bit(s) [0, 1, 2, 3]; byte 4: 0x86→0x85 bit(s) [0, 1]; byte 15: 0xE1→0xC4 bit(s) [5]; byte 17: 0x0B→0x00 bit(s) [3]; byte 23: 0x78→0xAE bit(s) [7]
[14:23:30.173] P-02 rel 0x11/78 B: byte 3: 0x78→0x7B bit(s) [0, 1]; byte 4: 0x85→0x82 bit(s) [0, 1, 2]; byte 19: 0xF6→0x00 bit(s) [4, 5, 6, 7]; byte 20: 0xFF→0x00 bit(s) [0, 1, 2, 3, 4, 5, 6, 7]; byte 21: 0xEC→0x42 bit(s) [7]; byte 22: 0xFA→0xFB bit(s) [0]; byte 23: 0xAE→0x34 bit(s) [7]; byte 24: 0x12→0x13 bit(s) [0]
[14:23:30.188] P-02 rel 0x11/78 B: byte 3: 0x7B→0x7E bit(s) [0, 2]; byte 4: 0x82→0x81 bit(s) [0, 1]; byte 15: 0xC2→0xB9 bit(s) [3, 4, 5, 6]; byte 23: 0x34→0xB6 bit(s) [7]; byte 24: 0x13→0x12 bit(s) [0]; byte 26: 0x06→0x05 bit(s) [0]
[14:23:30.203] P-02 rel 0x11/78 B: byte 3: 0x7E→0x80 bit(s) [1, 2, 3, 4, 5, 6, 7]; byte 4: 0x81→0x80 bit(s) [0]; byte 15: 0xB9→0xB2 bit(s) [3]; byte 17: 0x00→0xFE bit(s) [3, 4, 5, 6, 7]; byte 18: 0x00→0xFF bit(s) [0, 1, 2, 3, 4, 5, 6, 7]; byte 23: 0xB6→0x02 bit(s) [7]; byte 24: 0x12→0x13 bit(s) [0]
[14:23:30.218] P-02 rel 0x11/78 B: byte 17: 0xFE→0x05 bit(s) [3, 4, 5, 6, 7]; byte 18: 0xFF→0x00 bit(s) [0, 1, 2, 3, 4, 5, 6, 7]; byte 19: 0x03→0xFC bit(s) [4, 5, 6, 7]; byte 20: 0x00→0xFF bit(s) [0, 1, 2, 3, 4, 5, 6, 7]; byte 23: 0x02→0xDA bit(s) [7]; byte 24: 0x13→0x12 bit(s) [0]
[14:23:30.233] P-02 rel 0x11/78 B: byte 15: 0xB6→0xC1 bit(s) [4, 5, 6]; byte 17: 0x05→0x09 bit(s) [3]; byte 23: 0xDA→0x0E bit(s) [7]; byte 24: 0x12→0x13 bit(s) [0]
[14:23:30.248] P-02 rel 0x11/78 B: byte 15: 0xC1→0xD6 bit(s) [4]
[14:23:30.263] P-02 rel 0x11/78 B: byte 15: 0xD6→0xF0 bit(s) [5]; byte 17: 0x09→0x03 bit(s) [3]; byte 23: 0x00→0xF8 bit(s) [7]; byte 24: 0x13→0x12 bit(s) [0]; byte 26: 0x05→0x06 bit(s) [0]
[14:23:30.278] P-02 rel 0x11/78 B: byte 15: 0xF0→0xE5 bit(s) [4]; byte 17: 0x03→0xFE bit(s) [3, 4, 5, 6, 7]; byte 18: 0x00→0xFF bit(s) [0, 1, 2, 3, 4, 5, 6, 7]
[14:23:30.293] P-02 rel 0x11/78 B: byte 15: 0xE5→0xDA bit(s) [3, 4, 5]; byte 19: 0xF2→0xEE bit(s) [4]; byte 26: 0x06→0x05 bit(s) [0]
[14:23:30.308] P-02 rel 0x11/78 B: byte 17: 0xFC→0x04 bit(s) [3, 4, 5, 6, 7]; byte 18: 0xFF→0x00 bit(s) [0, 1, 2, 3, 4, 5, 6, 7]; byte 19: 0xEE→0xF1 bit(s) [4]; byte 23: 0xF6→0x1A bit(s) [7]; byte 24: 0x12→0x13 bit(s) [0]
[14:23:30.323] P-02 rel 0x11/78 B: byte 15: 0xDB→0xFB bit(s) [5]; byte 21: 0x0C→0xEC bit(s) [7]; byte 22: 0xFB→0xFA bit(s) [0]
[14:23:30.338] P-02 rel 0x11/78 B: byte 15: 0xFB→0x10 bit(s) [3, 5, 6, 7]; byte 16: 0xFF→0x00 bit(s) [0, 1, 2, 3, 4, 5, 6, 7]; byte 21: 0xEC→0x00 bit(s) [7]; byte 22: 0xFA→0xFB bit(s) [0]; byte 26: 0x05→0x06 bit(s) [0]
[14:23:30.367] P-02 rel 0x11/78 B: byte 15: 0x10→0x1A bit(s) [3]; byte 21: 0x00→0xFA bit(s) [7]; byte 22: 0xFB→0xFA bit(s) [0]
[14:23:30.383] P-02 rel 0x11/78 B: byte 21: 0xFA→0x30 bit(s) [7]; byte 22: 0xFA→0xFB bit(s) [0]
[14:23:30.412] P-02 rel 0x11/78 B: byte 15: 0x1C→0x09 bit(s) [4]; byte 23: 0x00→0xC4 bit(s) [7]; byte 24: 0x13→0x12 bit(s) [0]; byte 26: 0x06→0x05 bit(s) [0]
[14:23:30.428] P-02 rel 0x11/78 B: byte 8: 0x20→0x00 bit(s) [5]; byte 15: 0x09→0x05 bit(s) [3]
[14:23:30.428] P-01 botão "Button Menu" [buttonMenu]: solto
[14:23:30.443] P-02 rel 0x11/78 B: byte 15: 0x05→0xFB bit(s) [3, 4, 5, 6, 7]; byte 16: 0x00→0xFF bit(s) [0, 1, 2, 3, 4, 5, 6, 7]; byte 26: 0x05→0x06 bit(s) [0]
[14:23:30.458] P-02 rel 0x11/78 B: byte 15: 0xFB→0xEE bit(s) [4]; byte 19: 0xFF→0x07 bit(s) [4, 5, 6, 7]; byte 20: 0xFF→0x00 bit(s) [0, 1, 2, 3, 4, 5, 6, 7]
[14:23:30.472] P-02 rel 0x11/78 B: byte 15: 0xEE→0xE7 bit(s) [3]
[14:23:30.488] P-02 rel 0x11/78 B: byte 26: 0x06→0x05 bit(s) [0]
[14:23:30.503] P-02 rel 0x11/78 B: byte 15: 0xE2→0xDB bit(s) [3, 4, 5]; byte 21: 0x06→0xF4 bit(s) [7]; byte 22: 0xFB→0xFA bit(s) [0]
[14:23:30.518] P-02 rel 0x11/78 B: byte 21: 0xF4→0x0C bit(s) [7]; byte 22: 0xFA→0xFB bit(s) [0]; byte 26: 0x05→0x06 bit(s) [0]
[14:23:30.533] P-02 rel 0x11/78 B: byte 19: 0x0D→0x13 bit(s) [4]; byte 26: 0x06→0x05 bit(s) [0]
[14:23:30.548] P-02 rel 0x11/78 B: byte 15: 0xD9→0xD2 bit(s) [3]; byte 23: 0xFE→0x22 bit(s) [7]; byte 24: 0x12→0x13 bit(s) [0]; byte 26: 0x05→0x06 bit(s) [0]
[14:23:30.563] P-02 rel 0x11/78 B: byte 15: 0xD2→0xCE bit(s) [3, 4]; byte 17: 0x07→0x0B bit(s) [3]; byte 23: 0x22→0xFA bit(s) [7]; byte 24: 0x13→0x12 bit(s) [0]
[14:23:30.578] P-02 rel 0x11/78 B: byte 15: 0xCE→0xD0 bit(s) [3, 4]; byte 23: 0xFA→0x02 bit(s) [7]; byte 24: 0x12→0x13 bit(s) [0]
[14:23:30.593] P-02 rel 0x11/78 B: byte 17: 0x0A→0x04 bit(s) [3]
[14:23:30.622] P-02 rel 0x11/78 B: byte 15: 0xD4→0xDE bit(s) [3]; byte 19: 0x10→0x0E bit(s) [4]
[14:23:30.638] P-02 rel 0x11/78 B: byte 15: 0xDE→0xE0 bit(s) [3, 4, 5]
[14:23:31.013]      … 18 linha(s) suprimida(s) neste segundo
[14:23:31.013] P-02 rel 0x11/78 B: byte 15: 0x18→0x0B bit(s) [4]; byte 19: 0x21→0x1D bit(s) [4, 5]; byte 23: 0xF4→0x00 bit(s) [7]; byte 24: 0x12→0x13 bit(s) [0]
[14:23:31.028] P-02 rel 0x11/78 B: byte 15: 0x0B→0xF7 bit(s) [3, 4, 5, 6, 7]; byte 16: 0x00→0xFF bit(s) [0, 1, 2, 3, 4, 5, 6, 7]; byte 23: 0x00→0xD8 bit(s) [7]; byte 24: 0x13→0x12 bit(s) [0]
[14:23:31.043] P-02 rel 0x11/78 B: byte 15: 0xF7→0xE9 bit(s) [3, 4]; byte 19: 0x18→0x0E bit(s) [4]
[14:23:31.058] P-02 rel 0x11/78 B: byte 15: 0xE9→0xF0 bit(s) [3, 4]; byte 23: 0xFC→0x10 bit(s) [7]; byte 24: 0x12→0x13 bit(s) [0]
[14:23:31.073] P-02 rel 0x11/78 B: byte 15: 0xF0→0xFC bit(s) [3]
[14:23:31.088] P-02 rel 0x11/78 B: byte 15: 0xFC→0x04 bit(s) [3, 4, 5, 6, 7]; byte 16: 0xFF→0x00 bit(s) [0, 1, 2, 3, 4, 5, 6, 7]
[14:23:31.118] P-02 rel 0x11/78 B: byte 15: 0x04→0xFF bit(s) [3, 4, 5, 6, 7]; byte 16: 0x00→0xFF bit(s) [0, 1, 2, 3, 4, 5, 6, 7]
[14:23:31.133] P-02 rel 0x11/78 B: byte 19: 0x0E→0x11 bit(s) [4]
[14:23:31.162] P-02 rel 0x11/78 B: byte 15: 0xFF→0x0A bit(s) [4, 5, 6, 7]; byte 16: 0xFF→0x00 bit(s) [0, 1, 2, 3, 4, 5, 6, 7]
[14:23:31.178] P-02 rel 0x11/78 B: byte 15: 0x0A→0x03 bit(s) [3]
[14:23:31.193] P-02 rel 0x11/78 B: byte 15: 0x03→0x0A bit(s) [3]
[14:23:31.208] P-02 rel 0x11/78 B: byte 17: 0x03→0x0A bit(s) [3]
[14:23:31.223] P-02 rel 0x11/78 B: byte 15: 0x0E→0xEA bit(s) [5, 6, 7]; byte 16: 0x00→0xFF bit(s) [0, 1, 2, 3, 4, 5, 6, 7]; byte 17: 0x0A→0x11 bit(s) [3, 4]; byte 21: 0x36→0x86 bit(s) [7]; byte 22: 0xFB→0xFA bit(s) [0]; byte 23: 0x0A→0xE0 bit(s) [7]; byte 24: 0x13→0x11 bit(s) [1]; byte 26: 0x06→0x05 bit(s) [0]
[14:23:31.238] P-02 rel 0x11/78 B: byte 8: 0x00→0x10 bit(s) [4]; byte 15: 0xEA→0xDE bit(s) [4, 5]; byte 17: 0x11→0x0C bit(s) [3, 4]; byte 19: 0x1C→0x0D bit(s) [4]; byte 21: 0x86→0x48 bit(s) [7]; byte 22: 0xFA→0xFB bit(s) [0]; byte 24: 0x11→0x12 bit(s) [0, 1]; byte 26: 0x05→0x06 bit(s) [0]
[14:23:31.238] P-01 botão "Button Options" [buttonOptions]: PRESSIONADO
[14:23:31.253] P-02 rel 0x11/78 B: byte 3: 0x80→0x7F bit(s) [0, 1, 2, 3, 4, 5, 6, 7]; byte 15: 0xDE→0xD3 bit(s) [3]; byte 26: 0x06→0x05 bit(s) [0]
[14:23:31.268] P-02 rel 0x11/78 B: byte 3: 0x7F→0x7C bit(s) [0, 1]; byte 4: 0x80→0x82 bit(s) [1]; byte 15: 0xD3→0xBF bit(s) [3, 5, 6]; byte 19: 0x04→0xFD bit(s) [4, 5, 6, 7]; byte 20: 0x00→0xFF bit(s) [0, 1, 2, 3, 4, 5, 6, 7]; byte 26: 0x05→0x06 bit(s) [0]
[14:23:31.283] P-02 rel 0x11/78 B: byte 3: 0x7C→0x7A bit(s) [1, 2]; byte 4: 0x82→0x83 bit(s) [0]; byte 15: 0xBF→0xC2 bit(s) [3, 4, 5, 6]; byte 17: 0x0A→0x07 bit(s) [3]; byte 23: 0xFA→0x22 bit(s) [7]; byte 24: 0x12→0x13 bit(s) [0]
[14:23:31.298] P-02 rel 0x11/78 B: byte 3: 0x7A→0x78 bit(s) [1]; byte 4: 0x83→0x84 bit(s) [0, 1, 2]; byte 15: 0xC2→0xD9 bit(s) [3, 4]
[14:23:31.313] P-02 rel 0x11/78 B: byte 15: 0xD9→0xF2 bit(s) [3, 5]
[14:23:31.328] P-02 rel 0x11/78 B: byte 3: 0x78→0x75 bit(s) [0, 2, 3]; byte 4: 0x84→0x86 bit(s) [1]; byte 15: 0xF2→0x26 bit(s) [4, 6, 7]; byte 16: 0xFF→0x00 bit(s) [0, 1, 2, 3, 4, 5, 6, 7]
[14:23:31.343] P-02 rel 0x11/78 B: byte 15: 0x26→0x3E bit(s) [3, 4]; byte 17: 0x06→0x08 bit(s) [3]; byte 19: 0xF1→0xEC bit(s) [4]; byte 21: 0x7E→0xE6 bit(s) [7]; byte 22: 0xFB→0xFA bit(s) [0]
[14:23:31.358] P-02 rel 0x11/78 B: byte 15: 0x3E→0x0E bit(s) [4, 5]; byte 19: 0xEC→0xFC bit(s) [4]; byte 26: 0x06→0x05 bit(s) [0]
[14:23:31.373] P-02 rel 0x11/78 B: byte 8: 0x10→0x30 bit(s) [5]; byte 15: 0x0E→0xCC bit(s) [6, 7]; byte 16: 0x00→0xFF bit(s) [0, 1, 2, 3, 4, 5, 6, 7]; byte 19: 0xFC→0x11 bit(s) [5, 6, 7]; byte 20: 0xFF→0x00 bit(s) [0, 1, 2, 3, 4, 5, 6, 7]; byte 23: 0x46→0xBA bit(s) [7]; byte 24: 0x13→0x12 bit(s) [0]
[14:23:31.373] P-01 botão "Button Menu" [buttonMenu]: PRESSIONADO
[14:23:31.388] P-02 rel 0x11/78 B: byte 15: 0xCC→0x64 bit(s) [3, 5, 7]; byte 17: 0x0B→0x06 bit(s) [3]; byte 23: 0xBA→0x38 bit(s) [7]; byte 26: 0x05→0x06 bit(s) [0]
[14:23:31.403] P-02 rel 0x11/78 B: byte 15: 0x64→0x1D bit(s) [3, 4, 5, 6]; byte 17: 0x06→0xFC bit(s) [3, 4, 5, 6, 7]; byte 18: 0x00→0xFF bit(s) [0, 1, 2, 3, 4, 5, 6, 7]; byte 21: 0xF0→0x50 bit(s) [7]; byte 22: 0xFA→0xFB bit(s) [0]
[14:23:31.418] P-02 rel 0x11/78 B: byte 8: 0x30→0x20 bit(s) [4]; byte 15: 0x1D→0x06 bit(s) [3, 4]; byte 19: 0x17→0x03 bit(s) [4]; byte 21: 0x50→0xB6 bit(s) [7]; byte 23: 0x6C→0xEC bit(s) [7]; byte 26: 0x06→0x05 bit(s) [0]
[14:23:31.418] P-01 botão "Button Options" [buttonOptions]: solto
[14:23:31.433] P-02 rel 0x11/78 B: byte 15: 0x06→0x16 bit(s) [4]; byte 17: 0xFD→0x07 bit(s) [3, 4, 5, 6, 7]; byte 18: 0xFF→0x00 bit(s) [0, 1, 2, 3, 4, 5, 6, 7]; byte 23: 0xEC→0x1E bit(s) [7]; byte 24: 0x12→0x13 bit(s) [0]; byte 26: 0x05→0x06 bit(s) [0]
[14:23:31.448] P-02 rel 0x11/78 B: byte 3: 0x75→0x77 bit(s) [1]; byte 15: 0x16→0x5E bit(s) [3, 6]; byte 17: 0x07→0x0B bit(s) [3]; byte 23: 0x1E→0xF2 bit(s) [7]
[14:23:31.463] P-02 rel 0x11/78 B: byte 15: 0x5E→0xBC bit(s) [5, 6, 7]; byte 17: 0x0B→0x10 bit(s) [3, 4]; byte 23: 0xF2→0x72 bit(s) [7]; byte 24: 0x13→0x14 bit(s) [0, 1, 2]
[14:23:31.478] P-02 rel 0x11/78 B: byte 15: 0xBC→0xE8 bit(s) [4, 6]; byte 17: 0x10→0x0B bit(s) [3, 4]; byte 19: 0x0A→0x17 bit(s) [4]; byte 21: 0x8A→0x52 bit(s) [7]
[14:23:31.493] P-02 rel 0x11/78 B: byte 3: 0x77→0x78 bit(s) [0, 1, 2, 3]; byte 15: 0xE8→0xF5 bit(s) [3, 4]; byte 17: 0x0B→0x07 bit(s) [3]
[14:23:31.508] P-02 rel 0x11/78 B: byte 3: 0x78→0x79 bit(s) [0]; byte 15: 0xF5→0x0F bit(s) [3, 4, 5, 6, 7]; byte 16: 0xFF→0x00 bit(s) [0, 1, 2, 3, 4, 5, 6, 7]
[14:23:31.523] P-02 rel 0x11/78 B: byte 3: 0x79→0x7A bit(s) [0, 1]; byte 4: 0x86→0x85 bit(s) [0, 1]; byte 15: 0x0F→0x32 bit(s) [3, 4, 5]; byte 17: 0x01→0xFF bit(s) [3, 4, 5, 6, 7]; byte 18: 0x00→0xFF bit(s) [0, 1, 2, 3, 4, 5, 6, 7]; byte 19: 0x13→0x0C bit(s) [4]; byte 23: 0x3A→0xFA bit(s) [7]; byte 24: 0x14→0x13 bit(s) [0, 1, 2]
[14:23:31.538] P-02 rel 0x11/78 B: byte 15: 0x32→0x41 bit(s) [4, 5, 6]; byte 17: 0xFF→0x02 bit(s) [3, 4, 5, 6, 7]; byte 18: 0xFF→0x00 bit(s) [0, 1, 2, 3, 4, 5, 6, 7]
[14:23:31.553] P-02 rel 0x11/78 B: byte 3: 0x7A→0x7B bit(s) [0]; byte 4: 0x85→0x84 bit(s) [0]; byte 19: 0x05→0xFB bit(s) [4, 5, 6, 7]; byte 20: 0x00→0xFF bit(s) [0, 1, 2, 3, 4, 5, 6, 7]
[14:23:31.568] P-02 rel 0x11/78 B: byte 3: 0x7B→0x7D bit(s) [1, 2]; byte 4: 0x84→0x83 bit(s) [0, 1, 2]; byte 15: 0x42→0x3F bit(s) [3, 4, 5, 6]; byte 23: 0xBA→0x5C bit(s) [7]
[14:23:31.583] P-02 rel 0x11/78 B: byte 3: 0x7D→0x7E bit(s) [0, 1]; byte 4: 0x83→0x81 bit(s) [1]; byte 8: 0x20→0x00 bit(s) [5]; byte 15: 0x3F→0x30 bit(s) [3]; byte 21: 0x36→0xEE bit(s) [7]; byte 22: 0xFB→0xFA bit(s) [0]
[14:23:31.583] P-01 botão "Button Menu" [buttonMenu]: solto
[14:23:31.598] P-02 rel 0x11/78 B: byte 3: 0x7E→0x80 bit(s) [1, 2, 3, 4, 5, 6, 7]; byte 4: 0x81→0x80 bit(s) [0]; byte 15: 0x30→0x1A bit(s) [3, 5]; byte 23: 0x10→0xF0 bit(s) [7]; byte 24: 0x13→0x12 bit(s) [0]
[14:23:31.613] P-02 rel 0x11/78 B: byte 15: 0x1A→0x03 bit(s) [3, 4]; byte 21: 0xF0→0x18 bit(s) [7]; byte 22: 0xFA→0xFB bit(s) [0]
[14:23:31.628] P-02 rel 0x11/78 B: byte 15: 0x03→0xEE bit(s) [3, 5, 6, 7]; byte 16: 0x00→0xFF bit(s) [0, 1, 2, 3, 4, 5, 6, 7]; byte 17: 0x07→0x08 bit(s) [3]; byte 23: 0xBE→0x0E bit(s) [7]; byte 24: 0x12→0x13 bit(s) [0]
[14:23:32.002]      … 20 linha(s) suprimida(s) neste segundo
[14:23:32.002] P-02 rel 0x11/78 B: byte 15: 0xB0→0x86 bit(s) [4, 5]; byte 17: 0x19→0x16 bit(s) [3]; byte 19: 0x78→0x52 bit(s) [5]; byte 21: 0x60→0x98 bit(s) [7]; byte 23: 0x66→0xA2 bit(s) [7]
[14:23:32.018] P-02 rel 0x11/78 B: byte 15: 0x86→0x02 bit(s) [7]; byte 17: 0x16→0x1A bit(s) [3]; byte 19: 0x52→0x2A bit(s) [4, 5, 6]; byte 26: 0x07→0x06 bit(s) [0]
[14:23:32.033] P-02 rel 0x11/78 B: byte 15: 0x02→0xCD bit(s) [3, 6, 7]; byte 16: 0xFE→0xFD bit(s) [0, 1]; byte 17: 0x1A→0x25 bit(s) [3, 4, 5]; byte 19: 0x2A→0x1E bit(s) [4, 5]; byte 22: 0xFB→0xFA bit(s) [0]; byte 23: 0xB2→0x5A bit(s) [7]; byte 26: 0x06→0x07 bit(s) [0]
[14:23:32.048] P-02 rel 0x11/78 B: byte 15: 0xCD→0x9D bit(s) [4, 6]; byte 17: 0x25→0x2D bit(s) [3]; byte 19: 0x1E→0x09 bit(s) [4]
[14:23:32.063] P-02 rel 0x11/78 B: byte 15: 0x9D→0x7A bit(s) [5, 6, 7]; byte 17: 0x2D→0x27 bit(s) [3]; byte 19: 0x09→0xEA bit(s) [5, 6, 7]; byte 20: 0xFF→0xFE bit(s) [0]; byte 22: 0xFA→0xFB bit(s) [0]; byte 23: 0x7C→0xA6 bit(s) [7]
[14:23:32.078] P-02 rel 0x11/78 B: byte 19: 0xEA→0xD8 bit(s) [4, 5]; byte 21: 0x9E→0x6C bit(s) [7]; byte 24: 0x14→0x15 bit(s) [0]; byte 26: 0x07→0x08 bit(s) [0]
[14:23:32.093] P-02 rel 0x11/78 B: byte 15: 0x79→0x85 bit(s) [3, 4, 5, 6, 7]; byte 17: 0x20→0x16 bit(s) [4, 5]; byte 19: 0xD8→0xCF bit(s) [4]; byte 21: 0x6C→0xF2 bit(s) [7]; byte 22: 0xFB→0xFA bit(s) [0]; byte 23: 0x88→0x22 bit(s) [7]; byte 24: 0x15→0x16 bit(s) [0, 1]
[14:23:32.108] P-02 rel 0x11/78 B: byte 15: 0x85→0x96 bit(s) [4]; byte 17: 0x16→0x0B bit(s) [3, 4]; byte 19: 0xCF→0xD2 bit(s) [4]; byte 21: 0xF2→0x52 bit(s) [7]
[14:23:32.123] P-02 rel 0x11/78 B: byte 15: 0x96→0xA4 bit(s) [4, 5]; byte 17: 0x0B→0x02 bit(s) [3]; byte 19: 0xD2→0xC7 bit(s) [4]; byte 23: 0x66→0xE6 bit(s) [7]
[14:23:32.138] P-02 rel 0x11/78 B: byte 15: 0xA4→0xBF bit(s) [3, 4]; byte 17: 0x02→0x0B bit(s) [3]; byte 19: 0xC7→0xB8 bit(s) [4, 5, 6]; byte 21: 0x38→0xEE bit(s) [7]; byte 22: 0xFA→0xF9 bit(s) [0, 1]; byte 23: 0xE6→0x44 bit(s) [7]; byte 24: 0x16→0x17 bit(s) [0]; byte 26: 0x08→0x09 bit(s) [0]
[14:23:32.153] P-02 rel 0x11/78 B: byte 15: 0xBF→0xC8 bit(s) [4, 5, 6]; byte 17: 0x0B→0x16 bit(s) [3, 4]; byte 21: 0xEE→0x4A bit(s) [7]; byte 26: 0x09→0x0A bit(s) [0]
[14:23:32.167] P-02 rel 0x11/78 B: byte 15: 0xC8→0xF2 bit(s) [3, 4, 5]; byte 16: 0xFD→0xFE bit(s) [0, 1]; byte 17: 0x16→0x27 bit(s) [4, 5]; byte 19: 0xBF→0xE9 bit(s) [4, 6]; byte 21: 0x4A→0xA4 bit(s) [7]; byte 22: 0xF9→0xF8 bit(s) [0]; byte 23: 0x6E→0x8C bit(s) [7]
[14:23:32.183] P-02 rel 0x11/78 B: byte 15: 0xF2→0x84 bit(s) [4, 5, 6]; byte 17: 0x27→0x2D bit(s) [3]; byte 19: 0xE9→0x2B bit(s) [6, 7]; byte 20: 0xFE→0xFF bit(s) [0]; byte 21: 0xA4→0x64 bit(s) [7]; byte 23: 0x8C→0x34 bit(s) [7]; byte 24: 0x17→0x18 bit(s) [0, 1, 2, 3]; byte 26: 0x0A→0x0B bit(s) [0]
[14:23:32.198] P-02 rel 0x11/78 B: byte 15: 0x84→0x10 bit(s) [4, 7]; byte 16: 0xFE→0xFF bit(s) [0]; byte 17: 0x2D→0x30 bit(s) [3, 4]; byte 19: 0x2B→0x70 bit(s) [4, 6]
[14:23:32.213] P-02 rel 0x11/78 B: byte 15: 0x10→0x57 bit(s) [6]; byte 17: 0x30→0x3B bit(s) [3]; byte 19: 0x70→0xA8 bit(s) [4, 6, 7]; byte 22: 0xF8→0xF9 bit(s) [0]; byte 23: 0x42→0xFE bit(s) [7]; byte 24: 0x18→0x17 bit(s) [0, 1, 2, 3]
[14:23:32.228] P-02 rel 0x11/78 B: byte 15: 0x57→0x8F bit(s) [3, 4, 6, 7]; byte 17: 0x3B→0x4D bit(s) [4, 5, 6]; byte 19: 0xA8→0xBD bit(s) [4]; byte 22: 0xF9→0xFA bit(s) [0, 1]
[14:23:32.243] P-02 rel 0x11/78 B: byte 15: 0x8F→0x84 bit(s) [3]; byte 17: 0x4D→0x2E bit(s) [5, 6]; byte 19: 0xBD→0xC3 bit(s) [4, 5, 6]; byte 21: 0x70→0xCA bit(s) [7]; byte 22: 0xFA→0xF9 bit(s) [0, 1]
[14:23:32.258] P-02 rel 0x11/78 B: byte 15: 0x84→0x64 bit(s) [5, 6, 7]; byte 17: 0x2E→0x11 bit(s) [3, 4, 5]; byte 19: 0xC3→0xE3 bit(s) [5]; byte 21: 0xCA→0x0E bit(s) [7]; byte 23: 0xB8→0x12 bit(s) [7]
[14:23:32.273] P-02 rel 0x11/78 B: byte 15: 0x64→0x37 bit(s) [4, 6]; byte 17: 0x11→0xF6 bit(s) [5, 6, 7]; byte 18: 0x00→0xFF bit(s) [0, 1, 2, 3, 4, 5, 6, 7]; byte 19: 0xE3→0xFD bit(s) [4]; byte 23: 0x12→0xBE bit(s) [7]; byte 24: 0x17→0x16 bit(s) [0]
[14:23:32.288] P-02 rel 0x11/78 B: byte 15: 0x37→0x45 bit(s) [4, 5, 6]; byte 19: 0xFD→0x09 bit(s) [4, 5, 6, 7]; byte 20: 0xFF→0x00 bit(s) [0, 1, 2, 3, 4, 5, 6, 7]; byte 23: 0xBE→0x24 bit(s) [7]; byte 24: 0x16→0x17 bit(s) [0]; byte 26: 0x09→0x0A bit(s) [0]
[14:23:32.303] P-02 rel 0x11/78 B: byte 15: 0x45→0xB0 bit(s) [4, 5, 6, 7]; byte 17: 0xF3→0xF9 bit(s) [3]; byte 21: 0x76→0x80 bit(s) [7]; byte 23: 0x24→0x92 bit(s) [7]
[14:23:32.318] P-02 rel 0x11/78 B: byte 15: 0xB0→0x12 bit(s) [5, 7]; byte 16: 0xFF→0x00 bit(s) [0, 1, 2, 3, 4, 5, 6, 7]; byte 17: 0xF9→0x07 bit(s) [3, 4, 5, 6, 7]; byte 18: 0xFF→0x00 bit(s) [0, 1, 2, 3, 4, 5, 6, 7]; byte 19: 0x0B→0x28 bit(s) [5]; byte 21: 0x80→0x0A bit(s) [7]; byte 23: 0x92→0x48 bit(s) [7]; byte 24: 0x17→0x18 bit(s) [0, 1, 2, 3]
[14:23:32.333] P-02 rel 0x11/78 B: byte 15: 0x12→0x42 bit(s) [4, 6]; byte 19: 0x28→0x4D bit(s) [5, 6]; byte 21: 0x0A→0xC0 bit(s) [7]; byte 22: 0xF9→0xF8 bit(s) [0]; byte 26: 0x0A→0x0B bit(s) [0]
[14:23:32.348] P-02 rel 0x11/78 B: byte 15: 0x42→0x6E bit(s) [3, 5]; byte 17: 0x07→0xFA bit(s) [3, 4, 5, 6, 7]; byte 18: 0x00→0xFF bit(s) [0, 1, 2, 3, 4, 5, 6, 7]; byte 19: 0x4D→0x7F bit(s) [4, 5]; byte 21: 0xC0→0x06 bit(s) [7]; byte 22: 0xF8→0xF9 bit(s) [0]; byte 23: 0x28→0xBE bit(s) [7]; byte 24: 0x18→0x17 bit(s) [0, 1, 2, 3]
[14:23:32.363] P-02 rel 0x11/78 B: byte 15: 0x6E→0x86 bit(s) [3, 5, 6, 7]; byte 17: 0xFA→0xE3 bit(s) [3, 4]; byte 19: 0x7F→0x95 bit(s) [5, 6, 7]; byte 21: 0x06→0x82 bit(s) [7]; byte 26: 0x0B→0x0A bit(s) [0]
[14:23:32.378] P-02 rel 0x11/78 B: byte 15: 0x86→0x5C bit(s) [3, 4, 6, 7]; byte 17: 0xE3→0xCE bit(s) [3, 5]; byte 23: 0xAE→0x58 bit(s) [7]
[14:23:32.393] P-02 rel 0x11/78 B: byte 15: 0x5C→0x20 bit(s) [3, 4, 5, 6]
[14:23:32.408] P-02 rel 0x11/78 B: byte 15: 0x20→0xF1 bit(s) [4, 6, 7]; byte 16: 0x00→0xFF bit(s) [0, 1, 2, 3, 4, 5, 6, 7]; byte 17: 0xCD→0xD5 bit(s) [3, 4]; byte 19: 0x91→0x79 bit(s) [5, 6, 7]; byte 21: 0xDA→0x22 bit(s) [7]; byte 22: 0xF9→0xFA bit(s) [0, 1]
[14:23:32.423] P-02 rel 0x11/78 B: byte 15: 0xF1→0xEF bit(s) [3, 4]; byte 17: 0xD5→0xE6 bit(s) [4, 5]; byte 19: 0x79→0x64 bit(s) [4]; byte 23: 0x30→0x94 bit(s) [7]
[14:23:32.438] P-02 rel 0x11/78 B: byte 15: 0xEF→0x11 bit(s) [3, 4, 5, 6, 7]; byte 16: 0xFF→0x00 bit(s) [0, 1, 2, 3, 4, 5, 6, 7]; byte 17: 0xE6→0xF7 bit(s) [4]; byte 19: 0x64→0x56 bit(s) [4, 5]
[14:23:32.453] P-02 rel 0x11/78 B: byte 15: 0x11→0x28 bit(s) [3, 4, 5]; byte 17: 0xF7→0xFF bit(s) [3]; byte 23: 0xFC→0x3C bit(s) [7]; byte 24: 0x17→0x18 bit(s) [0, 1, 2, 3]
[14:23:32.468] P-02 rel 0x11/78 B: byte 17: 0xFF→0x04 bit(s) [3, 4, 5, 6, 7]; byte 18: 0xFF→0x00 bit(s) [0, 1, 2, 3, 4, 5, 6, 7]; byte 23: 0x3C→0xA2 bit(s) [7]; byte 24: 0x18→0x17 bit(s) [0, 1, 2, 3]
[14:23:32.483] P-02 rel 0x11/78 B: byte 23: 0xA2→0x6C bit(s) [7]
[14:23:32.513] P-02 rel 0x11/78 B: byte 15: 0x2A→0x1B bit(s) [4, 5]; byte 17: 0x00→0xFC bit(s) [3, 4, 5, 6, 7]; byte 18: 0x00→0xFF bit(s) [0, 1, 2, 3, 4, 5, 6, 7]; byte 19: 0x51→0x4A bit(s) [4]
[14:23:32.528] P-02 rel 0x11/78 B: byte 15: 0x1B→0x0A bit(s) [4]; byte 19: 0x4A→0x39 bit(s) [4, 5, 6]
[14:23:32.543] P-02 rel 0x11/78 B: byte 15: 0x0A→0xE9 bit(s) [5, 6, 7]; byte 16: 0x00→0xFF bit(s) [0, 1, 2, 3, 4, 5, 6, 7]; byte 17: 0xFE→0xF4 bit(s) [3]; byte 19: 0x39→0x2C bit(s) [4]; byte 26: 0x0A→0x09 bit(s) [0]
[14:23:32.558] P-02 rel 0x11/78 B: byte 15: 0xE9→0xB7 bit(s) [3, 4, 6]; byte 19: 0x2C→0x19 bit(s) [4, 5]; byte 23: 0x44→0xFE bit(s) [7]; byte 24: 0x17→0x16 bit(s) [0]
[14:23:32.573] P-02 rel 0x11/78 B: byte 15: 0xB7→0xA0 bit(s) [4]; byte 19: 0x19→0x06 bit(s) [4]; byte 23: 0xFE→0x2C bit(s) [7]; byte 24: 0x16→0x17 bit(s) [0]
[14:23:32.588] P-02 rel 0x11/78 B: byte 15: 0xA0→0x8A bit(s) [3, 5]; byte 19: 0x06→0xF9 bit(s) [4, 5, 6, 7]; byte 20: 0x00→0xFF bit(s) [0, 1, 2, 3, 4, 5, 6, 7]
[14:23:32.603] P-02 rel 0x11/78 B: byte 17: 0xF3→0xFE bit(s) [3]; byte 19: 0xF9→0xEB bit(s) [4]; byte 23: 0x78→0xB2 bit(s) [7]; byte 26: 0x09→0x0A bit(s) [0]
[14:23:33.008]      … 24 linha(s) suprimida(s) neste segundo
[14:23:33.008] P-02 rel 0x11/78 B: byte 15: 0x27→0x51 bit(s) [4, 5, 6]; byte 17: 0xF5→0x11 bit(s) [5, 6, 7]; byte 18: 0xFF→0x00 bit(s) [0, 1, 2, 3, 4, 5, 6, 7]; byte 24: 0x1C→0x1D bit(s) [0]; byte 26: 0x15→0x12 bit(s) [0]
[14:23:33.023] P-02 rel 0x11/78 B: byte 15: 0x51→0x4F bit(s) [3, 4]; byte 17: 0x11→0x49 bit(s) [3, 4, 6]; byte 19: 0xC1→0xB8 bit(s) [4, 5, 6]; byte 22: 0xFB→0xFA bit(s) [0]; byte 24: 0x1D→0x1E bit(s) [0, 1]; byte 26: 0x12→0x11 bit(s) [0]
[14:23:33.038] P-02 rel 0x11/78 B: byte 15: 0x4F→0x6E bit(s) [5]; byte 17: 0x49→0x3D bit(s) [4, 5, 6]; byte 22: 0xFA→0xF9 bit(s) [0, 1]; byte 23: 0x2C→0xF8 bit(s) [7]; byte 24: 0x1E→0x1D bit(s) [0, 1]
[14:23:33.053] P-02 rel 0x11/78 B: byte 15: 0x6E→0x66 bit(s) [3]; byte 17: 0x3D→0x23 bit(s) [3, 4]; byte 21: 0x74→0xFA bit(s) [7]; byte 22: 0xF9→0xF8 bit(s) [0]; byte 24: 0x1D→0x1C bit(s) [0]; byte 26: 0x11→0x10 bit(s) [0]
[14:23:33.068] P-02 rel 0x11/78 B: byte 17: 0x23→0x17 bit(s) [4, 5]; byte 19: 0xB6→0xA3 bit(s) [4]; byte 24: 0x1C→0x1B bit(s) [0, 1, 2]; byte 26: 0x10→0x0F bit(s) [0]
[14:23:33.083] P-02 rel 0x11/78 B: byte 15: 0x62→0xA5 bit(s) [6, 7]; byte 17: 0x17→0x22 bit(s) [4, 5]; byte 19: 0xA3→0x85 bit(s) [5]; byte 21: 0xDE→0x18 bit(s) [7]; byte 22: 0xF8→0xF9 bit(s) [0]; byte 24: 0x1B→0x1A bit(s) [0]; byte 26: 0x0F→0x0E bit(s) [0]
[14:23:33.098] P-02 rel 0x11/78 B: byte 15: 0xA5→0xE6 bit(s) [6]; byte 17: 0x22→0x37 bit(s) [4]; byte 19: 0x85→0x69 bit(s) [5, 6, 7]
[14:23:33.113] P-02 rel 0x11/78 B: byte 15: 0xE6→0x76 bit(s) [4, 7]; byte 17: 0x37→0x5B bit(s) [3, 5, 6]; byte 19: 0x69→0x1F bit(s) [4, 5, 6]; byte 23: 0xAC→0x42 bit(s) [7]; byte 26: 0x0E→0x0D bit(s) [0]
[14:23:33.128] P-02 rel 0x11/78 B: byte 15: 0x76→0xD4 bit(s) [5, 7]; byte 16: 0x01→0x00 bit(s) [0]; byte 17: 0x5B→0x56 bit(s) [3]; byte 19: 0x1F→0xE3 bit(s) [4, 5, 6, 7]; byte 20: 0x00→0xFF bit(s) [0, 1, 2, 3, 4, 5, 6, 7]; byte 23: 0x42→0xDE bit(s) [7]; byte 26: 0x0D→0x0E bit(s) [0]
[14:23:33.143] P-02 rel 0x11/78 B: byte 15: 0xD4→0x62 bit(s) [4, 5, 7]; byte 17: 0x56→0x3F bit(s) [3, 5, 6]; byte 19: 0xE3→0xC5 bit(s) [5]; byte 24: 0x1A→0x1B bit(s) [0]; byte 26: 0x0E→0x0F bit(s) [0]
[14:23:33.158] P-02 rel 0x11/78 B: byte 15: 0x62→0x38 bit(s) [3, 4, 6]; byte 19: 0xC5→0xB7 bit(s) [4, 5, 6]; byte 21: 0x76→0xB8 bit(s) [7]; byte 23: 0x88→0x14 bit(s) [7]
[14:23:33.173] P-02 rel 0x11/78 B: byte 15: 0x38→0x27 bit(s) [3, 4]; byte 17: 0x3B→0x47 bit(s) [3, 4, 5, 6]; byte 19: 0xB7→0xAA bit(s) [4]; byte 21: 0xB8→0x2A bit(s) [7]
[14:23:33.188] P-02 rel 0x11/78 B: byte 15: 0x27→0x4D bit(s) [3, 5, 6]; byte 17: 0x47→0x49 bit(s) [3]; byte 19: 0xAA→0xBA bit(s) [4]; byte 21: 0x2A→0xFA bit(s) [7]; byte 22: 0xF9→0xF8 bit(s) [0]
[14:23:33.203] P-02 rel 0x11/78 B: byte 15: 0x4D→0x69 bit(s) [5]; byte 17: 0x49→0x37 bit(s) [3, 4, 5, 6]; byte 19: 0xBA→0xD3 bit(s) [5, 6]; byte 21: 0xFA→0x12 bit(s) [7]; byte 22: 0xF8→0xF9 bit(s) [0]; byte 23: 0x78→0xB0 bit(s) [7]
[14:23:33.218] P-02 rel 0x11/78 B: byte 15: 0x69→0x8B bit(s) [5, 6, 7]; byte 17: 0x37→0x39 bit(s) [3]; byte 19: 0xD3→0xE3 bit(s) [4, 5]; byte 21: 0x12→0x9E bit(s) [7]; byte 22: 0xF9→0xF8 bit(s) [0]; byte 23: 0xB0→0x62 bit(s) [7]
[14:23:33.233] P-02 rel 0x11/78 B: byte 15: 0x8B→0xB9 bit(s) [4, 5]; byte 17: 0x39→0x37 bit(s) [3]; byte 19: 0xE3→0x01 bit(s) [5, 6, 7]; byte 20: 0xFF→0x00 bit(s) [0, 1, 2, 3, 4, 5, 6, 7]; byte 21: 0x9E→0x52 bit(s) [7]; byte 22: 0xF8→0xF9 bit(s) [0]
[14:23:33.248] P-02 rel 0x11/78 B: byte 15: 0xB9→0xDF bit(s) [5, 6]; byte 19: 0x01→0x11 bit(s) [4]; byte 21: 0x52→0xAE bit(s) [7]; byte 23: 0x08→0xD6 bit(s) [7]; byte 24: 0x1B→0x1A bit(s) [0]
[14:23:33.263] P-02 rel 0x11/78 B: byte 15: 0xDF→0xE2 bit(s) [3, 4, 5]; byte 17: 0x30→0x26 bit(s) [4]; byte 26: 0x0F→0x0E bit(s) [0]
[14:23:33.278] P-02 rel 0x11/78 B: byte 15: 0xE2→0xD4 bit(s) [4, 5]; byte 17: 0x26→0x1C bit(s) [3, 4, 5]; byte 19: 0x10→0x04 bit(s) [4]; byte 21: 0xE0→0x1E bit(s) [7]; byte 22: 0xF9→0xFA bit(s) [0, 1]; byte 23: 0xF2→0x5C bit(s) [7]
[14:23:33.293] P-02 rel 0x11/78 B: byte 15: 0xD4→0xA8 bit(s) [3, 4, 5, 6]; byte 19: 0x04→0xF7 bit(s) [4, 5, 6, 7]; byte 20: 0x00→0xFF bit(s) [0, 1, 2, 3, 4, 5, 6, 7]; byte 26: 0x0E→0x0D bit(s) [0]
[14:23:33.308] P-02 rel 0x11/78 B: byte 15: 0xA8→0x8B bit(s) [5]; byte 19: 0xF7→0xE9 bit(s) [4]; byte 22: 0xFA→0xFB bit(s) [0]; byte 23: 0x0C→0x82 bit(s) [7]; byte 26: 0x0D→0x0E bit(s) [0]
[14:23:33.323] P-02 rel 0x11/78 B: byte 15: 0x8B→0x6C bit(s) [5, 6, 7]; byte 17: 0x1C→0x08 bit(s) [4]; byte 21: 0x08→0x9C bit(s) [7]; byte 22: 0xFB→0xFA bit(s) [0]; byte 26: 0x0E→0x0D bit(s) [0]
[14:23:33.338] P-02 rel 0x11/78 B: byte 15: 0x6C→0x47 bit(s) [3, 5]; byte 17: 0x08→0x07 bit(s) [3]; byte 21: 0x9C→0x1C bit(s) [7]; byte 23: 0x88→0x48 bit(s) [7]
[14:23:33.353] P-02 rel 0x11/78 B: byte 15: 0x47→0xEE bit(s) [3, 5, 7]; byte 16: 0x00→0xFF bit(s) [0, 1, 2, 3, 4, 5, 6, 7]; byte 17: 0x07→0xF3 bit(s) [4, 5, 6, 7]; byte 18: 0x00→0xFF bit(s) [0, 1, 2, 3, 4, 5, 6, 7]; byte 19: 0xE0→0xC7 bit(s) [5]; byte 21: 0x1C→0x8C bit(s) [7]; byte 23: 0x48→0xBE bit(s) [7]; byte 24: 0x1A→0x1D bit(s) [0, 1, 2]; byte 26: 0x0D→0x0E bit(s) [0]
[14:23:33.368] P-02 rel 0x11/78 B: byte 15: 0xEE→0x2C bit(s) [6, 7]; byte 16: 0xFF→0x00 bit(s) [0, 1, 2, 3, 4, 5, 6, 7]; byte 17: 0xF3→0x06 bit(s) [4, 5, 6, 7]; byte 18: 0xFF→0x00 bit(s) [0, 1, 2, 3, 4, 5, 6, 7]; byte 21: 0x8C→0x50 bit(s) [7]; byte 24: 0x1D→0x19 bit(s) [2]
[14:23:33.383] P-02 rel 0x11/78 B: byte 15: 0x2C→0x0F bit(s) [5]; byte 17: 0x06→0xF0 bit(s) [4, 5, 6, 7]; byte 18: 0x00→0xFF bit(s) [0, 1, 2, 3, 4, 5, 6, 7]; byte 24: 0x19→0x1A bit(s) [0, 1]
[14:23:33.398] P-02 rel 0x11/78 B: byte 15: 0x0F→0x12 bit(s) [3, 4]; byte 21: 0x32→0xB2 bit(s) [7]; byte 22: 0xFA→0xF9 bit(s) [0, 1]; byte 23: 0xD0→0x38 bit(s) [7]; byte 24: 0x1A→0x1B bit(s) [0]; byte 26: 0x0E→0x0D bit(s) [0]
[14:23:33.413] P-02 rel 0x11/78 B: byte 17: 0xF4→0xFB bit(s) [3]; byte 19: 0xC0→0xD2 bit(s) [4]; byte 26: 0x0D→0x0E bit(s) [0]
[14:23:33.429] P-02 rel 0x11/78 B: byte 15: 0x14→0x54 bit(s) [6]; byte 17: 0xFB→0x03 bit(s) [3, 4, 5, 6, 7]; byte 18: 0xFF→0x00 bit(s) [0, 1, 2, 3, 4, 5, 6, 7]; byte 19: 0xD2→0xCD bit(s) [4]; byte 21: 0xA0→0x6A bit(s) [7]; byte 26: 0x0E→0x0D bit(s) [0]
[14:23:33.443] P-02 rel 0x11/78 B: byte 15: 0x54→0x93 bit(s) [6, 7]; byte 17: 0x03→0x09 bit(s) [3]; byte 23: 0x42→0xF6 bit(s) [7]; byte 24: 0x1B→0x1A bit(s) [0]
[14:23:33.458] P-02 rel 0x11/78 B: byte 15: 0x93→0xBF bit(s) [3, 5]; byte 17: 0x09→0x11 bit(s) [3, 4]; byte 19: 0xCA→0xD7 bit(s) [4]; byte 21: 0x16→0xB2 bit(s) [7]; byte 23: 0xF6→0x50 bit(s) [7]; byte 24: 0x1A→0x1B bit(s) [0]; byte 26: 0x0D→0x0E bit(s) [0]
[14:23:33.473] P-02 rel 0x11/78 B: byte 15: 0xBF→0x66 bit(s) [3, 4, 6, 7]; byte 17: 0x11→0x06 bit(s) [4]; byte 19: 0xD7→0x05 bit(s) [4, 6, 7]; byte 20: 0xFF→0x00 bit(s) [0, 1, 2, 3, 4, 5, 6, 7]; byte 24: 0x1B→0x1A bit(s) [0]; byte 26: 0x0E→0x0D bit(s) [0]
[14:23:33.487] P-02 rel 0x11/78 B: byte 15: 0x66→0x6B bit(s) [3]; byte 17: 0x06→0x0F bit(s) [3]; byte 23: 0x70→0xAA bit(s) [7]; byte 24: 0x1A→0x19 bit(s) [0, 1]
[14:23:33.503] P-02 rel 0x11/78 B: byte 15: 0x6B→0x66 bit(s) [3]; byte 19: 0x07→0xFE bit(s) [4, 5, 6, 7]; byte 20: 0x00→0xFF bit(s) [0, 1, 2, 3, 4, 5, 6, 7]
[14:23:33.518] P-02 rel 0x11/78 B: byte 15: 0x66→0x4F bit(s) [3, 5]; byte 17: 0x09→0xF2 bit(s) [3, 4, 5, 6, 7]; byte 18: 0x00→0xFF bit(s) [0, 1, 2, 3, 4, 5, 6, 7]; byte 21: 0xB0→0x1C bit(s) [7]; byte 26: 0x0D→0x0E bit(s) [0]
[14:23:33.533] P-02 rel 0x11/78 B: byte 15: 0x4F→0x3D bit(s) [4, 5, 6]; byte 19: 0xFF→0x01 bit(s) [4, 5, 6, 7]; byte 20: 0xFF→0x00 bit(s) [0, 1, 2, 3, 4, 5, 6, 7]; byte 21: 0x1C→0x90 bit(s) [7]; byte 26: 0x0E→0x0D bit(s) [0]
[14:23:33.548] P-02 rel 0x11/78 B: byte 17: 0xF1→0xFB bit(s) [3]; byte 21: 0x90→0x72 bit(s) [7]; byte 26: 0x0D→0x0C bit(s) [0]
[14:23:33.563] P-02 rel 0x11/78 B: byte 15: 0x3B→0x28 bit(s) [4]; byte 17: 0xFB→0x00 bit(s) [3, 4, 5, 6, 7]; byte 18: 0xFF→0x00 bit(s) [0, 1, 2, 3, 4, 5, 6, 7]
[14:23:33.579] P-02 rel 0x11/78 B: byte 15: 0x28→0x12 bit(s) [3, 4, 5]; byte 21: 0x7E→0x86 bit(s) [7]; byte 26: 0x0C→0x0D bit(s) [0]
[14:23:33.594] P-02 rel 0x11/78 B: byte 15: 0x12→0xF8 bit(s) [3, 5, 6, 7]; byte 16: 0x00→0xFF bit(s) [0, 1, 2, 3, 4, 5, 6, 7]; byte 19: 0x08→0x12 bit(s) [4]
[14:23:34.013]      … 26 linha(s) suprimida(s) neste segundo
[14:23:34.013] P-02 rel 0x11/78 B: byte 15: 0xB9→0xDC bit(s) [5, 6]; byte 21: 0x7C→0xD8 bit(s) [7]
[14:23:34.042] P-02 rel 0x11/78 B: byte 15: 0xDC→0xF2 bit(s) [3, 5]; byte 19: 0x0E→0x17 bit(s) [4]
[14:23:34.058] P-02 rel 0x11/78 B: byte 17: 0x23→0x1B bit(s) [3, 4, 5]; byte 21: 0xA0→0x66 bit(s) [7]
[14:23:34.073] P-02 rel 0x11/78 B: byte 15: 0xF5→0x03 bit(s) [4, 5, 6, 7]; byte 16: 0xFF→0x00 bit(s) [0, 1, 2, 3, 4, 5, 6, 7]; byte 17: 0x1B→0x07 bit(s) [3, 4]; byte 21: 0x66→0x98 bit(s) [7]; byte 23: 0x26→0xD0 bit(s) [7]; byte 24: 0x1A→0x19 bit(s) [0, 1]; byte 26: 0x0D→0x0C bit(s) [0]
[14:23:34.088] P-02 rel 0x11/78 B: byte 15: 0x03→0x13 bit(s) [4]; byte 26: 0x0C→0x0D bit(s) [0]
[14:23:34.103] P-02 rel 0x11/78 B: byte 15: 0x13→0x19 bit(s) [3]; byte 19: 0x12→0x0E bit(s) [4]
[14:23:34.133] P-02 rel 0x11/78 B: byte 15: 0x1B→0x17 bit(s) [3]
[14:23:34.148] P-02 rel 0x11/78 B: byte 15: 0x17→0x1E bit(s) [3]
[14:23:34.163] P-02 rel 0x11/78 B: byte 15: 0x1E→0x2D bit(s) [4, 5]
[14:23:34.178] P-02 rel 0x11/78 B: byte 15: 0x2D→0x35 bit(s) [3, 4]
[14:23:34.193] P-02 rel 0x11/78 B: byte 15: 0x35→0x2A bit(s) [3, 4]
[14:23:34.208] P-02 rel 0x11/78 B: byte 15: 0x2A→0x15 bit(s) [3, 4, 5]; byte 26: 0x0D→0x0C bit(s) [0]
[14:23:34.223] P-02 rel 0x11/78 B: byte 26: 0x0C→0x0D bit(s) [0]
[14:23:34.238] P-02 rel 0x11/78 B: byte 15: 0x16→0x29 bit(s) [3, 4, 5]; byte 26: 0x0D→0x0C bit(s) [0]
[14:23:34.253] P-02 rel 0x11/78 B: byte 15: 0x29→0x34 bit(s) [3, 4]; byte 26: 0x0C→0x0D bit(s) [0]
[14:23:34.268] P-02 rel 0x11/78 B: byte 15: 0x34→0x40 bit(s) [4, 5, 6]; byte 26: 0x0D→0x0C bit(s) [0]
[14:23:34.297] P-02 rel 0x11/78 B: byte 15: 0x41→0x3F bit(s) [3, 4, 5, 6]
[14:23:34.328] P-02 rel 0x11/78 B: byte 26: 0x0C→0x0D bit(s) [0]
[14:23:34.343] P-02 rel 0x11/78 B: byte 26: 0x0D→0x0C bit(s) [0]
[14:23:34.358] P-02 rel 0x11/78 B: byte 17: 0x01→0xFB bit(s) [3, 4, 5, 6, 7]; byte 18: 0x00→0xFF bit(s) [0, 1, 2, 3, 4, 5, 6, 7]
[14:23:34.373] P-02 rel 0x11/78 B: byte 15: 0x3A→0x4C bit(s) [4, 5, 6]
[14:23:34.388] P-02 rel 0x11/78 B: byte 15: 0x4C→0x51 bit(s) [3, 4]; byte 23: 0x92→0x70 bit(s) [7]
[14:23:34.403] P-02 rel 0x11/78 B: byte 15: 0x51→0x45 bit(s) [4]; byte 17: 0xFE→0x02 bit(s) [3, 4, 5, 6, 7]; byte 18: 0xFF→0x00 bit(s) [0, 1, 2, 3, 4, 5, 6, 7]
[14:23:34.418] P-02 rel 0x11/78 B: byte 15: 0x45→0x3C bit(s) [3, 4, 5, 6]
[14:23:34.433] P-02 rel 0x11/78 B: byte 15: 0x3C→0x32 bit(s) [3]
[14:23:34.448] P-02 rel 0x11/78 B: byte 15: 0x32→0x29 bit(s) [3, 4]
[14:23:34.508] P-02 rel 0x11/78 B: byte 15: 0x2C→0x1A bit(s) [4, 5]; byte 19: 0x01→0xFF bit(s) [4, 5, 6, 7]; byte 20: 0x00→0xFF bit(s) [0, 1, 2, 3, 4, 5, 6, 7]
[14:23:34.523] P-02 rel 0x11/78 B: byte 15: 0x1A→0x10 bit(s) [3]; byte 19: 0xFF→0x07 bit(s) [4, 5, 6, 7]; byte 20: 0xFF→0x00 bit(s) [0, 1, 2, 3, 4, 5, 6, 7]
[14:23:34.538] P-02 rel 0x11/78 B: byte 15: 0x10→0x0B bit(s) [3, 4]; byte 23: 0x54→0x80 bit(s) [7]
[14:23:34.582] P-02 rel 0x11/78 B: byte 23: 0x80→0x44 bit(s) [7]
[14:23:34.598] P-02 rel 0x11/78 B: byte 15: 0x0D→0x15 bit(s) [3, 4]; byte 19: 0x0B→0x12 bit(s) [4]
[14:23:34.613] P-02 rel 0x11/78 B: byte 15: 0x15→0x08 bit(s) [3, 4]
[14:23:34.628] P-02 rel 0x11/78 B: byte 15: 0x08→0x14 bit(s) [3, 4]; byte 19: 0x10→0x07 bit(s) [4]
[14:23:34.658] P-02 rel 0x11/78 B: byte 15: 0x15→0x0C bit(s) [3, 4]
[14:23:34.673] P-02 rel 0x11/78 B: byte 15: 0x0C→0x19 bit(s) [4]; byte 19: 0x00→0xFE bit(s) [4, 5, 6, 7]; byte 20: 0x00→0xFF bit(s) [0, 1, 2, 3, 4, 5, 6, 7]
[14:23:34.702] P-02 rel 0x11/78 B: byte 15: 0x19→0x2F bit(s) [4, 5]
[14:23:34.747] P-02 rel 0x11/78 B: byte 15: 0x2F→0x21 bit(s) [3]
[14:23:34.763] P-02 rel 0x11/78 B: byte 15: 0x21→0x2E bit(s) [3]; byte 17: 0x07→0x0B bit(s) [3]; byte 21: 0xC4→0x3C bit(s) [7]; byte 23: 0x1C→0xD8 bit(s) [7]; byte 24: 0x19→0x18 bit(s) [0]; byte 26: 0x0C→0x0B bit(s) [0]
[14:23:34.778] P-02 rel 0x11/78 B: byte 7: 0x08→0x28 bit(s) [5]; byte 15: 0x2E→0x54 bit(s) [3, 4, 5, 6]; byte 17: 0x0B→0x10 bit(s) [3, 4]; byte 19: 0xF9→0xDE bit(s) [5]; byte 21: 0x3C→0x80 bit(s) [7]; byte 23: 0xD8→0x42 bit(s) [7]; byte 24: 0x18→0x19 bit(s) [0]; byte 26: 0x0B→0x0C bit(s) [0]
[14:23:34.778] P-01 botão "Button A" [buttonA]: PRESSIONADO
[14:23:34.793] P-02 rel 0x11/78 B: byte 15: 0x54→0x3A bit(s) [3, 5, 6]; byte 17: 0x10→0x0C bit(s) [3, 4]; byte 19: 0xDE→0xEA bit(s) [4, 5]
[14:23:34.823] P-01 botão "Button A" [buttonA]: solto
[14:23:34.883] P-01 botão "Button A" [buttonA]: PRESSIONADO
[14:23:34.943] P-01 botão "Button A" [buttonA]: solto
[14:23:35.002]      … 13 linha(s) suprimida(s) neste segundo
[14:23:35.003] P-02 rel 0x11/78 B: byte 15: 0xDA→0xFA bit(s) [5]; byte 21: 0xF0→0x06 bit(s) [7]; byte 22: 0xF8→0xF9 bit(s) [0]; byte 23: 0x06→0xC0 bit(s) [7]
[14:23:35.018] P-02 rel 0x11/78 B: byte 15: 0xFA→0xE9 bit(s) [4]; byte 19: 0x10→0x0E bit(s) [4]; byte 21: 0x06→0xF0 bit(s) [7]; byte 22: 0xF9→0xF8 bit(s) [0]; byte 26: 0x0B→0x0C bit(s) [0]
[14:23:35.033] P-02 rel 0x11/78 B: byte 15: 0xE9→0xD0 bit(s) [3, 4, 5]; byte 17: 0x10→0x0D bit(s) [3, 4]; byte 21: 0xF0→0x14 bit(s) [7]; byte 22: 0xF8→0xF9 bit(s) [0]
[14:23:35.048] P-02 rel 0x11/78 B: byte 19: 0x0E→0x10 bit(s) [4]; byte 23: 0xBE→0x26 bit(s) [7]; byte 24: 0x18→0x19 bit(s) [0]
[14:23:35.092] P-02 rel 0x11/78 B: byte 15: 0xD6→0xE2 bit(s) [4, 5]; byte 17: 0x08→0x02 bit(s) [3]; byte 19: 0x10→0x0C bit(s) [4]
[14:23:35.108] P-02 rel 0x11/78 B: byte 17: 0x02→0xFE bit(s) [3, 4, 5, 6, 7]; byte 18: 0x00→0xFF bit(s) [0, 1, 2, 3, 4, 5, 6, 7]
[14:23:35.122] P-02 rel 0x11/78 B: byte 15: 0xE5→0x03 bit(s) [5, 6, 7]; byte 16: 0xFF→0x00 bit(s) [0, 1, 2, 3, 4, 5, 6, 7]; byte 22: 0xF9→0xFA bit(s) [0, 1]
[14:23:35.138] P-02 rel 0x11/78 B: byte 15: 0x03→0x15 bit(s) [4]; byte 19: 0x02→0xFE bit(s) [4, 5, 6, 7]; byte 20: 0x00→0xFF bit(s) [0, 1, 2, 3, 4, 5, 6, 7]
[14:23:35.153] P-02 rel 0x11/78 B: byte 17: 0xFB→0x00 bit(s) [3, 4, 5, 6, 7]; byte 18: 0xFF→0x00 bit(s) [0, 1, 2, 3, 4, 5, 6, 7]; byte 26: 0x0C→0x0B bit(s) [0]
[14:23:35.182] P-02 rel 0x11/78 B: byte 15: 0x14→0x0E bit(s) [3, 4]
[14:23:35.198] P-02 rel 0x11/78 B: byte 15: 0x0E→0x10 bit(s) [3, 4]; byte 21: 0x20→0xEE bit(s) [7]; byte 22: 0xFA→0xF9 bit(s) [0, 1]; byte 26: 0x0B→0x0C bit(s) [0]
[14:23:35.213] P-02 rel 0x11/78 B: byte 15: 0x10→0x0B bit(s) [3, 4]; byte 23: 0x0A→0xE2 bit(s) [7]; byte 24: 0x19→0x18 bit(s) [0]; byte 26: 0x0C→0x0B bit(s) [0]
[14:23:35.217] P-02 resumo: relatório 0x11 com 78 bytes, 5615 recebido(s); ruído de repouso: byte 9 bits [3, 4, 5, 6, 7]; byte 13 bits [1, 2, 3, 4, 5, 6, 7]; byte 15 bits [0, 1, 2]; byte 17 bits [0, 1, 2]; byte 19 bits [0, 1, 2, 3]; byte 21 bits [1, 2, 3, 4, 5, 6]; byte 23 bits [1, 2, 3, 4, 5, 6]; byte 25 bits [1, 2, 3, 4, 5, 6, 7]; byte 26 bits [1, 2, 3, 4, 5]; byte 74 bits [0, 1, 2, 3, 4, 5, 6, 7]; byte 75 bits [0, 1, 2, 3, 4, 5, 6, 7]; byte 76 bits [0, 1, 2, 3, 4, 5, 6, 7]; byte 77 bits [0, 1, 2, 3, 4, 5, 6, 7]
[14:23:35.228] P-02 rel 0x11/78 B: byte 15: 0x0B→0x04 bit(s) [3]; byte 17: 0x06→0x0A bit(s) [3]; byte 26: 0x0B→0x0C bit(s) [0]
[14:23:35.243] P-02 rel 0x11/78 B: byte 23: 0xEC→0x0A bit(s) [7]; byte 24: 0x18→0x19 bit(s) [0]
[14:23:35.258] P-02 rel 0x11/78 B: byte 15: 0x00→0xF7 bit(s) [4, 5, 6, 7]; byte 16: 0x00→0xFF bit(s) [0, 1, 2, 3, 4, 5, 6, 7]; byte 19: 0xFF→0x04 bit(s) [4, 5, 6, 7]; byte 20: 0xFF→0x00 bit(s) [0, 1, 2, 3, 4, 5, 6, 7]
[14:23:35.273] P-02 rel 0x11/78 B: byte 15: 0xF7→0xFC bit(s) [3]; byte 17: 0x09→0x07 bit(s) [3]; byte 19: 0x04→0x10 bit(s) [4]; byte 23: 0x10→0xE4 bit(s) [7]; byte 24: 0x19→0x18 bit(s) [0]
[14:23:35.288] P-02 rel 0x11/78 B: byte 15: 0xFC→0xF5 bit(s) [3]
[14:23:35.303] P-02 rel 0x11/78 B: byte 15: 0xF5→0xEC bit(s) [3, 4]
[14:23:35.318] P-02 rel 0x11/78 B: byte 15: 0xEC→0xF2 bit(s) [3, 4]
[14:23:35.333] P-02 rel 0x11/78 B: byte 23: 0xF2→0x22 bit(s) [7]; byte 24: 0x18→0x19 bit(s) [0]
[14:23:35.348] P-02 rel 0x11/78 B: byte 15: 0xF0→0xED bit(s) [3, 4]; byte 17: 0x02→0xFF bit(s) [3, 4, 5, 6, 7]; byte 18: 0x00→0xFF bit(s) [0, 1, 2, 3, 4, 5, 6, 7]
[14:23:35.363] P-02 rel 0x11/78 B: byte 17: 0xFF→0x03 bit(s) [3, 4, 5, 6, 7]; byte 18: 0xFF→0x00 bit(s) [0, 1, 2, 3, 4, 5, 6, 7]; byte 19: 0x13→0x0F bit(s) [4]
[14:23:35.378] P-02 rel 0x11/78 B: byte 15: 0xEF→0xF3 bit(s) [3, 4]
[14:23:35.393] P-02 rel 0x11/78 B: byte 15: 0xF3→0x02 bit(s) [4, 5, 6, 7]; byte 16: 0xFF→0x00 bit(s) [0, 1, 2, 3, 4, 5, 6, 7]
[14:23:35.408] P-02 rel 0x11/78 B: byte 15: 0x02→0x08 bit(s) [3]; byte 17: 0x05→0x08 bit(s) [3]; byte 26: 0x0C→0x0B bit(s) [0]
[14:23:35.423] P-02 rel 0x11/78 B: byte 15: 0x08→0x05 bit(s) [3]; byte 19: 0x04→0xFE bit(s) [4, 5, 6, 7]; byte 20: 0x00→0xFF bit(s) [0, 1, 2, 3, 4, 5, 6, 7]; byte 23: 0x1E→0xE4 bit(s) [7]; byte 24: 0x19→0x18 bit(s) [0]
[14:23:35.453] P-02 rel 0x11/78 B: byte 26: 0x0B→0x0C bit(s) [0]
[14:23:35.468] P-02 rel 0x11/78 B: byte 15: 0x05→0xF9 bit(s) [3, 4, 5, 6, 7]; byte 16: 0x00→0xFF bit(s) [0, 1, 2, 3, 4, 5, 6, 7]
[14:23:35.483] P-02 rel 0x11/78 B: byte 15: 0xF9→0xF6 bit(s) [3]; byte 19: 0xFF→0x00 bit(s) [4, 5, 6, 7]; byte 20: 0xFF→0x00 bit(s) [0, 1, 2, 3, 4, 5, 6, 7]; byte 23: 0xE6→0x04 bit(s) [7]; byte 24: 0x18→0x19 bit(s) [0]
[14:23:35.498] P-02 rel 0x11/78 B: byte 15: 0xF6→0xFA bit(s) [3]; byte 23: 0x04→0xF6 bit(s) [7]; byte 24: 0x19→0x18 bit(s) [0]
[14:23:35.513] P-02 rel 0x11/78 B: byte 17: 0x0B→0x07 bit(s) [3]
[14:23:35.528] P-02 rel 0x11/78 B: byte 19: 0x0C→0x10 bit(s) [4]
[14:23:35.543] P-02 rel 0x11/78 B: byte 15: 0xFA→0xF4 bit(s) [3]
[14:23:35.587] P-02 rel 0x11/78 B: byte 15: 0xF4→0xEB bit(s) [3, 4]; byte 17: 0x03→0xFE bit(s) [3, 4, 5, 6, 7]; byte 18: 0x00→0xFF bit(s) [0, 1, 2, 3, 4, 5, 6, 7]; byte 23: 0xCA→0x10 bit(s) [7]; byte 24: 0x18→0x19 bit(s) [0]
[14:23:35.603] P-02 rel 0x11/78 B: byte 15: 0xEB→0xE1 bit(s) [3]; byte 17: 0xFE→0x02 bit(s) [3, 4, 5, 6, 7]; byte 18: 0xFF→0x00 bit(s) [0, 1, 2, 3, 4, 5, 6, 7]; byte 23: 0x10→0xDE bit(s) [7]; byte 24: 0x19→0x18 bit(s) [0]; byte 26: 0x0C→0x0B bit(s) [0]
[14:23:35.618] P-02 rel 0x11/78 B: byte 15: 0xE1→0xEB bit(s) [3]; byte 19: 0x12→0x0C bit(s) [4]; byte 23: 0xDE→0x14 bit(s) [7]; byte 24: 0x18→0x19 bit(s) [0]
[14:23:35.633] P-02 rel 0x11/78 B: byte 15: 0xEB→0xF4 bit(s) [3, 4]; byte 26: 0x0B→0x0C bit(s) [0]
[14:23:35.648] P-02 rel 0x11/78 B: byte 17: 0x06→0x09 bit(s) [3]
[14:23:35.663] P-02 rel 0x11/78 B: byte 15: 0xF0→0xFC bit(s) [3]; byte 26: 0x0C→0x0B bit(s) [0]
[14:23:35.678] P-02 rel 0x11/78 B: byte 23: 0x0C→0xFE bit(s) [7]; byte 24: 0x19→0x18 bit(s) [0]; byte 26: 0x0B→0x0C bit(s) [0]
[14:23:36.008]      … 19 linha(s) suprimida(s) neste segundo
[14:23:36.008] P-02 rel 0x11/78 B: byte 15: 0xFD→0x01 bit(s) [3, 4, 5, 6, 7]; byte 16: 0xFF→0x00 bit(s) [0, 1, 2, 3, 4, 5, 6, 7]; byte 26: 0x0C→0x0B bit(s) [0]
[14:23:36.022] P-02 rel 0x11/78 B: byte 15: 0x01→0xFE bit(s) [3, 4, 5, 6, 7]; byte 16: 0x00→0xFF bit(s) [0, 1, 2, 3, 4, 5, 6, 7]; byte 19: 0x0D→0x14 bit(s) [4]
[14:23:36.053] P-02 rel 0x11/78 B: byte 23: 0xE6→0x04 bit(s) [7]; byte 24: 0x18→0x19 bit(s) [0]; byte 26: 0x0B→0x0C bit(s) [0]
[14:23:36.068] P-02 rel 0x11/78 B: byte 15: 0xF9→0xF7 bit(s) [3]; byte 23: 0x04→0xF2 bit(s) [7]; byte 24: 0x19→0x18 bit(s) [0]; byte 26: 0x0C→0x0B bit(s) [0]
[14:23:36.083] P-02 rel 0x11/78 B: byte 23: 0xF2→0x10 bit(s) [7]; byte 24: 0x18→0x19 bit(s) [0]; byte 26: 0x0B→0x0C bit(s) [0]
[14:23:36.098] P-02 rel 0x11/78 B: byte 23: 0x10→0xEE bit(s) [7]; byte 24: 0x19→0x18 bit(s) [0]
[14:23:36.127] P-02 rel 0x11/78 B: byte 26: 0x0C→0x0B bit(s) [0]
[14:23:36.143] P-02 rel 0x11/78 B: byte 15: 0xF5→0xFF bit(s) [3]; byte 19: 0x10→0x0C bit(s) [4]; byte 26: 0x0B→0x0C bit(s) [0]
[14:23:36.158] P-02 rel 0x11/78 B: byte 15: 0xFF→0x00 bit(s) [3, 4, 5, 6, 7]; byte 16: 0xFF→0x00 bit(s) [0, 1, 2, 3, 4, 5, 6, 7]; byte 23: 0xEA→0x0E bit(s) [7]; byte 24: 0x18→0x19 bit(s) [0]; byte 26: 0x0C→0x0B bit(s) [0]
[14:23:36.173] P-02 rel 0x11/78 B: byte 23: 0x0E→0xF0 bit(s) [7]; byte 24: 0x19→0x18 bit(s) [0]
[14:23:36.188] P-02 rel 0x11/78 B: byte 19: 0x00→0xFE bit(s) [4, 5, 6, 7]; byte 20: 0x00→0xFF bit(s) [0, 1, 2, 3, 4, 5, 6, 7]
[14:23:36.203] P-02 rel 0x11/78 B: byte 19: 0xFE→0x01 bit(s) [4, 5, 6, 7]; byte 20: 0xFF→0x00 bit(s) [0, 1, 2, 3, 4, 5, 6, 7]
[14:23:36.218] P-02 rel 0x11/78 B: byte 15: 0x05→0xFC bit(s) [3, 4, 5, 6, 7]; byte 16: 0x00→0xFF bit(s) [0, 1, 2, 3, 4, 5, 6, 7]; byte 17: 0x05→0x08 bit(s) [3]
[14:23:36.263] P-02 rel 0x11/78 B: byte 15: 0xFC→0x00 bit(s) [3, 4, 5, 6, 7]; byte 16: 0xFF→0x00 bit(s) [0, 1, 2, 3, 4, 5, 6, 7]; byte 17: 0x08→0x06 bit(s) [3]; byte 26: 0x0B→0x0C bit(s) [0]
[14:23:36.291] P-02 rel 0x11/78 B: byte 15: 0x00→0xFA bit(s) [3, 4, 5, 6, 7]; byte 16: 0x00→0xFF bit(s) [0, 1, 2, 3, 4, 5, 6, 7]; byte 26: 0x0C→0x0B bit(s) [0]
[14:23:36.308] P-02 rel 0x11/78 B: byte 15: 0xFA→0xF4 bit(s) [3]
[14:23:36.353] P-02 rel 0x11/78 B: byte 15: 0xF7→0xEC bit(s) [3, 4]
[14:23:36.368] P-02 rel 0x11/78 B: byte 23: 0xFC→0x0C bit(s) [7]; byte 24: 0x18→0x19 bit(s) [0]; byte 26: 0x0B→0x0C bit(s) [0]
[14:23:36.383] P-02 rel 0x11/78 B: byte 15: 0xEA→0xF3 bit(s) [3, 4]; byte 23: 0x0C→0xF6 bit(s) [7]; byte 24: 0x19→0x18 bit(s) [0]
[14:23:36.398] P-02 rel 0x11/78 B: byte 15: 0xF3→0x19 bit(s) [3, 5, 6, 7]; byte 16: 0xFF→0x00 bit(s) [0, 1, 2, 3, 4, 5, 6, 7]; byte 23: 0xF6→0x0E bit(s) [7]; byte 24: 0x18→0x19 bit(s) [0]
[14:23:36.413] P-02 rel 0x11/78 B: byte 15: 0x19→0x16 bit(s) [3]; byte 17: 0x00→0x09 bit(s) [3]; byte 21: 0xCC→0x00 bit(s) [7]; byte 22: 0xF9→0xFA bit(s) [0, 1]; byte 26: 0x0C→0x0B bit(s) [0]
[14:23:36.428] P-02 rel 0x11/78 B: byte 15: 0x16→0xF7 bit(s) [5, 6, 7]; byte 16: 0x00→0xFF bit(s) [0, 1, 2, 3, 4, 5, 6, 7]; byte 19: 0x03→0xFE bit(s) [4, 5, 6, 7]; byte 20: 0x00→0xFF bit(s) [0, 1, 2, 3, 4, 5, 6, 7]; byte 21: 0x00→0xD6 bit(s) [7]; byte 22: 0xFA→0xF9 bit(s) [0, 1]; byte 23: 0x2A→0xB0 bit(s) [7]; byte 24: 0x19→0x18 bit(s) [0]
[14:23:36.443] P-02 rel 0x11/78 B: byte 15: 0xF7→0x04 bit(s) [4, 5, 6, 7]; byte 16: 0xFF→0x00 bit(s) [0, 1, 2, 3, 4, 5, 6, 7]; byte 23: 0xB0→0x0A bit(s) [7]; byte 24: 0x18→0x19 bit(s) [0]; byte 26: 0x0B→0x0C bit(s) [0]
[14:23:36.458] P-02 rel 0x11/78 B: byte 17: 0x08→0x07 bit(s) [3]; byte 23: 0x0A→0xC6 bit(s) [7]; byte 24: 0x19→0x18 bit(s) [0]; byte 26: 0x0C→0x0B bit(s) [0]
[14:23:36.473] P-02 rel 0x11/78 B: byte 15: 0x07→0x0C bit(s) [3]
[14:23:36.488] P-02 rel 0x11/78 B: byte 19: 0xFE→0x01 bit(s) [4, 5, 6, 7]; byte 20: 0xFF→0x00 bit(s) [0, 1, 2, 3, 4, 5, 6, 7]; byte 23: 0xCE→0x04 bit(s) [7]; byte 24: 0x18→0x19 bit(s) [0]
[14:23:36.503] P-02 rel 0x11/78 B: byte 15: 0x08→0x04 bit(s) [3]; byte 21: 0xEE→0x0A bit(s) [7]; byte 22: 0xF9→0xFA bit(s) [0, 1]
[14:23:36.534] P-02 rel 0x11/78 B: byte 15: 0x04→0xF6 bit(s) [4, 5, 6, 7]; byte 16: 0x00→0xFF bit(s) [0, 1, 2, 3, 4, 5, 6, 7]; byte 17: 0x06→0x08 bit(s) [3]; byte 19: 0x0E→0x14 bit(s) [4]; byte 23: 0x16→0xEC bit(s) [7]; byte 24: 0x19→0x18 bit(s) [0]
[14:23:36.548] P-02 rel 0x11/78 B: byte 15: 0xF6→0x04 bit(s) [4, 5, 6, 7]; byte 16: 0xFF→0x00 bit(s) [0, 1, 2, 3, 4, 5, 6, 7]; byte 19: 0x14→0x0E bit(s) [4]; byte 21: 0x06→0xA2 bit(s) [7]; byte 22: 0xFA→0xF9 bit(s) [0, 1]; byte 23: 0xEC→0x6E bit(s) [7]
[14:23:36.563] P-02 rel 0x11/78 B: byte 15: 0x04→0x08 bit(s) [3]; byte 17: 0x0A→0x05 bit(s) [3]
[14:23:36.578] P-02 rel 0x11/78 B: byte 15: 0x08→0xF4 bit(s) [3, 4, 5, 6, 7]; byte 16: 0x00→0xFF bit(s) [0, 1, 2, 3, 4, 5, 6, 7]; byte 19: 0x02→0xFF bit(s) [4, 5, 6, 7]; byte 20: 0x00→0xFF bit(s) [0, 1, 2, 3, 4, 5, 6, 7]; byte 23: 0x5E→0xD2 bit(s) [7]; byte 26: 0x0B→0x0C bit(s) [0]
[14:23:36.593] P-02 rel 0x11/78 B: byte 23: 0xD2→0x02 bit(s) [7]; byte 24: 0x18→0x19 bit(s) [0]; byte 26: 0x0C→0x0B bit(s) [0]
[14:23:36.608] P-02 rel 0x11/78 B: byte 15: 0xF0→0x0C bit(s) [3, 4, 5, 6, 7]; byte 16: 0xFF→0x00 bit(s) [0, 1, 2, 3, 4, 5, 6, 7]; byte 19: 0xFD→0x00 bit(s) [4, 5, 6, 7]; byte 20: 0xFF→0x00 bit(s) [0, 1, 2, 3, 4, 5, 6, 7]
[14:23:36.623] P-02 rel 0x11/78 B: byte 15: 0x0C→0x39 bit(s) [4, 5]; byte 19: 0x00→0xFC bit(s) [4, 5, 6, 7]; byte 20: 0x00→0xFF bit(s) [0, 1, 2, 3, 4, 5, 6, 7]; byte 23: 0x32→0xCA bit(s) [7]; byte 24: 0x19→0x18 bit(s) [0]
[14:23:36.638] P-02 rel 0x11/78 B: byte 15: 0x39→0x32 bit(s) [3]; byte 21: 0xEE→0x0A bit(s) [7]; byte 22: 0xF9→0xFA bit(s) [0, 1]
[14:23:36.653] P-02 rel 0x11/78 B: byte 15: 0x32→0x12 bit(s) [5]; byte 21: 0x0A→0xF4 bit(s) [7]; byte 22: 0xFA→0xF9 bit(s) [0, 1]
[14:23:36.668] P-02 rel 0x11/78 B: byte 15: 0x12→0x0B bit(s) [3, 4]
[14:23:36.683] P-02 rel 0x11/78 B: byte 15: 0x0B→0x18 bit(s) [4]; byte 23: 0xAC→0x70 bit(s) [7]
[14:23:36.698] P-02 rel 0x11/78 B: byte 15: 0x18→0x2C bit(s) [4, 5]; byte 23: 0x70→0xCA bit(s) [7]
[14:23:36.713] P-02 rel 0x11/78 B: byte 15: 0x2C→0x38 bit(s) [4]
[14:23:36.758] P-01 botão "Button B" [buttonB]: PRESSIONADO
[14:23:36.788] P-01 botão "Button B" [buttonB]: solto
[14:23:36.848] P-01 botão "Button B" [buttonB]: PRESSIONADO
[14:23:36.893] P-01 botão "Button B" [buttonB]: solto
[14:23:36.938] P-01 botão "Button B" [buttonB]: PRESSIONADO
[14:23:36.983] P-01 botão "Button B" [buttonB]: solto
[14:23:37.013]      … 19 linha(s) suprimida(s) neste segundo
[14:23:37.013] P-02 rel 0x11/78 B: byte 15: 0xBB→0xEB bit(s) [4, 6]; byte 19: 0x43→0x33 bit(s) [4, 5, 6]; byte 21: 0x94→0x3A bit(s) [7]; byte 23: 0xE0→0x24 bit(s) [7]; byte 24: 0x19→0x18 bit(s) [0]; byte 26: 0x0C→0x0B bit(s) [0]
[14:23:37.028] P-02 rel 0x11/78 B: byte 15: 0xEB→0xF2 bit(s) [3, 4]; byte 19: 0x33→0x23 bit(s) [4]; byte 23: 0x24→0x8C bit(s) [7]
[14:23:37.043] P-02 rel 0x11/78 B: byte 15: 0xF2→0xD9 bit(s) [3, 5]; byte 19: 0x23→0x16 bit(s) [4, 5]; byte 21: 0x7E→0x88 bit(s) [7]; byte 23: 0x8C→0x78 bit(s) [7]
[14:23:37.058] P-02 rel 0x11/78 B: byte 15: 0xD9→0xD1 bit(s) [3]; byte 19: 0x16→0x0E bit(s) [4]
[14:23:37.087] P-02 rel 0x11/78 B: byte 15: 0xD1→0xE3 bit(s) [4, 5]; byte 23: 0x78→0xB6 bit(s) [7]
[14:23:37.103] P-02 rel 0x11/78 B: byte 15: 0xE3→0xF0 bit(s) [4]
[14:23:37.118] P-02 rel 0x11/78 B: byte 19: 0x02→0xFF bit(s) [4, 5, 6, 7]; byte 20: 0x00→0xFF bit(s) [0, 1, 2, 3, 4, 5, 6, 7]
[14:23:37.133] P-02 rel 0x11/78 B: byte 15: 0xF2→0x01 bit(s) [4, 5, 6, 7]; byte 16: 0xFF→0x00 bit(s) [0, 1, 2, 3, 4, 5, 6, 7]
[14:23:37.148] P-02 rel 0x11/78 B: byte 19: 0xFC→0x04 bit(s) [4, 5, 6, 7]; byte 20: 0xFF→0x00 bit(s) [0, 1, 2, 3, 4, 5, 6, 7]
[14:23:37.177] P-02 rel 0x11/78 B: byte 15: 0x06→0xFE bit(s) [3, 4, 5, 6, 7]; byte 16: 0x00→0xFF bit(s) [0, 1, 2, 3, 4, 5, 6, 7]
[14:23:37.208] P-02 rel 0x11/78 B: byte 15: 0xF8→0xF3 bit(s) [3]
[14:23:37.223] P-02 rel 0x11/78 B: byte 15: 0xF3→0xF9 bit(s) [3]
[14:23:37.268] P-02 rel 0x11/78 B: byte 15: 0xFA→0xEE bit(s) [4]; byte 17: 0x03→0xFF bit(s) [3, 4, 5, 6, 7]; byte 18: 0x00→0xFF bit(s) [0, 1, 2, 3, 4, 5, 6, 7]; byte 19: 0x0F→0x12 bit(s) [4]
[14:23:37.283] P-02 rel 0x11/78 B: byte 17: 0xFF→0x02 bit(s) [3, 4, 5, 6, 7]; byte 18: 0xFF→0x00 bit(s) [0, 1, 2, 3, 4, 5, 6, 7]
[14:23:37.298] P-02 rel 0x11/78 B: byte 17: 0x02→0xFF bit(s) [3, 4, 5, 6, 7]; byte 18: 0x00→0xFF bit(s) [0, 1, 2, 3, 4, 5, 6, 7]; byte 19: 0x10→0x0F bit(s) [4]
[14:23:37.313] P-02 rel 0x11/78 B: byte 15: 0xEA→0xF1 bit(s) [3, 4]; byte 17: 0xFF→0x00 bit(s) [3, 4, 5, 6, 7]; byte 18: 0xFF→0x00 bit(s) [0, 1, 2, 3, 4, 5, 6, 7]
[14:23:37.328] P-02 rel 0x11/78 B: byte 17: 0x00→0xFF bit(s) [3, 4, 5, 6, 7]; byte 18: 0x00→0xFF bit(s) [0, 1, 2, 3, 4, 5, 6, 7]; byte 21: 0xE0→0x10 bit(s) [7]; byte 22: 0xF9→0xFA bit(s) [0, 1]
[14:23:37.343] P-02 rel 0x11/78 B: byte 17: 0xFF→0x03 bit(s) [3, 4, 5, 6, 7]; byte 18: 0xFF→0x00 bit(s) [0, 1, 2, 3, 4, 5, 6, 7]; byte 21: 0x10→0xFE bit(s) [7]; byte 22: 0xFA→0xF9 bit(s) [0, 1]
[14:23:37.358] P-02 rel 0x11/78 B: byte 15: 0xF5→0xFB bit(s) [3]
[14:23:37.374] P-02 rel 0x11/78 B: byte 17: 0x05→0x09 bit(s) [3]
[14:23:37.403] P-02 rel 0x11/78 B: byte 15: 0xF8→0xF5 bit(s) [3]; byte 17: 0x08→0x04 bit(s) [3]; byte 19: 0x01→0xFB bit(s) [4, 5, 6, 7]; byte 20: 0x00→0xFF bit(s) [0, 1, 2, 3, 4, 5, 6, 7]
[14:23:37.448] P-02 rel 0x11/78 B: byte 15: 0xF3→0xF9 bit(s) [3]
[14:23:37.463] P-02 rel 0x11/78 B: byte 19: 0xFF→0x01 bit(s) [4, 5, 6, 7]; byte 20: 0xFF→0x00 bit(s) [0, 1, 2, 3, 4, 5, 6, 7]
[14:23:37.478] P-02 rel 0x11/78 B: byte 15: 0xF9→0xF0 bit(s) [3]
[14:23:37.493] P-02 rel 0x11/78 B: byte 15: 0xF0→0xFA bit(s) [3]
[14:23:37.508] P-02 rel 0x11/78 B: byte 15: 0xFA→0xF1 bit(s) [3]
[14:23:37.523] P-02 rel 0x11/78 B: byte 15: 0xF1→0xEA bit(s) [3, 4]
[14:23:37.538] P-02 rel 0x11/78 B: byte 15: 0xEA→0xF0 bit(s) [3, 4]
[14:23:37.644] P-02 rel 0x11/78 B: byte 15: 0xF7→0xF8 bit(s) [3]; byte 19: 0x03→0xFF bit(s) [4, 5, 6, 7]; byte 20: 0x00→0xFF bit(s) [0, 1, 2, 3, 4, 5, 6, 7]
[14:23:37.673] P-02 rel 0x11/78 B: byte 15: 0xF8→0xF5 bit(s) [3]
[14:23:37.688] P-02 rel 0x11/78 B: byte 19: 0xFD→0x05 bit(s) [4, 5, 6, 7]; byte 20: 0xFF→0x00 bit(s) [0, 1, 2, 3, 4, 5, 6, 7]
[14:23:37.733] P-02 rel 0x11/78 B: byte 15: 0xF0→0xF9 bit(s) [3]
[14:23:37.748] P-02 rel 0x11/78 B: byte 19: 0x0E→0x14 bit(s) [4]
[14:23:37.807] P-02 rel 0x11/78 B: byte 15: 0xF8→0xF3 bit(s) [3]
[14:23:37.853] P-02 rel 0x11/78 B: byte 19: 0x10→0x0F bit(s) [4]
[14:23:37.883] P-02 rel 0x11/78 B: byte 17: 0x05→0x09 bit(s) [3]
[14:23:37.898] P-02 rel 0x11/78 B: byte 15: 0xF3→0xEF bit(s) [3, 4]; byte 17: 0x09→0x04 bit(s) [3]
[14:23:37.913] P-02 rel 0x11/78 B: byte 15: 0xEF→0xD7 bit(s) [3, 4, 5]; byte 17: 0x04→0x0B bit(s) [3]; byte 21: 0xB8→0x06 bit(s) [7]; byte 22: 0xF9→0xFA bit(s) [0, 1]
[14:23:37.928] P-02 rel 0x11/78 B: byte 17: 0x0B→0x00 bit(s) [3]; byte 21: 0x06→0xD2 bit(s) [7]; byte 22: 0xFA→0xF9 bit(s) [0, 1]; byte 26: 0x0B→0x0C bit(s) [0]
[14:23:37.943] P-02 rel 0x11/78 B: byte 15: 0xD2→0xF2 bit(s) [5]; byte 19: 0x0F→0x13 bit(s) [4]; byte 23: 0xE8→0x08 bit(s) [7]; byte 24: 0x18→0x19 bit(s) [0]; byte 26: 0x0C→0x0B bit(s) [0]
[14:23:38.003]      … 3 linha(s) suprimida(s) neste segundo
[14:23:38.003] P-02 rel 0x11/78 B: byte 15: 0xD7→0xDD bit(s) [3]
[14:23:38.018] P-02 rel 0x11/78 B: byte 15: 0xDD→0xE5 bit(s) [3, 4, 5]; byte 17: 0x00→0xFD bit(s) [3, 4, 5, 6, 7]; byte 18: 0x00→0xFF bit(s) [0, 1, 2, 3, 4, 5, 6, 7]; byte 21: 0x10→0xFA bit(s) [7]; byte 22: 0xFA→0xF9 bit(s) [0, 1]
[14:23:38.033] P-02 rel 0x11/78 B: byte 15: 0xE5→0xE9 bit(s) [3]
[14:23:38.048] P-02 rel 0x11/78 B: byte 15: 0xE9→0xE4 bit(s) [3]
[14:23:38.063] P-02 rel 0x11/78 B: byte 15: 0xE4→0xEB bit(s) [3]
[14:23:38.078] P-02 rel 0x11/78 B: byte 15: 0xEB→0xF8 bit(s) [4]; byte 17: 0xFF→0x00 bit(s) [3, 4, 5, 6, 7]; byte 18: 0xFF→0x00 bit(s) [0, 1, 2, 3, 4, 5, 6, 7]
[14:23:38.093] P-02 rel 0x11/78 B: byte 15: 0xF8→0x04 bit(s) [3, 4, 5, 6, 7]; byte 16: 0xFF→0x00 bit(s) [0, 1, 2, 3, 4, 5, 6, 7]
[14:23:38.108] P-02 rel 0x11/78 B: byte 19: 0x12→0x0D bit(s) [4]
[14:23:38.123] P-02 rel 0x11/78 B: byte 15: 0x01→0xFE bit(s) [3, 4, 5, 6, 7]; byte 16: 0x00→0xFF bit(s) [0, 1, 2, 3, 4, 5, 6, 7]
[14:23:38.138] P-02 rel 0x11/78 B: byte 15: 0xFE→0x01 bit(s) [3, 4, 5, 6, 7]; byte 16: 0xFF→0x00 bit(s) [0, 1, 2, 3, 4, 5, 6, 7]; byte 17: 0x02→0xFD bit(s) [3, 4, 5, 6, 7]; byte 18: 0x00→0xFF bit(s) [0, 1, 2, 3, 4, 5, 6, 7]
[14:23:38.153] P-02 rel 0x11/78 B: byte 17: 0xFD→0x00 bit(s) [3, 4, 5, 6, 7]; byte 18: 0xFF→0x00 bit(s) [0, 1, 2, 3, 4, 5, 6, 7]
[14:23:38.168] P-02 rel 0x11/78 B: byte 15: 0x00→0xF5 bit(s) [4, 5, 6, 7]; byte 16: 0x00→0xFF bit(s) [0, 1, 2, 3, 4, 5, 6, 7]; byte 21: 0xEE→0x2A bit(s) [7]; byte 22: 0xF9→0xFA bit(s) [0, 1]
[14:23:38.183] P-02 rel 0x11/78 B: byte 15: 0xF5→0xEF bit(s) [3, 4]; byte 19: 0x0F→0x10 bit(s) [4]
[14:23:38.198] P-02 rel 0x11/78 B: byte 15: 0xEF→0xF1 bit(s) [3, 4]; byte 19: 0x10→0x0F bit(s) [4]
[14:23:38.227] P-02 rel 0x11/78 B: byte 19: 0x0F→0x11 bit(s) [4]
[14:23:38.243] P-02 rel 0x11/78 B: byte 21: 0x02→0xF0 bit(s) [7]; byte 22: 0xFA→0xF9 bit(s) [0, 1]
[14:23:38.258] P-02 rel 0x11/78 B: byte 21: 0xF0→0x1C bit(s) [7]; byte 22: 0xF9→0xFA bit(s) [0, 1]
[14:23:38.303] P-02 rel 0x11/78 B: byte 15: 0xF0→0xEB bit(s) [3, 4]; byte 21: 0x0C→0xE8 bit(s) [7]; byte 22: 0xFA→0xF9 bit(s) [0, 1]
[14:23:38.319] P-02 rel 0x11/78 B: byte 15: 0xEB→0xF2 bit(s) [3, 4]; byte 19: 0x12→0x0F bit(s) [4]; byte 21: 0xE8→0x06 bit(s) [7]; byte 22: 0xF9→0xFA bit(s) [0, 1]; byte 23: 0xD6→0x02 bit(s) [7]; byte 24: 0x18→0x19 bit(s) [0]
[14:23:38.334] P-02 rel 0x11/78 B: byte 15: 0xF2→0xFC bit(s) [3]; byte 21: 0x06→0xFA bit(s) [7]; byte 22: 0xFA→0xF9 bit(s) [0, 1]; byte 23: 0x02→0xC6 bit(s) [7]; byte 24: 0x19→0x18 bit(s) [0]
[14:23:38.363] P-02 rel 0x11/78 B: byte 15: 0xFD→0x01 bit(s) [3, 4, 5, 6, 7]; byte 16: 0xFF→0x00 bit(s) [0, 1, 2, 3, 4, 5, 6, 7]; byte 19: 0x01→0xFE bit(s) [4, 5, 6, 7]; byte 20: 0x00→0xFF bit(s) [0, 1, 2, 3, 4, 5, 6, 7]
[14:23:38.393] P-02 rel 0x11/78 B: byte 21: 0xFA→0x18 bit(s) [7]; byte 22: 0xF9→0xFA bit(s) [0, 1]
[14:23:38.408] P-02 rel 0x11/78 B: byte 17: 0x06→0x08 bit(s) [3]
[14:23:38.423] P-02 rel 0x11/78 B: byte 17: 0x08→0x07 bit(s) [3]; byte 19: 0xFE→0x00 bit(s) [4, 5, 6, 7]; byte 20: 0xFF→0x00 bit(s) [0, 1, 2, 3, 4, 5, 6, 7]
[14:23:38.439] P-02 rel 0x11/78 B: byte 17: 0x07→0x0A bit(s) [3]
[14:23:38.455] P-02 rel 0x11/78 B: byte 15: 0x07→0x0D bit(s) [3]
[14:23:38.483] P-02 rel 0x11/78 B: byte 15: 0x09→0x06 bit(s) [3]
[14:23:38.498] P-02 rel 0x11/78 B: byte 15: 0x06→0xFD bit(s) [3, 4, 5, 6, 7]; byte 16: 0x00→0xFF bit(s) [0, 1, 2, 3, 4, 5, 6, 7]; byte 21: 0x0E→0xEE bit(s) [7]; byte 22: 0xFA→0xF9 bit(s) [0, 1]; byte 23: 0xA0→0x74 bit(s) [7]
[14:23:38.513] P-02 rel 0x11/78 B: byte 17: 0x09→0x07 bit(s) [3]; byte 23: 0x74→0x9C bit(s) [7]
[14:23:38.528] P-02 rel 0x11/78 B: byte 15: 0xFB→0xF1 bit(s) [3]; byte 21: 0xF2→0x20 bit(s) [7]; byte 22: 0xF9→0xFA bit(s) [0, 1]
[14:23:38.543] P-02 rel 0x11/78 B: byte 15: 0xF1→0xEF bit(s) [3, 4]
[14:23:38.558] P-02 rel 0x11/78 B: byte 15: 0xEF→0xF0 bit(s) [3, 4]; byte 17: 0x05→0x09 bit(s) [3]
[14:23:38.588] P-02 rel 0x11/78 B: byte 15: 0xF4→0xFB bit(s) [3]
[14:23:38.619] P-02 rel 0x11/78 B: byte 21: 0x08→0xE2 bit(s) [7]; byte 22: 0xFA→0xF9 bit(s) [0, 1]
[14:23:38.634] P-02 rel 0x11/78 B: byte 15: 0xFA→0xF6 bit(s) [3]; byte 17: 0x08→0x07 bit(s) [3]
[14:23:38.648] P-02 rel 0x11/78 B: byte 21: 0xEA→0x00 bit(s) [7]; byte 22: 0xF9→0xFA bit(s) [0, 1]
[14:23:38.663] P-02 rel 0x11/78 B: byte 21: 0x00→0xE2 bit(s) [7]; byte 22: 0xFA→0xF9 bit(s) [0, 1]
[14:23:38.693] P-02 rel 0x11/78 B: byte 21: 0xF2→0x00 bit(s) [7]; byte 22: 0xF9→0xFA bit(s) [0, 1]
[14:23:38.722] P-02 rel 0x11/78 B: byte 15: 0xF3→0xEF bit(s) [3, 4]; byte 21: 0x00→0xFE bit(s) [7]; byte 22: 0xFA→0xF9 bit(s) [0, 1]
[14:23:38.738] P-02 rel 0x11/78 B: byte 17: 0x04→0xFF bit(s) [3, 4, 5, 6, 7]; byte 18: 0x00→0xFF bit(s) [0, 1, 2, 3, 4, 5, 6, 7]; byte 21: 0xFE→0x02 bit(s) [7]; byte 22: 0xF9→0xFA bit(s) [0, 1]
[14:23:39.008]      … 8 linha(s) suprimida(s) neste segundo
[14:23:39.008] P-02 rel 0x11/78 B: byte 15: 0xE6→0xEB bit(s) [3]
[14:23:39.023] P-02 rel 0x11/78 B: byte 15: 0xEB→0xF2 bit(s) [3, 4]
[14:23:39.053] P-02 rel 0x11/78 B: byte 21: 0x00→0xF6 bit(s) [7]; byte 22: 0xFA→0xF9 bit(s) [0, 1]
[14:23:39.098] P-02 rel 0x11/78 B: byte 19: 0x01→0xFD bit(s) [4, 5, 6, 7]; byte 20: 0x00→0xFF bit(s) [0, 1, 2, 3, 4, 5, 6, 7]
[14:23:39.113] P-02 rel 0x11/78 B: byte 15: 0xF6→0xFA bit(s) [3]; byte 23: 0xA2→0x7E bit(s) [7]
[14:23:39.128] P-02 rel 0x11/78 B: byte 23: 0x7E→0xCA bit(s) [7]
[14:23:39.144] P-02 rel 0x11/78 B: byte 15: 0xFD→0xF6 bit(s) [3]; byte 19: 0xFB→0x01 bit(s) [4, 5, 6, 7]; byte 20: 0xFF→0x00 bit(s) [0, 1, 2, 3, 4, 5, 6, 7]
[14:23:39.158] P-02 rel 0x11/78 B: byte 21: 0xFE→0x26 bit(s) [7]; byte 22: 0xF9→0xFA bit(s) [0, 1]
[14:23:39.220] P-02 rel 0x11/78 B: byte 19: 0x0B→0x11 bit(s) [4]; byte 21: 0x12→0xFE bit(s) [7]; byte 22: 0xFA→0xF9 bit(s) [0, 1]
[14:23:39.234] P-02 rel 0x11/78 B: byte 19: 0x11→0x0E bit(s) [4]; byte 21: 0xFE→0x10 bit(s) [7]; byte 22: 0xF9→0xFA bit(s) [0, 1]
[14:23:39.248] P-02 rel 0x11/78 B: byte 21: 0x10→0xFA bit(s) [7]; byte 22: 0xFA→0xF9 bit(s) [0, 1]
[14:23:39.277] P-02 rel 0x11/78 B: byte 21: 0xFA→0x0A bit(s) [7]; byte 22: 0xF9→0xFA bit(s) [0, 1]
[14:23:39.308] P-02 rel 0x11/78 B: byte 21: 0x1C→0xFC bit(s) [7]; byte 22: 0xFA→0xF9 bit(s) [0, 1]
[14:23:39.323] P-02 rel 0x11/78 B: byte 15: 0xF7→0xF9 bit(s) [3]; byte 19: 0x02→0xFF bit(s) [4, 5, 6, 7]; byte 20: 0x00→0xFF bit(s) [0, 1, 2, 3, 4, 5, 6, 7]
[14:23:39.338] P-02 rel 0x11/78 B: byte 21: 0xF8→0x02 bit(s) [7]; byte 22: 0xF9→0xFA bit(s) [0, 1]
[14:23:39.353] P-02 rel 0x11/78 B: byte 19: 0xFE→0x01 bit(s) [4, 5, 6, 7]; byte 20: 0xFF→0x00 bit(s) [0, 1, 2, 3, 4, 5, 6, 7]; byte 21: 0x02→0xEA bit(s) [7]; byte 22: 0xFA→0xF9 bit(s) [0, 1]
[14:23:39.443] P-02 rel 0x11/78 B: byte 21: 0xDE→0x0A bit(s) [7]; byte 22: 0xF9→0xFA bit(s) [0, 1]
[14:23:39.473] P-02 rel 0x11/78 B: byte 19: 0x0E→0x11 bit(s) [4]; byte 21: 0x06→0xE4 bit(s) [7]; byte 22: 0xFA→0xF9 bit(s) [0, 1]
[14:23:39.503] P-02 rel 0x11/78 B: byte 15: 0xF8→0xF7 bit(s) [3]; byte 17: 0x01→0xFE bit(s) [3, 4, 5, 6, 7]; byte 18: 0x00→0xFF bit(s) [0, 1, 2, 3, 4, 5, 6, 7]
[14:23:39.518] P-02 rel 0x11/78 B: byte 15: 0xF7→0xFB bit(s) [3]; byte 19: 0x10→0x0E bit(s) [4]
[14:23:39.533] P-02 rel 0x11/78 B: byte 17: 0xFD→0x01 bit(s) [3, 4, 5, 6, 7]; byte 18: 0xFF→0x00 bit(s) [0, 1, 2, 3, 4, 5, 6, 7]; byte 21: 0xFA→0x00 bit(s) [7]; byte 22: 0xF9→0xFA bit(s) [0, 1]
[14:23:39.578] P-02 rel 0x11/78 B: byte 15: 0xF9→0xF7 bit(s) [3]
[14:23:39.593] P-02 rel 0x11/78 B: byte 15: 0xF7→0xFD bit(s) [3]; byte 23: 0xD0→0x12 bit(s) [7]; byte 24: 0x18→0x19 bit(s) [0]
[14:23:39.608] P-02 rel 0x11/78 B: byte 15: 0xFD→0x05 bit(s) [3, 4, 5, 6, 7]; byte 16: 0xFF→0x00 bit(s) [0, 1, 2, 3, 4, 5, 6, 7]; byte 21: 0x0E→0xFE bit(s) [7]; byte 22: 0xFA→0xF9 bit(s) [0, 1]; byte 23: 0x12→0xBA bit(s) [7]; byte 24: 0x19→0x18 bit(s) [0]
[14:23:39.623] P-02 rel 0x11/78 B: byte 15: 0x05→0xFF bit(s) [3, 4, 5, 6, 7]; byte 16: 0x00→0xFF bit(s) [0, 1, 2, 3, 4, 5, 6, 7]; byte 21: 0xFE→0x14 bit(s) [7]; byte 22: 0xF9→0xFA bit(s) [0, 1]
[14:23:39.668] P-02 rel 0x11/78 B: byte 21: 0x02→0xFE bit(s) [7]; byte 22: 0xFA→0xF9 bit(s) [0, 1]
[14:23:39.698] P-02 rel 0x11/78 B: byte 19: 0x0C→0x10 bit(s) [4]
[14:23:39.728] P-02 rel 0x11/78 B: byte 15: 0xFC→0x00 bit(s) [3, 4, 5, 6, 7]; byte 16: 0xFF→0x00 bit(s) [0, 1, 2, 3, 4, 5, 6, 7]
[14:23:39.743] P-02 rel 0x11/78 B: byte 15: 0x00→0x0A bit(s) [3]
[14:23:39.758] P-02 rel 0x11/78 B: byte 15: 0x0A→0x18 bit(s) [4]; byte 21: 0xF8→0x1E bit(s) [7]; byte 22: 0xF9→0xFA bit(s) [0, 1]
[14:23:39.773] P-02 rel 0x11/78 B: byte 15: 0x18→0x34 bit(s) [3, 5]; byte 17: 0x02→0xFF bit(s) [3, 4, 5, 6, 7]; byte 18: 0x00→0xFF bit(s) [0, 1, 2, 3, 4, 5, 6, 7]
[14:23:39.788] P-02 rel 0x11/78 B: byte 15: 0x34→0x4D bit(s) [3, 4, 5, 6]; byte 19: 0x1D→0x24 bit(s) [4, 5]
[14:23:39.803] P-02 rel 0x11/78 B: byte 15: 0x4D→0x24 bit(s) [3, 5, 6]; byte 17: 0xFF→0x06 bit(s) [3, 4, 5, 6, 7]; byte 18: 0xFF→0x00 bit(s) [0, 1, 2, 3, 4, 5, 6, 7]
[14:23:39.819] P-02 rel 0x11/78 B: byte 15: 0x24→0x55 bit(s) [4, 5, 6]; byte 17: 0x06→0xFF bit(s) [3, 4, 5, 6, 7]; byte 18: 0x00→0xFF bit(s) [0, 1, 2, 3, 4, 5, 6, 7]; byte 19: 0x21→0x32 bit(s) [4]; byte 21: 0x50→0xC8 bit(s) [7]; byte 22: 0xFA→0xF9 bit(s) [0, 1]
[14:23:39.833] P-02 rel 0x11/78 B: byte 15: 0x55→0x4A bit(s) [3, 4]; byte 21: 0xC8→0x30 bit(s) [7]; byte 22: 0xF9→0xFA bit(s) [0, 1]
[14:23:39.848] P-02 rel 0x11/78 B: byte 15: 0x4A→0x59 bit(s) [4]; byte 23: 0xD6→0x38 bit(s) [7]; byte 24: 0x18→0x19 bit(s) [0]
[14:23:39.863] P-02 rel 0x11/78 B: byte 15: 0x59→0x9B bit(s) [6, 7]; byte 17: 0xF9→0xF7 bit(s) [3]; byte 19: 0x39→0x56 bit(s) [5, 6]
[14:23:39.878] P-02 rel 0x11/78 B: byte 15: 0x9B→0xD3 bit(s) [3, 6]; byte 19: 0x56→0x70 bit(s) [5]
[14:23:39.893] P-02 rel 0x11/78 B: byte 15: 0xD3→0x62 bit(s) [4, 5, 7]; byte 16: 0x00→0x01 bit(s) [0]; byte 17: 0xF7→0x00 bit(s) [4, 5, 6, 7]; byte 18: 0xFF→0x00 bit(s) [0, 1, 2, 3, 4, 5, 6, 7]; byte 19: 0x70→0x88 bit(s) [4, 5, 6, 7]; byte 23: 0x70→0x86 bit(s) [7]
[14:23:39.908] P-02 rel 0x11/78 B: byte 15: 0x62→0xFE bit(s) [3, 4, 7]; byte 17: 0x00→0x19 bit(s) [3, 4]; byte 19: 0x88→0xA3 bit(s) [5]; byte 21: 0x44→0x88 bit(s) [7]; byte 22: 0xFA→0xF9 bit(s) [0, 1]; byte 23: 0x86→0x06 bit(s) [7]; byte 26: 0x0B→0x0C bit(s) [0]
[14:23:40.013]      … 6 linha(s) suprimida(s) neste segundo
[14:23:40.013] P-02 rel 0x11/78 B: byte 15: 0x17→0xDA bit(s) [3, 6, 7]; byte 16: 0x02→0x01 bit(s) [0, 1]; byte 19: 0x6B→0x52 bit(s) [4, 5]; byte 21: 0x4E→0x8E bit(s) [7]; byte 23: 0xAE→0x36 bit(s) [7]
[14:23:40.028] P-02 rel 0x11/78 B: byte 15: 0xDA→0xAB bit(s) [4, 5, 6]; byte 19: 0x52→0x35 bit(s) [5, 6]; byte 21: 0x8E→0x7C bit(s) [7]; byte 23: 0x36→0xDE bit(s) [7]; byte 24: 0x16→0x15 bit(s) [0, 1]
[14:23:40.043] P-02 rel 0x11/78 B: byte 15: 0xAB→0x72 bit(s) [3, 4, 6, 7]; byte 17: 0xF3→0xEC bit(s) [3, 4]; byte 19: 0x35→0x1F bit(s) [5]; byte 21: 0x7C→0xAA bit(s) [7]; byte 23: 0xDE→0x68 bit(s) [7]; byte 26: 0x09→0x08 bit(s) [0]
[14:23:40.058] P-02 rel 0x11/78 B: byte 15: 0x72→0x60 bit(s) [4]; byte 19: 0x1F→0x08 bit(s) [4]
[14:23:40.073] P-02 rel 0x11/78 B: byte 15: 0x60→0x4A bit(s) [3, 5]; byte 19: 0x08→0xF0 bit(s) [4, 5, 6, 7]; byte 20: 0x00→0xFF bit(s) [0, 1, 2, 3, 4, 5, 6, 7]
[14:23:40.088] P-02 rel 0x11/78 B: byte 15: 0x4A→0x1A bit(s) [4, 6]; byte 17: 0xEB→0xFA bit(s) [4]; byte 19: 0xF0→0xEB bit(s) [4]; byte 23: 0x0A→0xFC bit(s) [7]; byte 24: 0x15→0x14 bit(s) [0]
[14:23:40.103] P-02 rel 0x11/78 B: byte 15: 0x1A→0xCC bit(s) [4, 6, 7]; byte 16: 0x01→0x00 bit(s) [0]; byte 26: 0x08→0x07 bit(s) [0]
[14:23:40.118] P-02 rel 0x11/78 B: byte 15: 0xCC→0x9F bit(s) [4, 6]; byte 17: 0xFB→0x01 bit(s) [3, 4, 5, 6, 7]; byte 18: 0xFF→0x00 bit(s) [0, 1, 2, 3, 4, 5, 6, 7]; byte 19: 0xE2→0xDC bit(s) [4, 5]; byte 21: 0x88→0x5A bit(s) [7]; byte 26: 0x07→0x08 bit(s) [0]
[14:23:40.133] P-02 rel 0x11/78 B: byte 15: 0x9F→0x73 bit(s) [3, 5, 6, 7]; byte 17: 0x01→0xFC bit(s) [3, 4, 5, 6, 7]; byte 18: 0x00→0xFF bit(s) [0, 1, 2, 3, 4, 5, 6, 7]
[14:23:40.148] P-02 rel 0x11/78 B: byte 15: 0x73→0x66 bit(s) [4]; byte 17: 0xFC→0xF2 bit(s) [3]; byte 19: 0xD6→0xC8 bit(s) [4]; byte 21: 0x68→0xC2 bit(s) [7]; byte 23: 0xDA→0x18 bit(s) [7]; byte 24: 0x14→0x15 bit(s) [0]
[14:23:40.163] P-02 rel 0x11/78 B: byte 15: 0x66→0x78 bit(s) [3, 4]; byte 23: 0x18→0xBA bit(s) [7]; byte 26: 0x08→0x07 bit(s) [0]
[14:23:40.178] P-02 rel 0x11/78 B: byte 15: 0x78→0x83 bit(s) [3, 4, 5, 6, 7]
[14:23:40.193] P-02 rel 0x11/78 B: byte 15: 0x83→0xA4 bit(s) [5]; byte 17: 0xF6→0xF8 bit(s) [3]; byte 19: 0xCE→0xDF bit(s) [4]; byte 21: 0xAE→0x66 bit(s) [7]; byte 26: 0x07→0x08 bit(s) [0]
[14:23:40.208] P-02 rel 0x11/78 B: byte 15: 0xA4→0x0E bit(s) [3, 5, 7]; byte 16: 0x00→0x01 bit(s) [0]; byte 19: 0xDF→0xE9 bit(s) [4, 5]
[14:23:40.223] P-02 rel 0x11/78 B: byte 15: 0x0E→0x2B bit(s) [5]; byte 17: 0xFD→0x01 bit(s) [3, 4, 5, 6, 7]; byte 18: 0xFF→0x00 bit(s) [0, 1, 2, 3, 4, 5, 6, 7]; byte 19: 0xE9→0x06 bit(s) [5, 6, 7]; byte 20: 0xFF→0x00 bit(s) [0, 1, 2, 3, 4, 5, 6, 7]
[14:23:40.238] P-02 rel 0x11/78 B: byte 15: 0x2B→0x1D bit(s) [4, 5]; byte 17: 0x01→0xFA bit(s) [3, 4, 5, 6, 7]; byte 18: 0x00→0xFF bit(s) [0, 1, 2, 3, 4, 5, 6, 7]; byte 19: 0x06→0x1F bit(s) [4]; byte 21: 0x5C→0xC4 bit(s) [7]; byte 23: 0xF6→0x7C bit(s) [7]
[14:23:40.253] P-02 rel 0x11/78 B: byte 15: 0x1D→0x05 bit(s) [3, 4]; byte 17: 0xFA→0xF2 bit(s) [3]; byte 19: 0x1F→0x33 bit(s) [5]; byte 23: 0x7C→0xB6 bit(s) [7]; byte 24: 0x15→0x14 bit(s) [0]; byte 26: 0x08→0x07 bit(s) [0]
[14:23:40.268] P-02 rel 0x11/78 B: byte 15: 0x05→0xE8 bit(s) [3, 5, 6, 7]; byte 16: 0x01→0x00 bit(s) [0]; byte 23: 0xB6→0x68 bit(s) [7]
[14:23:40.283] P-02 rel 0x11/78 B: byte 15: 0xE8→0xD7 bit(s) [3, 4, 5]; byte 17: 0xF7→0xFB bit(s) [3]
[14:23:40.298] P-02 rel 0x11/78 B: byte 15: 0xD7→0xDF bit(s) [3]; byte 17: 0xFB→0x09 bit(s) [4, 5, 6, 7]; byte 18: 0xFF→0x00 bit(s) [0, 1, 2, 3, 4, 5, 6, 7]; byte 19: 0x35→0x2D bit(s) [4]; byte 21: 0x84→0x58 bit(s) [7]
[14:23:40.327] P-02 rel 0x11/78 B: byte 15: 0xDF→0xE5 bit(s) [3, 4, 5]; byte 17: 0x09→0x13 bit(s) [3, 4]; byte 19: 0x2D→0x34 bit(s) [4]; byte 21: 0x58→0xB0 bit(s) [7]
[14:23:40.343] P-02 rel 0x11/78 B: byte 15: 0xE5→0xBC bit(s) [3, 4, 6]; byte 17: 0x13→0x07 bit(s) [4]; byte 26: 0x07→0x06 bit(s) [0]
[14:23:40.358] P-02 rel 0x11/78 B: byte 15: 0xBC→0x7C bit(s) [6, 7]; byte 21: 0xBE→0x5C bit(s) [7]; byte 23: 0x26→0x98 bit(s) [7]; byte 24: 0x14→0x13 bit(s) [0, 1, 2]
[14:23:40.373] P-02 rel 0x11/78 B: byte 15: 0x7C→0x83 bit(s) [3, 4, 5, 6, 7]; byte 19: 0x39→0x25 bit(s) [4]
[14:23:40.402] P-02 rel 0x11/78 B: byte 15: 0x83→0x7B bit(s) [3, 4, 5, 6, 7]; byte 19: 0x25→0x1C bit(s) [4, 5]; byte 21: 0x76→0x82 bit(s) [7]; byte 23: 0xDE→0x16 bit(s) [7]; byte 24: 0x13→0x14 bit(s) [0, 1, 2]; byte 26: 0x06→0x07 bit(s) [0]
[14:23:40.418] P-02 rel 0x11/78 B: byte 15: 0x7B→0x5A bit(s) [5]; byte 23: 0x16→0xDC bit(s) [7]; byte 24: 0x14→0x13 bit(s) [0, 1, 2]; byte 26: 0x07→0x06 bit(s) [0]
[14:23:40.433] P-02 rel 0x11/78 B: byte 15: 0x5A→0x43 bit(s) [3, 4]; byte 19: 0x13→0x0F bit(s) [4]; byte 26: 0x06→0x07 bit(s) [0]
[14:23:40.448] P-02 rel 0x11/78 B: byte 15: 0x43→0xEF bit(s) [3, 5, 7]; byte 16: 0x00→0xFF bit(s) [0, 1, 2, 3, 4, 5, 6, 7]; byte 17: 0x05→0x0B bit(s) [3]; byte 19: 0x0F→0xFD bit(s) [4, 5, 6, 7]; byte 20: 0x00→0xFF bit(s) [0, 1, 2, 3, 4, 5, 6, 7]; byte 21: 0x92→0x66 bit(s) [7]
[14:23:40.464] P-02 rel 0x11/78 B: byte 15: 0xEF→0x0A bit(s) [5, 6, 7]; byte 16: 0xFF→0x00 bit(s) [0, 1, 2, 3, 4, 5, 6, 7]; byte 23: 0xE8→0x3C bit(s) [7]; byte 24: 0x13→0x14 bit(s) [0, 1, 2]
[14:23:40.478] P-02 rel 0x11/78 B: byte 15: 0x0A→0x26 bit(s) [3, 5]; byte 19: 0xFB→0x02 bit(s) [4, 5, 6, 7]; byte 20: 0xFF→0x00 bit(s) [0, 1, 2, 3, 4, 5, 6, 7]; byte 21: 0x1C→0x82 bit(s) [7]
[14:23:40.493] P-02 rel 0x11/78 B: byte 17: 0x09→0x05 bit(s) [3]; byte 26: 0x07→0x06 bit(s) [0]
[14:23:40.509] P-02 rel 0x11/78 B: byte 15: 0x22→0x0A bit(s) [3, 5]; byte 21: 0x90→0x62 bit(s) [7]; byte 23: 0x00→0xDE bit(s) [7]; byte 24: 0x14→0x13 bit(s) [0, 1, 2]
[14:23:40.523] P-02 rel 0x11/78 B: byte 15: 0x0A→0x19 bit(s) [4]; byte 23: 0xDE→0x3A bit(s) [7]; byte 24: 0x13→0x14 bit(s) [0, 1, 2]; byte 26: 0x06→0x07 bit(s) [0]
[14:23:40.538] P-02 rel 0x11/78 B: byte 15: 0x19→0x41 bit(s) [3, 4, 6]; byte 21: 0x74→0xAE bit(s) [7]; byte 23: 0x3A→0xF8 bit(s) [7]; byte 24: 0x14→0x13 bit(s) [0, 1, 2]
[14:23:40.553] P-02 rel 0x11/78 B: byte 15: 0x41→0x7C bit(s) [3, 4, 5]; byte 17: 0x02→0xFB bit(s) [3, 4, 5, 6, 7]; byte 18: 0x00→0xFF bit(s) [0, 1, 2, 3, 4, 5, 6, 7]; byte 26: 0x07→0x06 bit(s) [0]
[14:23:40.568] P-02 rel 0x11/78 B: byte 15: 0x7C→0xC5 bit(s) [3, 4, 5, 7]; byte 24: 0x13→0x15 bit(s) [1, 2]
[14:23:40.583] P-02 rel 0x11/78 B: byte 15: 0xC5→0xCE bit(s) [3]; byte 17: 0xF9→0xF4 bit(s) [3]; byte 24: 0x15→0x13 bit(s) [1, 2]
[14:23:40.598] P-02 rel 0x11/78 B: byte 15: 0xCE→0xBB bit(s) [4, 5, 6]; byte 19: 0x0F→0x16 bit(s) [4]
[14:23:40.613] P-02 rel 0x11/78 B: byte 15: 0xBB→0x7D bit(s) [6, 7]; byte 19: 0x16→0x20 bit(s) [4, 5]
[14:23:40.628] P-02 rel 0x11/78 B: byte 15: 0x7D→0x46 bit(s) [3, 4, 5]; byte 17: 0xF6→0xFE bit(s) [3]; byte 21: 0xF0→0x68 bit(s) [7]; byte 22: 0xFA→0xFB bit(s) [0]; byte 23: 0xBA→0x2C bit(s) [7]; byte 26: 0x06→0x05 bit(s) [0]
[14:23:41.003]      … 24 linha(s) suprimida(s) neste segundo
[14:23:41.003] P-02 rel 0x11/78 B: byte 15: 0x20→0xE7 bit(s) [6, 7]; byte 16: 0x00→0xFF bit(s) [0, 1, 2, 3, 4, 5, 6, 7]; byte 17: 0x49→0x1C bit(s) [4, 6]; byte 19: 0xEE→0x04 bit(s) [5, 6, 7]; byte 20: 0xFF→0x00 bit(s) [0, 1, 2, 3, 4, 5, 6, 7]; byte 22: 0xF9→0xFA bit(s) [0, 1]
[14:23:41.018] P-02 rel 0x11/78 B: byte 15: 0xE7→0xFA bit(s) [3, 4]; byte 17: 0x1C→0xFA bit(s) [5, 6, 7]; byte 18: 0x00→0xFF bit(s) [0, 1, 2, 3, 4, 5, 6, 7]; byte 23: 0xC8→0x06 bit(s) [7]; byte 24: 0x12→0x13 bit(s) [0]; byte 26: 0x06→0x05 bit(s) [0]
[14:23:41.033] P-02 rel 0x11/78 B: byte 15: 0xFA→0xBF bit(s) [6]; byte 19: 0x0C→0xF7 bit(s) [4, 5, 6, 7]; byte 20: 0x00→0xFF bit(s) [0, 1, 2, 3, 4, 5, 6, 7]; byte 23: 0x06→0xE0 bit(s) [7]
[14:23:41.049] P-02 rel 0x11/78 B: byte 15: 0xBF→0xC0 bit(s) [3, 4, 5, 6]; byte 17: 0xFA→0x24 bit(s) [3, 4, 6, 7]; byte 18: 0xFF→0x00 bit(s) [0, 1, 2, 3, 4, 5, 6, 7]; byte 19: 0xF7→0x08 bit(s) [4, 5, 6, 7]; byte 20: 0xFF→0x00 bit(s) [0, 1, 2, 3, 4, 5, 6, 7]; byte 22: 0xFA→0xFB bit(s) [0]; byte 26: 0x05→0x06 bit(s) [0]
[14:23:41.063] P-02 rel 0x11/78 B: byte 15: 0xC0→0x0C bit(s) [3, 6, 7]; byte 16: 0xFF→0x00 bit(s) [0, 1, 2, 3, 4, 5, 6, 7]; byte 17: 0x24→0x52 bit(s) [4, 5, 6]; byte 19: 0x08→0x13 bit(s) [4]; byte 22: 0xFB→0xFA bit(s) [0]; byte 26: 0x06→0x07 bit(s) [0]
[14:23:41.078] P-02 rel 0x11/78 B: byte 15: 0x0C→0xEE bit(s) [5, 6, 7]; byte 16: 0x00→0xFF bit(s) [0, 1, 2, 3, 4, 5, 6, 7]; byte 19: 0x13→0x03 bit(s) [4]; byte 21: 0x0C→0xF6 bit(s) [7]; byte 22: 0xFA→0xF9 bit(s) [0, 1]
[14:23:41.093] P-02 rel 0x11/78 B: byte 15: 0xEE→0xDF bit(s) [4, 5]; byte 19: 0x03→0xF6 bit(s) [4, 5, 6, 7]; byte 20: 0x00→0xFF bit(s) [0, 1, 2, 3, 4, 5, 6, 7]
[14:23:41.108] P-02 rel 0x11/78 B: byte 15: 0xDF→0xFF bit(s) [5]; byte 17: 0x53→0x4D bit(s) [3, 4]; byte 24: 0x13→0x14 bit(s) [0, 1, 2]
[14:23:41.123] P-02 rel 0x11/78 B: byte 15: 0xFF→0x55 bit(s) [3, 5, 7]; byte 16: 0xFF→0x00 bit(s) [0, 1, 2, 3, 4, 5, 6, 7]; byte 17: 0x4D→0x1B bit(s) [4, 6]; byte 19: 0xF6→0x16 bit(s) [5, 6, 7]; byte 20: 0xFF→0x00 bit(s) [0, 1, 2, 3, 4, 5, 6, 7]; byte 26: 0x07→0x06 bit(s) [0]
[14:23:41.138] P-02 rel 0x11/78 B: byte 15: 0x55→0x87 bit(s) [4, 6, 7]; byte 17: 0x1B→0x05 bit(s) [3, 4]; byte 19: 0x16→0x2F bit(s) [4, 5]; byte 24: 0x14→0x13 bit(s) [0, 1, 2]
[14:23:41.153] P-02 rel 0x11/78 B: byte 15: 0x87→0x56 bit(s) [4, 6, 7]; byte 17: 0x05→0xF3 bit(s) [4, 5, 6, 7]; byte 18: 0x00→0xFF bit(s) [0, 1, 2, 3, 4, 5, 6, 7]
[14:23:41.168] P-02 rel 0x11/78 B: byte 15: 0x56→0x38 bit(s) [3, 5, 6]; byte 17: 0xF3→0x04 bit(s) [4, 5, 6, 7]; byte 18: 0xFF→0x00 bit(s) [0, 1, 2, 3, 4, 5, 6, 7]; byte 22: 0xF9→0xFA bit(s) [0, 1]; byte 23: 0xE2→0x2C bit(s) [7]; byte 24: 0x13→0x14 bit(s) [0, 1, 2]
[14:23:41.197] P-02 rel 0x11/78 B: byte 15: 0x38→0x8F bit(s) [4, 5, 7]; byte 17: 0x04→0x0E bit(s) [3]; byte 19: 0x28→0x48 bit(s) [5, 6]; byte 21: 0xDA→0x7C bit(s) [7]; byte 24: 0x14→0x13 bit(s) [0, 1, 2]
[14:23:41.213] P-02 rel 0x11/78 B: byte 15: 0x8F→0x70 bit(s) [3, 4, 5, 6, 7]; byte 17: 0x0E→0x13 bit(s) [3, 4]; byte 21: 0x7C→0x82 bit(s) [7]
[14:23:41.228] P-02 rel 0x11/78 B: byte 15: 0x70→0x3B bit(s) [3, 6]; byte 17: 0x13→0x0D bit(s) [3, 4]; byte 19: 0x43→0x3A bit(s) [4, 5, 6]; byte 21: 0x82→0x42 bit(s) [7]
[14:23:41.243] P-02 rel 0x11/78 B: byte 15: 0x3B→0x1F bit(s) [5]; byte 17: 0x0D→0x06 bit(s) [3]; byte 19: 0x3A→0x2A bit(s) [4]; byte 23: 0x34→0xA6 bit(s) [7]
[14:23:41.258] P-02 rel 0x11/78 B: byte 15: 0x1F→0x2E bit(s) [4, 5]; byte 17: 0x06→0x1B bit(s) [3, 4]; byte 19: 0x2A→0x18 bit(s) [4, 5]; byte 23: 0xA6→0x06 bit(s) [7]; byte 24: 0x13→0x14 bit(s) [0, 1, 2]; byte 26: 0x06→0x07 bit(s) [0]
[14:23:41.273] P-02 rel 0x11/78 B: byte 17: 0x1B→0x2E bit(s) [4, 5]; byte 19: 0x18→0x0A bit(s) [4]; byte 23: 0x06→0xD0 bit(s) [7]; byte 24: 0x14→0x13 bit(s) [0, 1, 2]; byte 26: 0x07→0x06 bit(s) [0]
[14:23:41.288] P-02 rel 0x11/78 B: byte 15: 0x2A→0x0F bit(s) [5]; byte 21: 0x62→0xDC bit(s) [7]; byte 22: 0xFA→0xF9 bit(s) [0, 1]; byte 23: 0xD0→0x26 bit(s) [7]
[14:23:41.303] P-02 rel 0x11/78 B: byte 15: 0x0F→0xD8 bit(s) [4, 6, 7]; byte 16: 0x00→0xFF bit(s) [0, 1, 2, 3, 4, 5, 6, 7]; byte 17: 0x2F→0x30 bit(s) [3, 4]; byte 21: 0xDC→0x4A bit(s) [7]; byte 22: 0xF9→0xFA bit(s) [0, 1]; byte 23: 0x26→0xD8 bit(s) [7]; byte 24: 0x13→0x12 bit(s) [0]
[14:23:41.318] P-02 rel 0x11/78 B: byte 15: 0xD8→0xAF bit(s) [4, 5, 6]; byte 19: 0x0B→0xF9 bit(s) [4, 5, 6, 7]; byte 20: 0x00→0xFF bit(s) [0, 1, 2, 3, 4, 5, 6, 7]; byte 21: 0x4A→0xCC bit(s) [7]; byte 22: 0xFA→0xF9 bit(s) [0, 1]
[14:23:41.333] P-02 rel 0x11/78 B: byte 15: 0xAF→0x76 bit(s) [3, 4, 6, 7]; byte 19: 0xF9→0xD9 bit(s) [5]; byte 21: 0xCC→0x72 bit(s) [7]; byte 23: 0xD6→0x2E bit(s) [7]; byte 24: 0x12→0x13 bit(s) [0]
[14:23:41.377] P-02 rel 0x11/78 B: byte 15: 0x76→0x85 bit(s) [4, 5, 6, 7]; byte 17: 0x35→0x1E bit(s) [3, 5]; byte 21: 0x72→0xEE bit(s) [7]; byte 23: 0x2E→0xD4 bit(s) [7]
[14:23:41.393] P-02 rel 0x11/78 B: byte 15: 0x85→0xDE bit(s) [3, 4, 6]; byte 22: 0xF9→0xFA bit(s) [0, 1]; byte 23: 0xD4→0x4C bit(s) [7]; byte 24: 0x13→0x14 bit(s) [0, 1, 2]
[14:23:41.408] P-02 rel 0x11/78 B: byte 15: 0xDE→0x1A bit(s) [6, 7]; byte 16: 0xFF→0x00 bit(s) [0, 1, 2, 3, 4, 5, 6, 7]; byte 17: 0x1D→0x2C bit(s) [4, 5]; byte 22: 0xFA→0xF9 bit(s) [0, 1]
[14:23:41.423] P-02 rel 0x11/78 B: byte 15: 0x1A→0xF5 bit(s) [3, 5, 6, 7]; byte 16: 0x00→0xFF bit(s) [0, 1, 2, 3, 4, 5, 6, 7]; byte 17: 0x2C→0x1A bit(s) [4, 5]; byte 19: 0xDE→0xE6 bit(s) [4, 5]; byte 22: 0xF9→0xFA bit(s) [0, 1]; byte 24: 0x14→0x13 bit(s) [0, 1, 2]; byte 26: 0x06→0x07 bit(s) [0]
[14:23:41.438] P-02 rel 0x11/78 B: byte 17: 0x1A→0x00 bit(s) [3, 4]; byte 19: 0xE6→0xF4 bit(s) [4]; byte 21: 0xB6→0x3A bit(s) [7]; byte 26: 0x07→0x06 bit(s) [0]
[14:23:41.453] P-02 rel 0x11/78 B: byte 17: 0x00→0xF4 bit(s) [4, 5, 6, 7]; byte 18: 0x00→0xFF bit(s) [0, 1, 2, 3, 4, 5, 6, 7]; byte 19: 0xF4→0x03 bit(s) [4, 5, 6, 7]; byte 20: 0xFF→0x00 bit(s) [0, 1, 2, 3, 4, 5, 6, 7]; byte 21: 0x3A→0x9E bit(s) [7]
[14:23:41.468] P-02 rel 0x11/78 B: byte 17: 0xF4→0xED bit(s) [3, 4]; byte 19: 0x03→0x18 bit(s) [4]
[14:23:41.483] P-02 rel 0x11/78 B: byte 17: 0xED→0xF2 bit(s) [3, 4]; byte 19: 0x18→0x24 bit(s) [4, 5]
[14:23:41.498] P-02 rel 0x11/78 B: byte 15: 0xF5→0xFB bit(s) [3]; byte 17: 0xF2→0xFD bit(s) [3]
[14:23:41.513] P-02 rel 0x11/78 B: byte 17: 0xFD→0x01 bit(s) [3, 4, 5, 6, 7]; byte 18: 0xFF→0x00 bit(s) [0, 1, 2, 3, 4, 5, 6, 7]; byte 19: 0x25→0x1D bit(s) [4, 5]
[14:23:41.528] P-02 rel 0x11/78 B: byte 17: 0x01→0x0E bit(s) [3]; byte 21: 0x90→0x78 bit(s) [7]
[14:23:41.543] P-02 rel 0x11/78 B: byte 15: 0xFA→0xEC bit(s) [4]; byte 17: 0x0E→0x15 bit(s) [3, 4]; byte 23: 0x72→0xA8 bit(s) [7]
[14:23:41.558] P-02 rel 0x11/78 B: byte 15: 0xEC→0xF0 bit(s) [3, 4]; byte 19: 0x10→0x0E bit(s) [4]; byte 26: 0x06→0x07 bit(s) [0]
[14:23:41.573] P-02 rel 0x11/78 B: byte 15: 0xF0→0x09 bit(s) [3, 4, 5, 6, 7]; byte 16: 0xFF→0x00 bit(s) [0, 1, 2, 3, 4, 5, 6, 7]; byte 17: 0x14→0x0C bit(s) [3, 4]; byte 19: 0x0E→0x12 bit(s) [4]; byte 26: 0x07→0x06 bit(s) [0]
[14:23:41.588] P-02 rel 0x11/78 B: byte 15: 0x09→0x12 bit(s) [3, 4]; byte 17: 0x0C→0x04 bit(s) [3]; byte 19: 0x12→0x0F bit(s) [4]; byte 21: 0x32→0xEE bit(s) [7]; byte 22: 0xFA→0xF9 bit(s) [0, 1]
[14:23:41.603] P-02 rel 0x11/78 B: byte 15: 0x12→0x25 bit(s) [4, 5]; byte 19: 0x0F→0x1A bit(s) [4]; byte 21: 0xEE→0x3A bit(s) [7]; byte 22: 0xF9→0xFA bit(s) [0, 1]
[14:23:41.663] P-02 rel 0x11/78 B: byte 23: 0x84→0x72 bit(s) [7]
[14:23:41.693] P-02 rel 0x11/78 B: byte 15: 0x25→0xEF bit(s) [3, 6, 7]; byte 16: 0x00→0xFF bit(s) [0, 1, 2, 3, 4, 5, 6, 7]; byte 17: 0x06→0xF8 bit(s) [3, 4, 5, 6, 7]; byte 18: 0x00→0xFF bit(s) [0, 1, 2, 3, 4, 5, 6, 7]; byte 19: 0x14→0x03 bit(s) [4]; byte 21: 0x4A→0x8A bit(s) [7]
[14:23:42.008]      … 20 linha(s) suprimida(s) neste segundo
[14:23:42.008] P-02 rel 0x11/78 B: byte 15: 0x8D→0x56 bit(s) [3, 4, 6, 7]; byte 17: 0x81→0x97 bit(s) [4]; byte 19: 0xE6→0xC1 bit(s) [5]; byte 21: 0x6E→0xAE bit(s) [7]; byte 23: 0x30→0x9A bit(s) [7]
[14:23:42.023] P-02 rel 0x11/78 B: byte 15: 0x56→0x13 bit(s) [6]; byte 17: 0x97→0xD8 bit(s) [3, 6]; byte 19: 0xC1→0x74 bit(s) [4, 5, 7]; byte 21: 0xAE→0x30 bit(s) [7]; byte 26: 0x05→0x06 bit(s) [0]
[14:23:42.038] P-02 rel 0x11/78 B: byte 15: 0x13→0xE1 bit(s) [4, 5, 6, 7]; byte 16: 0x00→0xFF bit(s) [0, 1, 2, 3, 4, 5, 6, 7]; byte 17: 0xD8→0x02 bit(s) [3, 4, 6, 7]; byte 18: 0xFF→0x00 bit(s) [0, 1, 2, 3, 4, 5, 6, 7]; byte 19: 0x74→0x40 bit(s) [4, 5]; byte 23: 0x92→0x3E bit(s) [7]
[14:23:42.053] P-02 rel 0x11/78 B: byte 15: 0xE1→0x99 bit(s) [3, 4, 5, 6]; byte 17: 0x02→0x30 bit(s) [4, 5]; byte 19: 0x40→0xFD bit(s) [4, 5, 7]; byte 20: 0x00→0xFF bit(s) [0, 1, 2, 3, 4, 5, 6, 7]; byte 21: 0x22→0xFE bit(s) [7]; byte 22: 0xFB→0xFA bit(s) [0]
[14:23:42.068] P-02 rel 0x11/78 B: byte 15: 0x99→0x5B bit(s) [6, 7]; byte 17: 0x30→0x4E bit(s) [3, 4, 5, 6]; byte 19: 0xFD→0xC4 bit(s) [4, 5]; byte 23: 0x34→0xF0 bit(s) [7]
[14:23:42.083] P-02 rel 0x11/78 B: byte 15: 0x5B→0x36 bit(s) [3, 5, 6]; byte 17: 0x4E→0x62 bit(s) [3, 5]; byte 19: 0xC4→0xA8 bit(s) [5, 6]; byte 21: 0x8C→0x1C bit(s) [7]; byte 23: 0xF0→0x5A bit(s) [7]; byte 24: 0x12→0x13 bit(s) [0]
[14:23:42.098] P-02 rel 0x11/78 B: byte 15: 0x36→0xFC bit(s) [3, 6, 7]; byte 16: 0xFF→0xFE bit(s) [0]; byte 17: 0x62→0x6B bit(s) [3]; byte 21: 0x1C→0xD8 bit(s) [7]; byte 22: 0xFA→0xF9 bit(s) [0, 1]
[14:23:42.113] P-02 rel 0x11/78 B: byte 15: 0xFC→0x97 bit(s) [3, 5, 6]; byte 23: 0x14→0xB0 bit(s) [7]; byte 24: 0x13→0x12 bit(s) [0]
[14:23:42.128] P-02 rel 0x11/78 B: byte 15: 0x97→0x7D bit(s) [3, 5, 6, 7]; byte 17: 0x6A→0x5E bit(s) [4, 5]; byte 19: 0xA0→0x9F bit(s) [4, 5]
[14:23:42.143] P-02 rel 0x11/78 B: byte 15: 0x7D→0xCF bit(s) [4, 5, 7]; byte 17: 0x5E→0x49 bit(s) [4]; byte 19: 0x9F→0x8B bit(s) [4]
[14:23:42.158] P-02 rel 0x11/78 B: byte 15: 0xCF→0x05 bit(s) [3, 6, 7]; byte 16: 0xFE→0xFF bit(s) [0]; byte 17: 0x49→0x3C bit(s) [4, 5, 6]; byte 21: 0xEC→0x2E bit(s) [7]; byte 22: 0xF9→0xFA bit(s) [0, 1]; byte 24: 0x12→0x13 bit(s) [0]
[14:23:42.173] P-02 rel 0x11/78 B: byte 15: 0x05→0x4D bit(s) [3, 6]; byte 17: 0x3C→0x31 bit(s) [3]; byte 19: 0x8C→0x93 bit(s) [4]; byte 23: 0xCA→0x32 bit(s) [7]; byte 24: 0x13→0x14 bit(s) [0, 1, 2]
[14:23:42.188] P-02 rel 0x11/78 B: byte 15: 0x4D→0x99 bit(s) [4, 6, 7]; byte 17: 0x31→0x21 bit(s) [4]; byte 21: 0x6C→0x94 bit(s) [7]; byte 23: 0x32→0xA0 bit(s) [7]
[14:23:42.203] P-02 rel 0x11/78 B: byte 15: 0x99→0xBD bit(s) [5]; byte 17: 0x21→0x1D bit(s) [3, 4, 5]; byte 19: 0x9C→0xAE bit(s) [4, 5]; byte 23: 0xA0→0x2A bit(s) [7]
[14:23:42.218] P-02 rel 0x11/78 B: byte 15: 0xBD→0xC4 bit(s) [3, 4, 5, 6]; byte 19: 0xAE→0xBC bit(s) [4]
[14:23:42.233] P-02 rel 0x11/78 B: byte 15: 0xC4→0xC8 bit(s) [3]; byte 17: 0x1D→0x17 bit(s) [3]; byte 19: 0xBC→0xD4 bit(s) [5, 6]; byte 23: 0x08→0xEA bit(s) [7]; byte 24: 0x14→0x13 bit(s) [0, 1, 2]
[14:23:42.248] P-02 rel 0x11/78 B: byte 19: 0xD4→0xE4 bit(s) [4, 5]; byte 21: 0xD0→0x50 bit(s) [7]; byte 22: 0xFA→0xFB bit(s) [0]
[14:23:42.263] P-02 rel 0x11/78 B: byte 15: 0xCC→0xDB bit(s) [4]; byte 17: 0x10→0x0B bit(s) [3, 4]; byte 19: 0xE4→0xF6 bit(s) [4]
[14:23:42.278] P-02 rel 0x11/78 B: byte 15: 0xDB→0xEC bit(s) [4, 5]; byte 19: 0xF6→0x02 bit(s) [4, 5, 6, 7]; byte 20: 0xFF→0x00 bit(s) [0, 1, 2, 3, 4, 5, 6, 7]
[14:23:42.293] P-02 rel 0x11/78 B: byte 15: 0xEC→0xFE bit(s) [4]; byte 23: 0xBC→0x72 bit(s) [7]
[14:23:42.308] P-02 rel 0x11/78 B: byte 17: 0x0F→0x13 bit(s) [3, 4]; byte 21: 0x30→0xEC bit(s) [7]; byte 22: 0xFB→0xFA bit(s) [0]
[14:23:42.323] P-02 rel 0x11/78 B: byte 15: 0xFC→0xE2 bit(s) [3, 4]; byte 17: 0x13→0x0F bit(s) [3, 4]
[14:23:42.338] P-02 rel 0x11/78 B: byte 15: 0xE2→0xCD bit(s) [3, 5]
[14:23:42.353] P-02 rel 0x11/78 B: byte 15: 0xCD→0xB4 bit(s) [3, 4, 5, 6]; byte 17: 0x0D→0x11 bit(s) [3, 4]; byte 19: 0x03→0xF4 bit(s) [4, 5, 6, 7]; byte 20: 0x00→0xFF bit(s) [0, 1, 2, 3, 4, 5, 6, 7]; byte 23: 0x52→0x88 bit(s) [7]
[14:23:42.368] P-02 rel 0x11/78 B: byte 15: 0xB4→0xB8 bit(s) [3]; byte 19: 0xF4→0xEB bit(s) [4]; byte 21: 0x94→0x3C bit(s) [7]; byte 26: 0x06→0x07 bit(s) [0]
[14:23:42.383] P-02 rel 0x11/78 B: byte 17: 0x15→0x0E bit(s) [3, 4]; byte 23: 0xEC→0x14 bit(s) [7]; byte 24: 0x13→0x14 bit(s) [0, 1, 2]; byte 26: 0x07→0x06 bit(s) [0]
[14:23:42.398] P-02 rel 0x11/78 B: byte 15: 0xBC→0xC8 bit(s) [4, 5, 6]; byte 21: 0x6E→0x8E bit(s) [7]
[14:23:42.427] P-02 rel 0x11/78 B: byte 15: 0xC8→0xDE bit(s) [4]; byte 17: 0x0C→0x12 bit(s) [3, 4]
[14:23:42.443] P-02 rel 0x11/78 B: byte 15: 0xDE→0xEE bit(s) [4, 5]; byte 26: 0x06→0x07 bit(s) [0]
[14:23:42.458] P-02 rel 0x11/78 B: byte 15: 0xEE→0xF6 bit(s) [3, 4]; byte 17: 0x11→0x0B bit(s) [3, 4]; byte 19: 0xEA→0xFA bit(s) [4]; byte 23: 0x4A→0xD8 bit(s) [7]; byte 24: 0x14→0x13 bit(s) [0, 1, 2]; byte 26: 0x07→0x06 bit(s) [0]
[14:23:42.473] P-02 rel 0x11/78 B: byte 15: 0xF6→0xEB bit(s) [3, 4]
[14:23:42.489] P-02 rel 0x11/78 B: byte 17: 0x08→0x07 bit(s) [3]; byte 21: 0xA8→0x6E bit(s) [7]; byte 26: 0x06→0x07 bit(s) [0]
[14:23:42.503] P-02 rel 0x11/78 B: byte 15: 0xEC→0xF2 bit(s) [3, 4]; byte 17: 0x07→0x0E bit(s) [3]; byte 26: 0x07→0x06 bit(s) [0]
[14:23:42.518] P-02 rel 0x11/78 B: byte 17: 0x0E→0x11 bit(s) [3, 4]
[14:23:42.534] P-02 rel 0x11/78 B: byte 17: 0x11→0x0F bit(s) [3, 4]; byte 19: 0xFD→0x07 bit(s) [4, 5, 6, 7]; byte 20: 0xFF→0x00 bit(s) [0, 1, 2, 3, 4, 5, 6, 7]
[14:23:42.548] P-02 rel 0x11/78 B: byte 19: 0x07→0x14 bit(s) [4]
[14:23:42.563] P-02 rel 0x11/78 B: byte 15: 0xF2→0xE8 bit(s) [3, 4]; byte 17: 0x0C→0x07 bit(s) [3]; byte 23: 0xF6→0x00 bit(s) [7]; byte 24: 0x13→0x14 bit(s) [0, 1, 2]
[14:23:42.578] P-02 rel 0x11/78 B: byte 15: 0xE8→0xDD bit(s) [4, 5]; byte 26: 0x06→0x07 bit(s) [0]
[14:23:42.593] P-02 rel 0x11/78 B: byte 17: 0x07→0x0A bit(s) [3]; byte 19: 0x12→0x0D bit(s) [4]
[14:23:42.608] P-02 rel 0x11/78 B: byte 15: 0xDC→0xE5 bit(s) [3, 4, 5]
[14:23:43.013]      … 23 linha(s) suprimida(s) neste segundo
[14:23:43.013] P-02 rel 0x11/78 B: byte 17: 0x0D→0x02 bit(s) [3]; byte 21: 0x52→0x8E bit(s) [7]; byte 26: 0x07→0x06 bit(s) [0]
[14:23:43.028] P-02 rel 0x11/78 B: byte 15: 0x05→0xF9 bit(s) [3, 4, 5, 6, 7]; byte 16: 0x00→0xFF bit(s) [0, 1, 2, 3, 4, 5, 6, 7]; byte 17: 0x02→0xFF bit(s) [3, 4, 5, 6, 7]; byte 18: 0x00→0xFF bit(s) [0, 1, 2, 3, 4, 5, 6, 7]; byte 23: 0x06→0xE6 bit(s) [7]; byte 24: 0x14→0x13 bit(s) [0, 1, 2]
[14:23:43.044] P-02 rel 0x11/78 B: byte 15: 0xF9→0xED bit(s) [4]; byte 17: 0xFF→0x00 bit(s) [3, 4, 5, 6, 7]; byte 18: 0xFF→0x00 bit(s) [0, 1, 2, 3, 4, 5, 6, 7]; byte 21: 0x92→0x7C bit(s) [7]; byte 23: 0xE6→0x04 bit(s) [7]; byte 24: 0x13→0x14 bit(s) [0, 1, 2]; byte 26: 0x06→0x07 bit(s) [0]
[14:23:43.058] P-02 rel 0x11/78 B: byte 21: 0x7C→0x86 bit(s) [7]
[14:23:43.074] P-02 rel 0x11/78 B: byte 15: 0xEE→0xF8 bit(s) [4]; byte 19: 0xFE→0x04 bit(s) [4, 5, 6, 7]; byte 20: 0xFF→0x00 bit(s) [0, 1, 2, 3, 4, 5, 6, 7]
[14:23:43.088] P-02 rel 0x11/78 B: byte 15: 0xF8→0xF6 bit(s) [3]; byte 21: 0x82→0x6C bit(s) [7]; byte 23: 0x0E→0xEC bit(s) [7]; byte 24: 0x14→0x13 bit(s) [0, 1, 2]
[14:23:43.104] P-02 rel 0x11/78 B: byte 15: 0xF6→0xED bit(s) [3, 4]; byte 21: 0x6C→0x84 bit(s) [7]; byte 26: 0x07→0x06 bit(s) [0]
[14:23:43.118] P-02 rel 0x11/78 B: byte 15: 0xED→0xDD bit(s) [4, 5]; byte 17: 0x02→0xFE bit(s) [3, 4, 5, 6, 7]; byte 18: 0x00→0xFF bit(s) [0, 1, 2, 3, 4, 5, 6, 7]
[14:23:43.133] P-02 rel 0x11/78 B: byte 15: 0xDD→0xD7 bit(s) [3]; byte 19: 0x0E→0x13 bit(s) [4]
[14:23:43.148] P-02 rel 0x11/78 B: byte 15: 0xD7→0xE5 bit(s) [4, 5]; byte 17: 0xFC→0x01 bit(s) [3, 4, 5, 6, 7]; byte 18: 0xFF→0x00 bit(s) [0, 1, 2, 3, 4, 5, 6, 7]; byte 19: 0x13→0x0F bit(s) [4]; byte 23: 0xF6→0x16 bit(s) [7]; byte 24: 0x13→0x14 bit(s) [0, 1, 2]; byte 26: 0x06→0x07 bit(s) [0]
[14:23:43.163] P-02 rel 0x11/78 B: byte 15: 0xE5→0xF6 bit(s) [4]; byte 19: 0x0F→0x13 bit(s) [4]; byte 21: 0x96→0x7A bit(s) [7]
[14:23:43.178] P-02 rel 0x11/78 B: byte 15: 0xF6→0xFA bit(s) [3]; byte 17: 0x06→0x09 bit(s) [3]; byte 19: 0x13→0x0F bit(s) [4]
[14:23:43.193] P-02 rel 0x11/78 B: byte 15: 0xFA→0xF4 bit(s) [3]
[14:23:43.223] P-02 rel 0x11/78 B: byte 15: 0xF7→0xFF bit(s) [3]; byte 21: 0x68→0x88 bit(s) [7]
[14:23:43.238] P-02 rel 0x11/78 B: byte 15: 0xFF→0x01 bit(s) [3, 4, 5, 6, 7]; byte 16: 0xFF→0x00 bit(s) [0, 1, 2, 3, 4, 5, 6, 7]; byte 21: 0x88→0x6A bit(s) [7]
[14:23:43.253] P-02 rel 0x11/78 B: byte 15: 0x01→0xF5 bit(s) [4, 5, 6, 7]; byte 16: 0x00→0xFF bit(s) [0, 1, 2, 3, 4, 5, 6, 7]; byte 17: 0x09→0x04 bit(s) [3]; byte 26: 0x07→0x06 bit(s) [0]
[14:23:43.268] P-02 rel 0x11/78 B: byte 15: 0xF5→0xEB bit(s) [3, 4]; byte 26: 0x06→0x07 bit(s) [0]
[14:23:43.283] P-02 rel 0x11/78 B: byte 15: 0xEB→0xF1 bit(s) [3, 4]; byte 21: 0x6A→0x94 bit(s) [7]; byte 23: 0x02→0xE4 bit(s) [7]; byte 24: 0x14→0x13 bit(s) [0, 1, 2]
[14:23:43.298] P-02 rel 0x11/78 B: byte 15: 0xF1→0xEC bit(s) [3, 4]; byte 21: 0x94→0x72 bit(s) [7]; byte 23: 0xE4→0x0E bit(s) [7]; byte 24: 0x13→0x14 bit(s) [0, 1, 2]; byte 26: 0x07→0x06 bit(s) [0]
[14:23:43.313] P-02 rel 0x11/78 B: byte 15: 0xEC→0xCD bit(s) [5]; byte 26: 0x06→0x07 bit(s) [0]
[14:23:43.328] P-02 rel 0x11/78 B: byte 15: 0xCD→0xED bit(s) [5]; byte 17: 0x00→0xF7 bit(s) [4, 5, 6, 7]; byte 18: 0x00→0xFF bit(s) [0, 1, 2, 3, 4, 5, 6, 7]; byte 19: 0x04→0x11 bit(s) [4]; byte 21: 0x4C→0xC0 bit(s) [7]
[14:23:43.343] P-02 rel 0x11/78 B: byte 15: 0xED→0x03 bit(s) [3, 5, 6, 7]; byte 16: 0xFF→0x00 bit(s) [0, 1, 2, 3, 4, 5, 6, 7]; byte 17: 0xF7→0xFD bit(s) [3]; byte 21: 0xC0→0x6C bit(s) [7]
[14:23:43.358] P-02 rel 0x11/78 B: byte 15: 0x03→0xF1 bit(s) [4, 5, 6, 7]; byte 16: 0x00→0xFF bit(s) [0, 1, 2, 3, 4, 5, 6, 7]; byte 19: 0x1E→0x24 bit(s) [4, 5]; byte 23: 0x24→0xE2 bit(s) [7]; byte 24: 0x14→0x13 bit(s) [0, 1, 2]
[14:23:43.373] P-02 rel 0x11/78 B: byte 15: 0xF1→0xE1 bit(s) [4]; byte 17: 0xFB→0xF1 bit(s) [3]; byte 23: 0xE2→0x2A bit(s) [7]; byte 24: 0x13→0x14 bit(s) [0, 1, 2]; byte 26: 0x07→0x06 bit(s) [0]
[14:23:43.388] P-02 rel 0x11/78 B: byte 15: 0xE1→0xD9 bit(s) [3, 4, 5]; byte 17: 0xF1→0xE9 bit(s) [3, 4]
[14:23:43.403] P-02 rel 0x11/78 B: byte 15: 0xD9→0xE2 bit(s) [3, 4, 5]; byte 17: 0xE9→0xDC bit(s) [4, 5]; byte 21: 0x5C→0x8A bit(s) [7]; byte 24: 0x14→0x12 bit(s) [1, 2]; byte 26: 0x06→0x07 bit(s) [0]
[14:23:43.418] P-02 rel 0x11/78 B: byte 15: 0xE2→0xF5 bit(s) [4]; byte 17: 0xDC→0xD5 bit(s) [3]; byte 19: 0x2D→0x39 bit(s) [4]; byte 21: 0x8A→0x04 bit(s) [7]; byte 22: 0xFA→0xFB bit(s) [0]; byte 24: 0x12→0x14 bit(s) [1, 2]; byte 26: 0x07→0x06 bit(s) [0]
[14:23:43.448] P-02 rel 0x11/78 B: byte 15: 0xF5→0x0E bit(s) [3, 4, 5, 6, 7]; byte 16: 0xFF→0x00 bit(s) [0, 1, 2, 3, 4, 5, 6, 7]; byte 17: 0xD5→0xE6 bit(s) [4, 5]; byte 21: 0x04→0xC8 bit(s) [7]; byte 22: 0xFB→0xFA bit(s) [0]; byte 23: 0x24→0xFE bit(s) [7]; byte 24: 0x14→0x13 bit(s) [0, 1, 2]
[14:23:43.477] P-02 rel 0x11/78 B: byte 15: 0x0E→0xFE bit(s) [4, 5, 6, 7]; byte 16: 0x00→0xFF bit(s) [0, 1, 2, 3, 4, 5, 6, 7]; byte 17: 0xE6→0xF9 bit(s) [3, 4]; byte 19: 0x37→0x1F bit(s) [5]; byte 23: 0xFE→0x54 bit(s) [7]; byte 24: 0x13→0x14 bit(s) [0, 1, 2]; byte 26: 0x06→0x07 bit(s) [0]
[14:23:43.493] P-02 rel 0x11/78 B: byte 15: 0xFE→0xF0 bit(s) [3]; byte 17: 0xF9→0x04 bit(s) [3, 4, 5, 6, 7]; byte 18: 0xFF→0x00 bit(s) [0, 1, 2, 3, 4, 5, 6, 7]; byte 21: 0x8A→0x58 bit(s) [7]
[14:23:43.509] P-02 rel 0x11/78 B: byte 15: 0xF0→0x1D bit(s) [3, 5, 6, 7]; byte 16: 0xFF→0x00 bit(s) [0, 1, 2, 3, 4, 5, 6, 7]
[14:23:43.524] P-02 rel 0x11/78 B: byte 17: 0x05→0xFD bit(s) [3, 4, 5, 6, 7]; byte 18: 0x00→0xFF bit(s) [0, 1, 2, 3, 4, 5, 6, 7]; byte 19: 0x19→0x20 bit(s) [4, 5]; byte 26: 0x07→0x06 bit(s) [0]
[14:23:43.539] P-02 rel 0x11/78 B: byte 15: 0x1C→0x12 bit(s) [3]; byte 23: 0x32→0xFA bit(s) [7]; byte 24: 0x14→0x13 bit(s) [0, 1, 2]
[14:23:43.553] P-02 rel 0x11/78 B: byte 15: 0x12→0x0A bit(s) [3, 4]; byte 17: 0xFA→0xF3 bit(s) [3]; byte 21: 0x42→0x8E bit(s) [7]; byte 26: 0x06→0x07 bit(s) [0]
[14:23:43.568] P-02 rel 0x11/78 B: byte 15: 0x0A→0x02 bit(s) [3]; byte 23: 0xDE→0x0C bit(s) [7]; byte 24: 0x13→0x14 bit(s) [0, 1, 2]
[14:23:43.583] P-02 rel 0x11/78 B: byte 15: 0x02→0xFE bit(s) [3, 4, 5, 6, 7]; byte 16: 0x00→0xFF bit(s) [0, 1, 2, 3, 4, 5, 6, 7]; byte 19: 0x21→0x1A bit(s) [4, 5]
[14:23:43.598] P-02 rel 0x11/78 B: byte 15: 0xFE→0x00 bit(s) [3, 4, 5, 6, 7]; byte 16: 0xFF→0x00 bit(s) [0, 1, 2, 3, 4, 5, 6, 7]; byte 26: 0x07→0x06 bit(s) [0]
[14:23:43.613] P-02 rel 0x11/78 B: byte 15: 0x00→0x09 bit(s) [3]; byte 19: 0x1B→0x21 bit(s) [4, 5]
[14:23:43.628] P-02 rel 0x11/78 B: byte 15: 0x09→0x15 bit(s) [3, 4]
[14:23:43.643] P-02 rel 0x11/78 B: byte 15: 0x15→0x18 bit(s) [3]; byte 17: 0xF3→0xFA bit(s) [3]; byte 26: 0x06→0x07 bit(s) [0]
[14:23:44.003]      … 21 linha(s) suprimida(s) neste segundo
[14:23:44.003] P-02 rel 0x11/78 B: byte 15: 0xE6→0xC8 bit(s) [3, 5]; byte 17: 0xE5→0x06 bit(s) [5, 6, 7]; byte 18: 0xFF→0x00 bit(s) [0, 1, 2, 3, 4, 5, 6, 7]; byte 19: 0x05→0xD1 bit(s) [4, 6, 7]; byte 20: 0x00→0xFF bit(s) [0, 1, 2, 3, 4, 5, 6, 7]; byte 23: 0xE0→0x42 bit(s) [7]; byte 24: 0x13→0x14 bit(s) [0, 1, 2]
[14:23:44.018] P-02 rel 0x11/78 B: byte 15: 0xC8→0xD0 bit(s) [3, 4]; byte 17: 0x06→0x14 bit(s) [4]
[14:23:44.033] P-02 rel 0x11/78 B: byte 15: 0xD0→0xCE bit(s) [3, 4]; byte 17: 0x14→0x18 bit(s) [3]; byte 19: 0xD6→0xE5 bit(s) [4, 5]; byte 21: 0x92→0x68 bit(s) [7]; byte 23: 0x46→0xD6 bit(s) [7]; byte 24: 0x14→0x13 bit(s) [0, 1, 2]
[14:23:44.048] P-02 rel 0x11/78 B: byte 15: 0xCE→0xB0 bit(s) [3, 4, 5, 6]
[14:23:44.063] P-02 rel 0x11/78 B: byte 15: 0xB0→0x76 bit(s) [6, 7]; byte 23: 0x96→0x76 bit(s) [7]
[14:23:44.078] P-02 rel 0x11/78 B: byte 15: 0x76→0x4A bit(s) [3, 4, 5]; byte 17: 0x1E→0x20 bit(s) [3, 4, 5]; byte 19: 0xE2→0xDB bit(s) [4, 5]
[14:23:44.093] P-02 rel 0x11/78 B: byte 15: 0x4A→0x26 bit(s) [3, 5, 6]; byte 23: 0x66→0xB6 bit(s) [7]
[14:23:44.108] P-02 rel 0x11/78 B: byte 17: 0x25→0x28 bit(s) [3]; byte 19: 0xD1→0xC3 bit(s) [4]; byte 21: 0x74→0x8A bit(s) [7]; byte 26: 0x06→0x07 bit(s) [0]
[14:23:44.123] P-02 rel 0x11/78 B: byte 15: 0x23→0x5A bit(s) [3, 4, 5, 6]; byte 17: 0x28→0x23 bit(s) [3]; byte 23: 0xE4→0x76 bit(s) [7]; byte 24: 0x13→0x14 bit(s) [0, 1, 2]
[14:23:44.138] P-02 rel 0x11/78 B: byte 15: 0x5A→0x87 bit(s) [3, 4, 6, 7]; byte 23: 0x76→0xD2 bit(s) [7]
[14:23:44.153] P-02 rel 0x11/78 B: byte 15: 0x87→0xC2 bit(s) [6]; byte 19: 0xCA→0xD5 bit(s) [4]
[14:23:44.168] P-02 rel 0x11/78 B: byte 15: 0xC2→0xD9 bit(s) [3, 4]; byte 23: 0xB6→0x76 bit(s) [7]
[14:23:44.183] P-02 rel 0x11/78 B: byte 15: 0xD9→0xD6 bit(s) [3]; byte 17: 0x21→0x1F bit(s) [3, 4, 5]; byte 23: 0x76→0x84 bit(s) [7]
[14:23:44.198] P-02 rel 0x11/78 B: byte 15: 0xD6→0xCA bit(s) [3, 4]; byte 23: 0x84→0x44 bit(s) [7]
[14:23:44.213] P-02 rel 0x11/78 B: byte 15: 0xCA→0xC7 bit(s) [3]; byte 17: 0x1F→0x22 bit(s) [3, 4, 5]; byte 19: 0xD0→0xC8 bit(s) [4]
[14:23:44.228] P-02 rel 0x11/78 B: byte 15: 0xC7→0xDB bit(s) [3, 4]
[14:23:44.257] P-02 rel 0x11/78 B: byte 15: 0xDB→0xFC bit(s) [5]; byte 17: 0x27→0x2E bit(s) [3]; byte 21: 0xEE→0x7C bit(s) [7]; byte 23: 0x72→0x98 bit(s) [7]
[14:23:44.273] P-02 rel 0x11/78 B: byte 15: 0xFC→0x0B bit(s) [4, 5, 6, 7]; byte 16: 0xFF→0x00 bit(s) [0, 1, 2, 3, 4, 5, 6, 7]; byte 23: 0x98→0x7C bit(s) [7]
[14:23:44.288] P-02 rel 0x11/78 B: byte 15: 0x0B→0x17 bit(s) [3, 4]
[14:23:44.303] P-02 rel 0x11/78 B: byte 15: 0x17→0xE2 bit(s) [4, 5, 6, 7]; byte 16: 0x00→0xFF bit(s) [0, 1, 2, 3, 4, 5, 6, 7]; byte 17: 0x2D→0x30 bit(s) [3, 4]
[14:23:44.318] P-02 rel 0x11/78 B: byte 15: 0xE2→0xDD bit(s) [3, 4, 5]; byte 17: 0x30→0x2C bit(s) [3, 4]; byte 19: 0xC3→0xBD bit(s) [4, 5, 6]
[14:23:44.333] P-02 rel 0x11/78 B: byte 15: 0xDD→0xE5 bit(s) [3, 4, 5]
[14:23:44.348] P-02 rel 0x11/78 B: byte 15: 0xE5→0xEB bit(s) [3]; byte 17: 0x2C→0x26 bit(s) [3]
[14:23:44.363] P-02 rel 0x11/78 B: byte 15: 0xEB→0xF3 bit(s) [3, 4]
[14:23:44.378] P-02 rel 0x11/78 B: byte 15: 0xF3→0x04 bit(s) [4, 5, 6, 7]; byte 16: 0xFF→0x00 bit(s) [0, 1, 2, 3, 4, 5, 6, 7]; byte 19: 0xB9→0xC2 bit(s) [4, 5, 6]; byte 23: 0x66→0x8E bit(s) [7]
[14:23:44.393] P-02 rel 0x11/78 B: byte 15: 0x04→0x1E bit(s) [3, 4]; byte 17: 0x20→0x11 bit(s) [4, 5]; byte 19: 0xC2→0xD6 bit(s) [4]; byte 23: 0x8E→0x7A bit(s) [7]
[14:23:44.408] P-02 rel 0x11/78 B: byte 15: 0x1E→0x2A bit(s) [4, 5]; byte 17: 0x11→0xFD bit(s) [3, 5, 6, 7]; byte 18: 0x00→0xFF bit(s) [0, 1, 2, 3, 4, 5, 6, 7]; byte 19: 0xD6→0xF5 bit(s) [5]; byte 21: 0x16→0x8C bit(s) [7]; byte 26: 0x07→0x06 bit(s) [0]
[14:23:44.423] P-02 rel 0x11/78 B: byte 15: 0x2A→0x1D bit(s) [4, 5]; byte 17: 0xFD→0xF2 bit(s) [3]; byte 19: 0xF5→0x08 bit(s) [4, 5, 6, 7]; byte 20: 0xFF→0x00 bit(s) [0, 1, 2, 3, 4, 5, 6, 7]; byte 23: 0x3C→0xDA bit(s) [7]; byte 24: 0x14→0x13 bit(s) [0, 1, 2]
[14:23:44.438] P-02 rel 0x11/78 B: byte 15: 0x1D→0x0C bit(s) [4]; byte 19: 0x08→0x12 bit(s) [4]
[14:23:44.453] P-02 rel 0x11/78 B: byte 15: 0x0C→0xF6 bit(s) [3, 4, 5, 6, 7]; byte 16: 0x00→0xFF bit(s) [0, 1, 2, 3, 4, 5, 6, 7]; byte 17: 0xF2→0xFC bit(s) [3]; byte 26: 0x06→0x07 bit(s) [0]
[14:23:44.468] P-02 rel 0x11/78 B: byte 15: 0xF6→0x00 bit(s) [4, 5, 6, 7]; byte 16: 0xFF→0x00 bit(s) [0, 1, 2, 3, 4, 5, 6, 7]; byte 23: 0xD0→0x14 bit(s) [7]; byte 24: 0x13→0x14 bit(s) [0, 1, 2]
[14:23:44.483] P-02 rel 0x11/78 B: byte 15: 0x00→0x1B bit(s) [3, 4]; byte 19: 0x1D→0x26 bit(s) [4, 5]; byte 21: 0xA2→0x76 bit(s) [7]
[14:23:44.498] P-02 rel 0x11/78 B: byte 15: 0x1B→0x29 bit(s) [4, 5]; byte 21: 0x76→0x82 bit(s) [7]
[14:23:44.527] P-02 rel 0x11/78 B: byte 15: 0x29→0x30 bit(s) [3, 4]; byte 17: 0xFF→0x03 bit(s) [3, 4, 5, 6, 7]; byte 18: 0xFF→0x00 bit(s) [0, 1, 2, 3, 4, 5, 6, 7]; byte 21: 0x82→0x4C bit(s) [7]
[14:23:44.543] P-02 rel 0x11/78 B: byte 15: 0x30→0x12 bit(s) [5]
[14:23:44.558] P-02 rel 0x11/78 B: byte 17: 0x02→0xF5 bit(s) [4, 5, 6, 7]; byte 18: 0x00→0xFF bit(s) [0, 1, 2, 3, 4, 5, 6, 7]
[14:23:44.573] P-02 rel 0x11/78 B: byte 15: 0x11→0x27 bit(s) [4, 5]
[14:23:44.589] P-02 rel 0x11/78 B: byte 15: 0x27→0x18 bit(s) [3, 4, 5]; byte 17: 0xF7→0x01 bit(s) [4, 5, 6, 7]; byte 18: 0xFF→0x00 bit(s) [0, 1, 2, 3, 4, 5, 6, 7]
[14:23:44.605] P-02 rel 0x11/78 B: byte 15: 0x18→0xF5 bit(s) [3, 5, 6, 7]; byte 16: 0x00→0xFF bit(s) [0, 1, 2, 3, 4, 5, 6, 7]; byte 19: 0x22→0x16 bit(s) [4, 5]; byte 21: 0x74→0x86 bit(s) [7]; byte 23: 0x00→0xF6 bit(s) [7]; byte 24: 0x14→0x13 bit(s) [0, 1, 2]; byte 26: 0x07→0x06 bit(s) [0]
[14:23:44.618] P-02 rel 0x11/78 B: byte 15: 0xF5→0xE0 bit(s) [4]; byte 19: 0x16→0x0C bit(s) [4]; byte 23: 0xF6→0x0C bit(s) [7]; byte 24: 0x13→0x14 bit(s) [0, 1, 2]
[14:23:45.009]      … 24 linha(s) suprimida(s) neste segundo
[14:23:45.009] P-02 rel 0x11/78 B: byte 15: 0x04→0xF8 bit(s) [3, 4, 5, 6, 7]; byte 16: 0x00→0xFF bit(s) [0, 1, 2, 3, 4, 5, 6, 7]; byte 17: 0x09→0x04 bit(s) [3]
[14:23:45.023] P-02 rel 0x11/78 B: byte 19: 0x13→0x0F bit(s) [4]; byte 23: 0xF4→0x18 bit(s) [7]; byte 24: 0x13→0x14 bit(s) [0, 1, 2]; byte 26: 0x07→0x06 bit(s) [0]
[14:23:45.038] P-02 rel 0x11/78 B: byte 21: 0x7E→0x94 bit(s) [7]
[14:23:45.053] P-02 rel 0x11/78 B: byte 21: 0x94→0x7E bit(s) [7]; byte 26: 0x06→0x07 bit(s) [0]
[14:23:45.068] P-02 rel 0x11/78 B: byte 15: 0xFA→0x01 bit(s) [3, 4, 5, 6, 7]; byte 16: 0xFF→0x00 bit(s) [0, 1, 2, 3, 4, 5, 6, 7]; byte 17: 0x06→0x0B bit(s) [3]; byte 21: 0x7E→0x8A bit(s) [7]; byte 26: 0x07→0x06 bit(s) [0]
[14:23:45.083] P-02 rel 0x11/78 B: byte 19: 0x00→0xFB bit(s) [4, 5, 6, 7]; byte 20: 0x00→0xFF bit(s) [0, 1, 2, 3, 4, 5, 6, 7]; byte 21: 0x8A→0x70 bit(s) [7]
[14:23:45.112] P-02 rel 0x11/78 B: byte 15: 0x00→0xFA bit(s) [3, 4, 5, 6, 7]; byte 16: 0x00→0xFF bit(s) [0, 1, 2, 3, 4, 5, 6, 7]
[14:23:45.143] P-02 rel 0x11/78 B: byte 15: 0xFB→0x06 bit(s) [3, 4, 5, 6, 7]; byte 16: 0xFF→0x00 bit(s) [0, 1, 2, 3, 4, 5, 6, 7]; byte 19: 0xFE→0x05 bit(s) [4, 5, 6, 7]; byte 20: 0xFF→0x00 bit(s) [0, 1, 2, 3, 4, 5, 6, 7]; byte 23: 0x22→0xFC bit(s) [7]; byte 24: 0x14→0x13 bit(s) [0, 1, 2]; byte 26: 0x06→0x07 bit(s) [0]
[14:23:45.158] P-02 rel 0x11/78 B: byte 21: 0x68→0x96 bit(s) [7]; byte 26: 0x07→0x06 bit(s) [0]
[14:23:45.203] P-02 rel 0x11/78 B: byte 15: 0x07→0x0A bit(s) [3]; byte 17: 0x0F→0x12 bit(s) [3, 4]; byte 21: 0xA0→0x6C bit(s) [7]
[14:23:45.217] P-02 resumo: relatório 0x11 com 78 bytes, 6254 recebido(s); ruído de repouso: byte 9 bits [3, 4, 5, 6, 7]; byte 13 bits [1, 2, 3, 4, 5, 6, 7]; byte 15 bits [0, 1, 2]; byte 17 bits [0, 1, 2]; byte 19 bits [0, 1, 2, 3]; byte 21 bits [1, 2, 3, 4, 5, 6]; byte 23 bits [1, 2, 3, 4, 5, 6]; byte 25 bits [1, 2, 3, 4, 5, 6, 7]; byte 26 bits [1, 2, 3, 4, 5]; byte 74 bits [0, 1, 2, 3, 4, 5, 6, 7]; byte 75 bits [0, 1, 2, 3, 4, 5, 6, 7]; byte 76 bits [0, 1, 2, 3, 4, 5, 6, 7]; byte 77 bits [0, 1, 2, 3, 4, 5, 6, 7]
[14:23:45.217] P-02 rel 0x11/78 B: byte 15: 0x0A→0xFF bit(s) [4, 5, 6, 7]; byte 16: 0x00→0xFF bit(s) [0, 1, 2, 3, 4, 5, 6, 7]; byte 17: 0x12→0x0D bit(s) [3, 4]; byte 21: 0x6C→0x8C bit(s) [7]
[14:23:45.233] P-02 rel 0x11/78 B: byte 15: 0xFF→0xF4 bit(s) [3]; byte 17: 0x0D→0x04 bit(s) [3]; byte 21: 0x8C→0x78 bit(s) [7]
[14:23:45.248] P-02 rel 0x11/78 B: byte 15: 0xF4→0xFC bit(s) [3]; byte 17: 0x04→0xFF bit(s) [3, 4, 5, 6, 7]; byte 18: 0x00→0xFF bit(s) [0, 1, 2, 3, 4, 5, 6, 7]; byte 19: 0x0F→0x11 bit(s) [4]; byte 21: 0x78→0x88 bit(s) [7]; byte 23: 0xE2→0x0A bit(s) [7]; byte 24: 0x13→0x14 bit(s) [0, 1, 2]
[14:23:45.263] P-02 rel 0x11/78 B: byte 15: 0xFC→0x08 bit(s) [4, 5, 6, 7]; byte 16: 0xFF→0x00 bit(s) [0, 1, 2, 3, 4, 5, 6, 7]; byte 17: 0xFF→0x05 bit(s) [3, 4, 5, 6, 7]; byte 18: 0xFF→0x00 bit(s) [0, 1, 2, 3, 4, 5, 6, 7]; byte 19: 0x11→0x0E bit(s) [4]; byte 23: 0x0A→0xE4 bit(s) [7]; byte 24: 0x14→0x13 bit(s) [0, 1, 2]
[14:23:45.278] P-02 rel 0x11/78 B: byte 15: 0x08→0x16 bit(s) [3, 4]; byte 17: 0x05→0x09 bit(s) [3]; byte 23: 0xE4→0x1C bit(s) [7]; byte 24: 0x13→0x14 bit(s) [0, 1, 2]
[14:23:45.293] P-02 rel 0x11/78 B: byte 15: 0x16→0x29 bit(s) [3, 4, 5]; byte 21: 0xB8→0x50 bit(s) [7]
[14:23:45.308] P-02 rel 0x11/78 B: byte 9: 0xB0→0xBA bit(s) [1]; byte 15: 0x29→0x3F bit(s) [4]; byte 17: 0x0C→0x11 bit(s) [3, 4]; byte 21: 0x50→0x92 bit(s) [7]; byte 35: 0x00→0x01 bit(s) [0]; byte 36: 0x00→0x04 bit(s) [2]; byte 37: 0x80→0x01 bit(s) [0, 7]; byte 38: 0x00→0x7F bit(s) [0, 1, 2, 3, 4, 5, 6]; byte 39: 0x00→0xD0 bit(s) [4, 6, 7]; byte 40: 0x00→0x0A bit(s) [1, 3]
[14:23:45.309] P-01 botão "Touchpad 1 Left" [sem propriedade nomeada]: PRESSIONADO
[14:23:45.309] P-01 superfície touchpadPrimary mudou: x=-0.8676394 y=0.0  (num clone sem touchpad isto NÃO deve aparecer)
[14:23:45.309] P-01 botão "Touchpad 1 Up" [sem propriedade nomeada]: PRESSIONADO
[14:23:45.309] P-01 botão "Touchpad Button" [touchpadButton (GCDualShockGamepad)]: PRESSIONADO
[14:23:45.323] P-02 rel 0x11/78 B: byte 15: 0x3F→0x4F bit(s) [4, 5, 6]; byte 19: 0x05→0xFF bit(s) [4, 5, 6, 7]; byte 20: 0x00→0xFF bit(s) [0, 1, 2, 3, 4, 5, 6, 7]; byte 23: 0x02→0xC6 bit(s) [7]; byte 24: 0x14→0x13 bit(s) [0, 1, 2]; byte 36: 0x04→0x08 bit(s) [2, 3]
[14:23:45.338] P-02 rel 0x11/78 B: byte 15: 0x4F→0x50 bit(s) [3, 4]; byte 21: 0x8C→0x7A bit(s) [7]; byte 36: 0x08→0x0C bit(s) [2]
[14:23:45.353] P-02 rel 0x11/78 B: byte 15: 0x50→0x49 bit(s) [3, 4]; byte 19: 0xF4→0xE5 bit(s) [4]; byte 26: 0x06→0x07 bit(s) [0]; byte 36: 0x0C→0x10 bit(s) [2, 3, 4]
[14:23:45.368] P-02 rel 0x11/78 B: byte 15: 0x49→0x3C bit(s) [4, 5, 6]; byte 17: 0x15→0x0D bit(s) [3, 4]; byte 19: 0xE5→0xDE bit(s) [4, 5]; byte 26: 0x07→0x06 bit(s) [0]; byte 36: 0x10→0x14 bit(s) [2]
[14:23:45.383] P-02 rel 0x11/78 B: byte 15: 0x3C→0x28 bit(s) [4]; byte 21: 0x7C→0x90 bit(s) [7]; byte 36: 0x14→0x18 bit(s) [2, 3]
[14:23:45.398] P-02 rel 0x11/78 B: byte 15: 0x28→0x19 bit(s) [4, 5]; byte 17: 0x09→0x06 bit(s) [3]; byte 36: 0x18→0x1C bit(s) [2]
[14:23:45.413] P-02 rel 0x11/78 B: byte 15: 0x19→0x09 bit(s) [4]; byte 19: 0xDE→0xE5 bit(s) [4, 5]; byte 23: 0x9C→0x70 bit(s) [7]; byte 36: 0x1C→0x20 bit(s) [2, 3, 4, 5]
[14:23:45.429] P-02 rel 0x11/78 B: byte 15: 0x09→0xE9 bit(s) [5, 6, 7]; byte 16: 0x00→0xFF bit(s) [0, 1, 2, 3, 4, 5, 6, 7]; byte 21: 0x8C→0x72 bit(s) [7]; byte 36: 0x20→0x24 bit(s) [2]
[14:23:45.443] P-02 rel 0x11/78 B: byte 15: 0xE9→0xC8 bit(s) [5]; byte 19: 0xEF→0xF7 bit(s) [4]; byte 36: 0x24→0x28 bit(s) [2, 3]
[14:23:45.459] P-02 rel 0x11/78 B: byte 15: 0xC8→0xBA bit(s) [4, 5, 6]; byte 17: 0x00→0xFE bit(s) [3, 4, 5, 6, 7]; byte 18: 0x00→0xFF bit(s) [0, 1, 2, 3, 4, 5, 6, 7]; byte 19: 0xF7→0x00 bit(s) [4, 5, 6, 7]; byte 20: 0xFF→0x00 bit(s) [0, 1, 2, 3, 4, 5, 6, 7]; byte 23: 0x72→0x88 bit(s) [7]; byte 36: 0x28→0x2C bit(s) [2]
[14:23:45.475] P-02 rel 0x11/78 B: byte 15: 0xBA→0xAA bit(s) [4]; byte 36: 0x2C→0x30 bit(s) [2, 3, 4]
[14:23:45.488] P-02 rel 0x11/78 B: byte 15: 0xAA→0x99 bit(s) [4, 5]; byte 19: 0x0B→0x1D bit(s) [4]; byte 21: 0x62→0x94 bit(s) [7]; byte 36: 0x30→0x34 bit(s) [2]
[14:23:45.503] P-02 rel 0x11/78 B: byte 15: 0x99→0x91 bit(s) [3]; byte 17: 0xFF→0x03 bit(s) [3, 4, 5, 6, 7]; byte 18: 0xFF→0x00 bit(s) [0, 1, 2, 3, 4, 5, 6, 7]; byte 19: 0x1D→0x26 bit(s) [4, 5]; byte 21: 0x94→0x7A bit(s) [7]; byte 36: 0x34→0x38 bit(s) [2, 3]
[14:23:45.518] P-02 rel 0x11/78 B: byte 15: 0x91→0x88 bit(s) [3, 4]; byte 21: 0x7A→0x8A bit(s) [7]; byte 36: 0x38→0x3C bit(s) [2]
[14:23:45.533] P-02 rel 0x11/78 B: byte 15: 0x88→0x77 bit(s) [3, 4, 5, 6, 7]; byte 36: 0x3C→0x40 bit(s) [2, 3, 4, 5, 6]
[14:23:45.577] P-02 rel 0x11/78 B: byte 9: 0x32→0x38 bit(s) [1]; byte 15: 0x77→0x6A bit(s) [3, 4]; byte 19: 0x24→0x1B bit(s) [4, 5]; byte 21: 0x80→0x5E bit(s) [7]; byte 23: 0xB6→0x76 bit(s) [7]; byte 24: 0x13→0x14 bit(s) [0, 1, 2]; byte 37: 0x01→0x81 bit(s) [7]
[14:23:45.577] P-01 botão "Touchpad 1 Left" [sem propriedade nomeada]: solto
[14:23:45.577] P-01 superfície touchpadPrimary mudou: x=-0.0 y=0.6323061  (num clone sem touchpad isto NÃO deve aparecer)
[14:23:45.577] P-01 botão "Touchpad 1 Up" [sem propriedade nomeada]: solto
[14:23:45.577] P-01 botão "Touchpad Button" [touchpadButton (GCDualShockGamepad)]: solto
[14:23:45.593] P-02 rel 0x11/78 B: byte 15: 0x6A→0x8E bit(s) [5, 6, 7]; byte 17: 0x04→0xFF bit(s) [3, 4, 5, 6, 7]; byte 18: 0x00→0xFF bit(s) [0, 1, 2, 3, 4, 5, 6, 7]; byte 21: 0x5E→0xA4 bit(s) [7]; byte 26: 0x06→0x07 bit(s) [0]
[14:23:45.608] P-02 rel 0x11/78 B: byte 15: 0x8E→0xFF bit(s) [4, 5, 6]; byte 17: 0xFF→0x04 bit(s) [3, 4, 5, 6, 7]; byte 18: 0xFF→0x00 bit(s) [0, 1, 2, 3, 4, 5, 6, 7]; byte 19: 0x13→0x0A bit(s) [4]
[14:23:45.623] P-02 rel 0x11/78 B: byte 15: 0xFF→0x00 bit(s) [3, 4, 5, 6, 7]; byte 16: 0xFF→0x00 bit(s) [0, 1, 2, 3, 4, 5, 6, 7]; byte 21: 0x84→0x6C bit(s) [7]
[14:23:45.638] P-02 rel 0x11/78 B: byte 15: 0x00→0xF7 bit(s) [4, 5, 6, 7]; byte 16: 0x00→0xFF bit(s) [0, 1, 2, 3, 4, 5, 6, 7]; byte 21: 0x6C→0x96 bit(s) [7]; byte 26: 0x07→0x06 bit(s) [0]
[14:23:45.668] P-02 rel 0x11/78 B: byte 15: 0xF6→0xFF bit(s) [3]; byte 23: 0x36→0xFC bit(s) [7]; byte 24: 0x14→0x13 bit(s) [0, 1, 2]
[14:23:45.683] P-02 rel 0x11/78 B: byte 15: 0xFF→0xF7 bit(s) [3]; byte 17: 0x03→0x08 bit(s) [3]
[14:23:45.698] P-02 rel 0x11/78 B: byte 26: 0x06→0x07 bit(s) [0]
[14:23:46.013]      … 20 linha(s) suprimida(s) neste segundo
[14:23:46.013] P-02 rel 0x11/78 B: byte 15: 0xF5→0xFD bit(s) [3]; byte 26: 0x07→0x06 bit(s) [0]
[14:23:46.028] P-02 rel 0x11/78 B: byte 15: 0xFD→0xF6 bit(s) [3]; byte 19: 0x02→0xFF bit(s) [4, 5, 6, 7]; byte 20: 0x00→0xFF bit(s) [0, 1, 2, 3, 4, 5, 6, 7]; byte 23: 0x28→0xFC bit(s) [7]; byte 24: 0x14→0x13 bit(s) [0, 1, 2]
[14:23:46.043] P-02 rel 0x11/78 B: byte 21: 0x98→0x7A bit(s) [7]; byte 26: 0x06→0x07 bit(s) [0]
[14:23:46.058] P-02 rel 0x11/78 B: byte 15: 0xF5→0xFB bit(s) [3]; byte 23: 0xEC→0x18 bit(s) [7]; byte 24: 0x13→0x14 bit(s) [0, 1, 2]
[14:23:46.073] P-02 rel 0x11/78 B: byte 15: 0xFB→0x01 bit(s) [3, 4, 5, 6, 7]; byte 16: 0xFF→0x00 bit(s) [0, 1, 2, 3, 4, 5, 6, 7]; byte 21: 0x7E→0x8C bit(s) [7]
[14:23:46.088] P-02 rel 0x11/78 B: byte 15: 0x01→0xFD bit(s) [3, 4, 5, 6, 7]; byte 16: 0x00→0xFF bit(s) [0, 1, 2, 3, 4, 5, 6, 7]
[14:23:46.104] P-02 rel 0x11/78 B: byte 19: 0xFF→0x03 bit(s) [4, 5, 6, 7]; byte 20: 0xFF→0x00 bit(s) [0, 1, 2, 3, 4, 5, 6, 7]; byte 26: 0x07→0x06 bit(s) [0]
[14:23:46.118] P-02 rel 0x11/78 B: byte 26: 0x06→0x07 bit(s) [0]
[14:23:46.133] P-02 rel 0x11/78 B: byte 21: 0x84→0x72 bit(s) [7]
[14:23:46.148] P-02 rel 0x11/78 B: byte 26: 0x07→0x06 bit(s) [0]
[14:23:46.193] P-02 rel 0x11/78 B: byte 21: 0x62→0x84 bit(s) [7]
[14:23:46.208] P-02 rel 0x11/78 B: byte 21: 0x84→0x78 bit(s) [7]; byte 26: 0x06→0x07 bit(s) [0]
[14:23:46.223] P-02 rel 0x11/78 B: byte 15: 0xF9→0xF7 bit(s) [3]; byte 21: 0x78→0x96 bit(s) [7]; byte 26: 0x07→0x06 bit(s) [0]
[14:23:46.253] P-02 rel 0x11/78 B: byte 15: 0xF2→0xE6 bit(s) [4]; byte 23: 0x08→0xDE bit(s) [7]; byte 24: 0x14→0x13 bit(s) [0, 1, 2]
[14:23:46.268] P-02 rel 0x11/78 B: byte 19: 0x04→0xFE bit(s) [4, 5, 6, 7]; byte 20: 0x00→0xFF bit(s) [0, 1, 2, 3, 4, 5, 6, 7]; byte 23: 0xDE→0x1C bit(s) [7]; byte 24: 0x13→0x14 bit(s) [0, 1, 2]; byte 26: 0x06→0x07 bit(s) [0]
[14:23:46.283] P-02 rel 0x11/78 B: byte 15: 0xE7→0xF1 bit(s) [4]; byte 26: 0x07→0x06 bit(s) [0]
[14:23:46.298] P-02 rel 0x11/78 B: byte 26: 0x06→0x07 bit(s) [0]
[14:23:46.313] P-02 rel 0x11/78 B: byte 15: 0xF4→0xF9 bit(s) [3]; byte 21: 0x88→0x6A bit(s) [7]; byte 26: 0x07→0x06 bit(s) [0]
[14:23:46.328] P-02 rel 0x11/78 B: byte 19: 0xFD→0x01 bit(s) [4, 5, 6, 7]; byte 20: 0xFF→0x00 bit(s) [0, 1, 2, 3, 4, 5, 6, 7]
[14:23:46.358] P-02 rel 0x11/78 B: byte 15: 0xF9→0xF5 bit(s) [3]; byte 21: 0x74→0x80 bit(s) [7]; byte 23: 0x06→0xFE bit(s) [7]; byte 24: 0x14→0x13 bit(s) [0, 1, 2]; byte 26: 0x06→0x07 bit(s) [0]
[14:23:46.388] P-02 rel 0x11/78 B: byte 21: 0x82→0x6A bit(s) [7]; byte 23: 0xD6→0x00 bit(s) [7]; byte 24: 0x13→0x14 bit(s) [0, 1, 2]
[14:23:46.418] P-02 rel 0x11/78 B: byte 23: 0x1A→0xFC bit(s) [7]; byte 24: 0x14→0x13 bit(s) [0, 1, 2]; byte 26: 0x07→0x06 bit(s) [0]
[14:23:46.435] P-02 rel 0x11/78 B: byte 15: 0xF3→0xEF bit(s) [3, 4]; byte 21: 0x7E→0x86 bit(s) [7]; byte 23: 0xFC→0x0C bit(s) [7]; byte 24: 0x13→0x14 bit(s) [0, 1, 2]
[14:23:46.479] P-02 rel 0x11/78 B: byte 23: 0x06→0xE2 bit(s) [7]; byte 24: 0x14→0x13 bit(s) [0, 1, 2]; byte 26: 0x06→0x07 bit(s) [0]
[14:23:46.494] P-02 rel 0x11/78 B: byte 21: 0x8C→0x74 bit(s) [7]; byte 23: 0xE2→0x06 bit(s) [7]; byte 24: 0x13→0x14 bit(s) [0, 1, 2]
[14:23:46.508] P-02 rel 0x11/78 B: byte 26: 0x07→0x06 bit(s) [0]
[14:23:46.523] P-02 rel 0x11/78 B: byte 26: 0x06→0x07 bit(s) [0]
[14:23:46.538] P-02 rel 0x11/78 B: byte 15: 0xEA→0xE7 bit(s) [3]; byte 26: 0x07→0x06 bit(s) [0]
[14:23:46.553] P-02 rel 0x11/78 B: byte 15: 0xE7→0xEC bit(s) [3]; byte 17: 0x07→0x09 bit(s) [3]; byte 26: 0x06→0x07 bit(s) [0]
[14:23:46.628] P-02 rel 0x11/78 B: byte 17: 0x08→0x06 bit(s) [3]
[14:23:46.643] P-02 rel 0x11/78 B: byte 15: 0xEE→0xF6 bit(s) [3, 4]; byte 17: 0x06→0x08 bit(s) [3]; byte 21: 0x5E→0x92 bit(s) [7]
[14:23:46.658] P-02 rel 0x11/78 B: byte 17: 0x08→0x06 bit(s) [3]; byte 23: 0x1A→0xFE bit(s) [7]; byte 24: 0x14→0x13 bit(s) [0, 1, 2]; byte 26: 0x07→0x06 bit(s) [0]
[14:23:46.673] P-02 rel 0x11/78 B: byte 15: 0xF0→0xEB bit(s) [3, 4]; byte 26: 0x06→0x07 bit(s) [0]
[14:23:46.688] P-02 rel 0x11/78 B: byte 15: 0xEB→0xE0 bit(s) [3]
[14:23:46.703] P-02 rel 0x11/78 B: byte 23: 0xF8→0x18 bit(s) [7]; byte 24: 0x13→0x14 bit(s) [0, 1, 2]
[14:23:46.718] P-02 rel 0x11/78 B: byte 15: 0xE1→0xDE bit(s) [3, 4, 5]; byte 21: 0x8C→0x60 bit(s) [7]
[14:23:46.733] P-02 rel 0x11/78 B: byte 15: 0xDE→0xE2 bit(s) [3, 4, 5]; byte 21: 0x60→0x86 bit(s) [7]; byte 26: 0x07→0x06 bit(s) [0]
[14:23:46.749] P-02 rel 0x11/78 B: byte 15: 0xE2→0xEC bit(s) [3]; byte 17: 0x07→0x08 bit(s) [3]; byte 19: 0x00→0xFC bit(s) [4, 5, 6, 7]; byte 20: 0x00→0xFF bit(s) [0, 1, 2, 3, 4, 5, 6, 7]
[14:23:46.763] P-02 rel 0x11/78 B: byte 15: 0xEC→0xF8 bit(s) [4]; byte 17: 0x08→0x07 bit(s) [3]; byte 21: 0x8A→0x62 bit(s) [7]; byte 26: 0x06→0x07 bit(s) [0]
[14:23:46.778] P-02 rel 0x11/78 B: byte 15: 0xF8→0xF6 bit(s) [3]
[14:23:47.003]      … 7 linha(s) suprimida(s) neste segundo
[14:23:47.003] P-02 rel 0x11/78 B: byte 15: 0xE3→0xEC bit(s) [3]
[14:23:47.018] P-02 rel 0x11/78 B: byte 19: 0x03→0xFF bit(s) [4, 5, 6, 7]; byte 20: 0x00→0xFF bit(s) [0, 1, 2, 3, 4, 5, 6, 7]; byte 21: 0x84→0x7A bit(s) [7]
[14:23:47.048] P-02 rel 0x11/78 B: byte 17: 0x06→0xFF bit(s) [3, 4, 5, 6, 7]; byte 18: 0x00→0xFF bit(s) [0, 1, 2, 3, 4, 5, 6, 7]; byte 19: 0xFE→0x02 bit(s) [4, 5, 6, 7]; byte 20: 0xFF→0x00 bit(s) [0, 1, 2, 3, 4, 5, 6, 7]
[14:23:47.063] P-02 rel 0x11/78 B: byte 17: 0xFF→0x00 bit(s) [3, 4, 5, 6, 7]; byte 18: 0xFF→0x00 bit(s) [0, 1, 2, 3, 4, 5, 6, 7]; byte 26: 0x07→0x06 bit(s) [0]
[14:23:47.078] P-02 rel 0x11/78 B: byte 15: 0xEF→0xE5 bit(s) [3]; byte 26: 0x06→0x07 bit(s) [0]
[14:23:47.093] P-02 rel 0x11/78 B: byte 15: 0xE5→0xEA bit(s) [3]
[14:23:47.108] P-02 rel 0x11/78 B: byte 15: 0xEA→0xF2 bit(s) [3, 4]; byte 19: 0x0B→0x13 bit(s) [4]; byte 21: 0x6C→0x8E bit(s) [7]
[14:23:47.123] P-02 rel 0x11/78 B: byte 15: 0xF2→0xE9 bit(s) [3, 4]
[14:23:47.138] P-02 rel 0x11/78 B: byte 15: 0xE9→0xE5 bit(s) [3]
[14:23:47.153] P-02 rel 0x11/78 B: byte 15: 0xE5→0xE9 bit(s) [3]
[14:23:47.183] P-02 rel 0x11/78 B: byte 17: 0x06→0x0A bit(s) [3]; byte 21: 0x84→0x74 bit(s) [7]
[14:23:47.198] P-02 rel 0x11/78 B: byte 15: 0xE9→0xE4 bit(s) [3]; byte 17: 0x0A→0x06 bit(s) [3]; byte 19: 0x13→0x0F bit(s) [4]
[14:23:47.228] P-02 rel 0x11/78 B: byte 15: 0xE4→0xEE bit(s) [3]; byte 21: 0x64→0x8A bit(s) [7]
[14:23:47.243] P-02 rel 0x11/78 B: byte 15: 0xEE→0xF2 bit(s) [3, 4]; byte 21: 0x8A→0x66 bit(s) [7]
[14:23:47.273] P-02 rel 0x11/78 B: byte 19: 0x04→0xFF bit(s) [4, 5, 6, 7]; byte 20: 0x00→0xFF bit(s) [0, 1, 2, 3, 4, 5, 6, 7]
[14:23:47.318] P-02 rel 0x11/78 B: byte 17: 0x07→0x08 bit(s) [3]; byte 19: 0xFC→0x04 bit(s) [4, 5, 6, 7]; byte 20: 0xFF→0x00 bit(s) [0, 1, 2, 3, 4, 5, 6, 7]
[14:23:47.333] P-02 rel 0x11/78 B: byte 17: 0x08→0x06 bit(s) [3]
[14:23:47.348] P-02 rel 0x11/78 B: byte 21: 0x58→0x90 bit(s) [7]
[14:23:47.377] P-02 rel 0x11/78 B: byte 15: 0xF2→0xED bit(s) [3, 4]; byte 17: 0x07→0x08 bit(s) [3]
[14:23:47.408] P-02 rel 0x11/78 B: byte 19: 0x0D→0x12 bit(s) [4]
[14:23:47.423] P-02 rel 0x11/78 B: byte 17: 0x0A→0x05 bit(s) [3]; byte 21: 0x88→0x7E bit(s) [7]
[14:23:47.438] P-02 rel 0x11/78 B: byte 15: 0xEA→0xE6 bit(s) [3]; byte 19: 0x11→0x0D bit(s) [4]; byte 21: 0x7E→0x84 bit(s) [7]
[14:23:47.468] P-02 rel 0x11/78 B: byte 17: 0x03→0x12 bit(s) [4]; byte 19: 0x07→0xF8 bit(s) [4, 5, 6, 7]; byte 20: 0x00→0xFF bit(s) [0, 1, 2, 3, 4, 5, 6, 7]; byte 21: 0x86→0x5E bit(s) [7]; byte 26: 0x07→0x06 bit(s) [0]
[14:23:47.483] P-02 rel 0x11/78 B: byte 15: 0xE6→0xDC bit(s) [3, 4, 5]; byte 17: 0x12→0x0F bit(s) [3, 4]; byte 21: 0x5E→0xFC bit(s) [7]; byte 26: 0x06→0x07 bit(s) [0]
[14:23:47.498] P-02 rel 0x11/78 B: byte 15: 0xDC→0xFB bit(s) [5]; byte 21: 0xFC→0x6E bit(s) [7]; byte 26: 0x07→0x06 bit(s) [0]
[14:23:47.513] P-02 rel 0x11/78 B: byte 21: 0x6E→0xAA bit(s) [7]; byte 23: 0x4E→0x94 bit(s) [7]; byte 26: 0x06→0x07 bit(s) [0]
[14:23:47.528] P-02 rel 0x11/78 B: byte 15: 0xFC→0xF0 bit(s) [3]; byte 17: 0x0A→0x06 bit(s) [3]; byte 21: 0xAA→0x6E bit(s) [7]; byte 23: 0x94→0x56 bit(s) [7]
[14:23:47.558] P-02 rel 0x11/78 B: byte 21: 0x7E→0x8E bit(s) [7]
[14:23:47.573] P-02 rel 0x11/78 B: byte 19: 0xFD→0x01 bit(s) [4, 5, 6, 7]; byte 20: 0xFF→0x00 bit(s) [0, 1, 2, 3, 4, 5, 6, 7]; byte 21: 0x8E→0x7C bit(s) [7]
[14:23:47.618] P-02 rel 0x11/78 B: byte 15: 0xF0→0xED bit(s) [3, 4]
[14:23:47.662] P-02 rel 0x11/78 B: byte 17: 0x06→0x09 bit(s) [3]; byte 21: 0x70→0x8C bit(s) [7]
[14:23:47.693] P-02 rel 0x11/78 B: byte 15: 0xEC→0xF2 bit(s) [3, 4]; byte 17: 0x0A→0x07 bit(s) [3]
[14:23:47.708] P-02 rel 0x11/78 B: byte 15: 0xF2→0xEF bit(s) [3, 4]
[14:23:47.739] P-02 rel 0x11/78 B: byte 15: 0xEE→0xF3 bit(s) [3, 4]; byte 19: 0x01→0xFF bit(s) [4, 5, 6, 7]; byte 20: 0x00→0xFF bit(s) [0, 1, 2, 3, 4, 5, 6, 7]; byte 21: 0xAA→0x64 bit(s) [7]
[14:23:47.754] P-02 rel 0x11/78 B: byte 21: 0x64→0x8A bit(s) [7]
[14:23:47.768] P-02 rel 0x11/78 B: byte 21: 0x8A→0x64 bit(s) [7]
[14:23:47.783] P-02 rel 0x11/78 B: byte 15: 0xF0→0xED bit(s) [3, 4]
[14:23:47.813] P-02 rel 0x11/78 B: byte 15: 0xEB→0xF8 bit(s) [4]; byte 19: 0xFF→0x09 bit(s) [4, 5, 6, 7]; byte 20: 0xFF→0x00 bit(s) [0, 1, 2, 3, 4, 5, 6, 7]; byte 21: 0x6C→0x86 bit(s) [7]
[14:23:47.828] P-02 rel 0x11/78 B: byte 15: 0xF8→0xF2 bit(s) [3]; byte 19: 0x09→0x14 bit(s) [4]; byte 21: 0x86→0x64 bit(s) [7]
[14:23:47.843] P-02 rel 0x11/78 B: byte 15: 0xF2→0xE3 bit(s) [4]
[14:23:48.008]      … 8 linha(s) suprimida(s) neste segundo
[14:23:48.008] P-02 rel 0x11/78 B: byte 15: 0xDE→0xE9 bit(s) [4, 5]; byte 21: 0x94→0x70 bit(s) [7]
[14:23:48.053] P-02 rel 0x11/78 B: byte 15: 0xE9→0xFA bit(s) [4]; byte 17: 0x03→0xFF bit(s) [3, 4, 5, 6, 7]; byte 18: 0x00→0xFF bit(s) [0, 1, 2, 3, 4, 5, 6, 7]
[14:23:48.082] P-02 rel 0x11/78 B: byte 15: 0xFA→0x13 bit(s) [3, 5, 6, 7]; byte 16: 0xFF→0x00 bit(s) [0, 1, 2, 3, 4, 5, 6, 7]; byte 17: 0xFF→0x02 bit(s) [3, 4, 5, 6, 7]; byte 18: 0xFF→0x00 bit(s) [0, 1, 2, 3, 4, 5, 6, 7]; byte 19: 0x0B→0x14 bit(s) [4]; byte 23: 0xAC→0x68 bit(s) [7]
[14:23:48.098] P-02 rel 0x11/78 B: byte 15: 0x13→0xF7 bit(s) [5, 6, 7]; byte 16: 0x00→0xFF bit(s) [0, 1, 2, 3, 4, 5, 6, 7]
[14:23:48.113] P-02 rel 0x11/78 B: byte 15: 0xF7→0xE3 bit(s) [4]; byte 19: 0x12→0x0D bit(s) [4]; byte 21: 0x74→0xB4 bit(s) [7]
[14:23:48.128] P-02 rel 0x11/78 B: byte 15: 0xE3→0xF4 bit(s) [4]; byte 23: 0x40→0x90 bit(s) [7]
[14:23:48.143] P-02 rel 0x11/78 B: byte 15: 0xF4→0x03 bit(s) [4, 5, 6, 7]; byte 16: 0xFF→0x00 bit(s) [0, 1, 2, 3, 4, 5, 6, 7]; byte 21: 0xAC→0x6E bit(s) [7]
[14:23:48.158] P-02 rel 0x11/78 B: byte 15: 0x03→0xF3 bit(s) [4, 5, 6, 7]; byte 16: 0x00→0xFF bit(s) [0, 1, 2, 3, 4, 5, 6, 7]; byte 17: 0x01→0xFF bit(s) [3, 4, 5, 6, 7]; byte 18: 0x00→0xFF bit(s) [0, 1, 2, 3, 4, 5, 6, 7]; byte 23: 0x90→0x68 bit(s) [7]
[14:23:48.173] P-02 rel 0x11/78 B: byte 15: 0xF3→0xE8 bit(s) [3, 4]; byte 21: 0x6A→0x8A bit(s) [7]
[14:23:48.188] P-02 rel 0x11/78 B: byte 17: 0xF9→0xF6 bit(s) [3]
[14:23:48.203] P-02 rel 0x11/78 B: byte 15: 0xEC→0xF4 bit(s) [3, 4]; byte 17: 0xF6→0xFB bit(s) [3]
[14:23:48.218] P-02 rel 0x11/78 B: byte 15: 0xF4→0xEB bit(s) [3, 4]
[14:23:48.233] P-02 rel 0x11/78 B: byte 15: 0xEB→0xDF bit(s) [4, 5]
[14:23:48.248] P-02 rel 0x11/78 B: byte 15: 0xDF→0xE9 bit(s) [4, 5]; byte 23: 0x72→0x84 bit(s) [7]
[14:23:48.263] P-02 rel 0x11/78 B: byte 15: 0xE9→0xFB bit(s) [4]; byte 17: 0xFA→0x00 bit(s) [3, 4, 5, 6, 7]; byte 18: 0xFF→0x00 bit(s) [0, 1, 2, 3, 4, 5, 6, 7]
[14:23:48.278] P-02 rel 0x11/78 B: byte 15: 0xFB→0xF1 bit(s) [3]; byte 21: 0x98→0x7A bit(s) [7]
[14:23:48.293] P-02 rel 0x11/78 B: byte 15: 0xF1→0xE9 bit(s) [3, 4]; byte 23: 0x8C→0x74 bit(s) [7]
[14:23:48.308] P-02 rel 0x11/78 B: byte 23: 0x74→0x94 bit(s) [7]
[14:23:48.338] P-02 rel 0x11/78 B: byte 15: 0xE8→0xE4 bit(s) [3]
[14:23:48.353] P-02 rel 0x11/78 B: byte 15: 0xE4→0xED bit(s) [3]; byte 19: 0x0E→0x11 bit(s) [4]
[14:23:48.368] P-02 rel 0x11/78 B: byte 15: 0xED→0xF3 bit(s) [3, 4]
[14:23:48.383] P-02 rel 0x11/78 B: byte 21: 0x70→0x86 bit(s) [7]
[14:23:48.398] P-02 rel 0x11/78 B: byte 17: 0x00→0xFF bit(s) [3, 4, 5, 6, 7]; byte 18: 0x00→0xFF bit(s) [0, 1, 2, 3, 4, 5, 6, 7]
[14:23:48.413] P-02 rel 0x11/78 B: byte 19: 0x12→0x0F bit(s) [4]; byte 23: 0x96→0x78 bit(s) [7]
[14:23:48.428] P-02 rel 0x11/78 B: byte 15: 0xF7→0xEB bit(s) [3, 4]
[14:23:48.458] P-02 rel 0x11/78 B: byte 17: 0xFF→0x01 bit(s) [3, 4, 5, 6, 7]; byte 18: 0xFF→0x00 bit(s) [0, 1, 2, 3, 4, 5, 6, 7]
[14:23:48.473] P-02 rel 0x11/78 B: byte 19: 0x04→0xFF bit(s) [4, 5, 6, 7]; byte 20: 0x00→0xFF bit(s) [0, 1, 2, 3, 4, 5, 6, 7]; byte 23: 0x78→0x9A bit(s) [7]
[14:23:48.488] P-02 rel 0x11/78 B: byte 15: 0xEF→0xF7 bit(s) [3, 4]; byte 21: 0x8C→0x76 bit(s) [7]
[14:23:48.503] P-02 rel 0x11/78 B: byte 21: 0x76→0x8C bit(s) [7]
[14:23:48.518] P-02 rel 0x11/78 B: byte 19: 0xFE→0x03 bit(s) [4, 5, 6, 7]; byte 20: 0xFF→0x00 bit(s) [0, 1, 2, 3, 4, 5, 6, 7]; byte 21: 0x8C→0x5C bit(s) [7]
[14:23:48.533] P-02 rel 0x11/78 B: byte 15: 0xF1→0xEF bit(s) [3, 4]; byte 17: 0x01→0xFF bit(s) [3, 4, 5, 6, 7]; byte 18: 0x00→0xFF bit(s) [0, 1, 2, 3, 4, 5, 6, 7]
[14:23:48.548] P-02 rel 0x11/78 B: byte 15: 0xEF→0xE7 bit(s) [3]; byte 23: 0x86→0x76 bit(s) [7]
[14:23:48.563] P-02 rel 0x11/78 B: byte 19: 0x0F→0x13 bit(s) [4]
[14:23:48.578] P-02 rel 0x11/78 B: byte 15: 0xE1→0xDB bit(s) [3, 4, 5]
[14:23:48.593] P-02 rel 0x11/78 B: byte 21: 0x78→0xB4 bit(s) [7]
[14:23:48.623] P-02 rel 0x11/78 B: byte 15: 0xD8→0xD0 bit(s) [3]; byte 17: 0xF8→0xF6 bit(s) [3]; byte 23: 0x74→0x8C bit(s) [7]
[14:23:48.638] P-02 rel 0x11/78 B: byte 15: 0xD0→0xCC bit(s) [3, 4]; byte 23: 0x8C→0x6C bit(s) [7]
[14:23:48.653] P-02 rel 0x11/78 B: byte 19: 0x1C→0x21 bit(s) [4, 5]; byte 23: 0x6C→0xA4 bit(s) [7]
[14:23:48.668] P-02 rel 0x11/78 B: byte 15: 0xC8→0xD0 bit(s) [3, 4]
[14:23:48.712] P-02 rel 0x11/78 B: byte 15: 0xD3→0xDC bit(s) [3]
[14:23:49.013]      … 14 linha(s) suprimida(s) neste segundo
[14:23:49.013] P-02 rel 0x11/78 B: byte 17: 0xFF→0x01 bit(s) [3, 4, 5, 6, 7]; byte 18: 0xFF→0x00 bit(s) [0, 1, 2, 3, 4, 5, 6, 7]
[14:23:49.028] P-02 rel 0x11/78 B: byte 21: 0x9A→0x7C bit(s) [7]
[14:23:49.043] P-02 rel 0x11/78 B: byte 17: 0x04→0x08 bit(s) [3]
[14:23:49.073] P-02 rel 0x11/78 B: byte 17: 0x0A→0x07 bit(s) [3]
[14:23:49.103] P-02 rel 0x11/78 B: byte 15: 0xF0→0xEE bit(s) [3, 4]; byte 19: 0x0F→0x11 bit(s) [4]
[14:23:49.118] P-02 rel 0x11/78 B: byte 15: 0xEE→0xF1 bit(s) [3, 4]; byte 21: 0x78→0x96 bit(s) [7]
[14:23:49.133] P-02 rel 0x11/78 B: byte 19: 0x14→0x0F bit(s) [4]
[14:23:49.193] P-02 rel 0x11/78 B: byte 21: 0x86→0x74 bit(s) [7]
[14:23:49.208] P-02 rel 0x11/78 B: byte 15: 0xF7→0xFC bit(s) [3]
[14:23:49.238] P-02 rel 0x11/78 B: byte 15: 0xFC→0xF7 bit(s) [3]
[14:23:49.283] P-02 rel 0x11/78 B: byte 15: 0xF0→0xF9 bit(s) [3]; byte 19: 0x0B→0x12 bit(s) [4]; byte 21: 0x7C→0x9A bit(s) [7]
[14:23:49.298] P-02 rel 0x11/78 B: byte 15: 0xF9→0xF7 bit(s) [3]; byte 22: 0xFA→0xFC bit(s) [1, 2]
[14:23:49.313] P-02 rel 0x11/78 B: byte 15: 0xF7→0xEF bit(s) [3, 4]; byte 22: 0xFC→0xFA bit(s) [1, 2]
[14:23:49.343] P-02 rel 0x11/78 B: byte 15: 0xE8→0xE4 bit(s) [3]
[14:23:49.388] P-02 rel 0x11/78 B: byte 15: 0xE5→0xE9 bit(s) [3]; byte 23: 0xDC→0x0E bit(s) [7]; byte 24: 0x14→0x15 bit(s) [0]
[14:23:49.403] P-02 rel 0x11/78 B: byte 19: 0x10→0x0C bit(s) [4]; byte 23: 0x0E→0xF0 bit(s) [7]; byte 24: 0x15→0x14 bit(s) [0]
[14:23:49.418] P-02 rel 0x11/78 B: byte 15: 0xEB→0xF2 bit(s) [3, 4]
[14:23:49.478] P-02 rel 0x11/78 B: byte 15: 0xF0→0xEE bit(s) [3, 4]
[14:23:49.493] P-02 rel 0x11/78 B: byte 21: 0x8E→0x76 bit(s) [7]
[14:23:49.508] P-02 rel 0x11/78 B: byte 21: 0x76→0x9E bit(s) [7]
[14:23:49.523] P-02 rel 0x11/78 B: byte 21: 0x9E→0x76 bit(s) [7]
[14:23:49.538] P-02 rel 0x11/78 B: byte 15: 0xED→0xE7 bit(s) [3]; byte 19: 0x0A→0x10 bit(s) [4]; byte 21: 0x76→0xAC bit(s) [7]
[14:23:49.553] P-02 rel 0x11/78 B: byte 15: 0xE7→0xDF bit(s) [3, 4, 5]; byte 21: 0xAC→0x66 bit(s) [7]
[14:23:49.568] P-02 rel 0x11/78 B: byte 15: 0xDF→0xE0 bit(s) [3, 4, 5]; byte 17: 0x00→0xF9 bit(s) [3, 4, 5, 6, 7]; byte 18: 0x00→0xFF bit(s) [0, 1, 2, 3, 4, 5, 6, 7]; byte 21: 0x66→0xA2 bit(s) [7]
[14:23:49.598] P-02 rel 0x11/78 B: byte 17: 0xF9→0x02 bit(s) [3, 4, 5, 6, 7]; byte 18: 0xFF→0x00 bit(s) [0, 1, 2, 3, 4, 5, 6, 7]; byte 19: 0x15→0x0F bit(s) [4]; byte 21: 0x90→0x28 bit(s) [7]; byte 23: 0xCC→0x3E bit(s) [7]; byte 24: 0x14→0x15 bit(s) [0]; byte 26: 0x07→0x08 bit(s) [0]
[14:23:49.613] P-02 rel 0x11/78 B: byte 15: 0xE5→0x06 bit(s) [5, 6, 7]; byte 16: 0xFF→0x00 bit(s) [0, 1, 2, 3, 4, 5, 6, 7]; byte 17: 0x02→0xF8 bit(s) [3, 4, 5, 6, 7]; byte 18: 0x00→0xFF bit(s) [0, 1, 2, 3, 4, 5, 6, 7]; byte 19: 0x0F→0x1C bit(s) [4]; byte 21: 0x28→0xC8 bit(s) [7]; byte 26: 0x08→0x07 bit(s) [0]
[14:23:49.628] P-02 rel 0x11/78 B: byte 15: 0x06→0xFE bit(s) [3, 4, 5, 6, 7]; byte 16: 0x00→0xFF bit(s) [0, 1, 2, 3, 4, 5, 6, 7]; byte 21: 0xC8→0x5E bit(s) [7]; byte 23: 0x04→0xD4 bit(s) [7]; byte 24: 0x15→0x14 bit(s) [0]
[14:23:49.643] P-02 rel 0x11/78 B: byte 15: 0xFE→0xE8 bit(s) [4]; byte 17: 0xFD→0x01 bit(s) [3, 4, 5, 6, 7]; byte 18: 0xFF→0x00 bit(s) [0, 1, 2, 3, 4, 5, 6, 7]; byte 19: 0x16→0x0F bit(s) [4]; byte 21: 0x5E→0x82 bit(s) [7]
[14:23:49.658] P-02 rel 0x11/78 B: byte 15: 0xE8→0xF0 bit(s) [3, 4]
[14:23:49.673] P-02 rel 0x11/78 B: byte 15: 0xF0→0xFA bit(s) [3]
[14:23:49.688] P-02 rel 0x11/78 B: byte 17: 0x02→0xFF bit(s) [3, 4, 5, 6, 7]; byte 18: 0x00→0xFF bit(s) [0, 1, 2, 3, 4, 5, 6, 7]
[14:23:49.703] P-02 rel 0x11/78 B: byte 15: 0xF8→0xF3 bit(s) [3]
[14:23:49.718] P-02 rel 0x11/78 B: byte 15: 0xF3→0xEB bit(s) [3, 4]; byte 17: 0xFB→0xF7 bit(s) [3]
[14:23:49.763] P-02 rel 0x11/78 B: byte 15: 0xE8→0xF0 bit(s) [3, 4]; byte 17: 0xF7→0xF8 bit(s) [3]; byte 19: 0x09→0x10 bit(s) [4]
[14:23:49.778] P-02 rel 0x11/78 B: byte 17: 0xF8→0xF6 bit(s) [3]
[14:23:49.793] P-02 rel 0x11/78 B: byte 15: 0xF1→0xE0 bit(s) [4]; byte 21: 0xA8→0x54 bit(s) [7]
[14:23:49.809] P-02 rel 0x11/78 B: byte 15: 0xE0→0xEC bit(s) [3]; byte 17: 0xF1→0xE5 bit(s) [4]; byte 19: 0x19→0x2B bit(s) [4, 5]
[14:23:49.823] P-02 rel 0x11/78 B: byte 15: 0xEC→0xFB bit(s) [4]; byte 19: 0x2B→0x3D bit(s) [4]; byte 21: 0x7E→0x8E bit(s) [7]
[14:23:49.838] P-02 rel 0x11/78 B: byte 15: 0xFB→0xF1 bit(s) [3]; byte 17: 0xE3→0xD9 bit(s) [3, 4, 5]; byte 19: 0x3D→0x4E bit(s) [4, 5, 6]
[14:23:49.853] P-02 rel 0x11/78 B: byte 15: 0xF1→0xDA bit(s) [3, 5]; byte 17: 0xD9→0xD3 bit(s) [3]; byte 19: 0x4E→0x56 bit(s) [4]
[14:23:50.003]      … 9 linha(s) suprimida(s) neste segundo
[14:23:50.003] P-02 rel 0x11/78 B: byte 15: 0xE9→0xF1 bit(s) [3, 4]; byte 17: 0xEF→0xF3 bit(s) [3, 4]; byte 19: 0x30→0x29 bit(s) [4]
[14:23:50.018] P-02 rel 0x11/78 B: byte 15: 0xF1→0xF8 bit(s) [3]
[14:23:50.033] P-02 rel 0x11/78 B: byte 19: 0x22→0x1A bit(s) [4, 5]; byte 21: 0x90→0x5C bit(s) [7]; byte 26: 0x07→0x08 bit(s) [0]
[14:23:50.048] P-02 rel 0x11/78 B: byte 17: 0xF1→0xEA bit(s) [3, 4]; byte 26: 0x08→0x07 bit(s) [0]
[14:23:50.064] P-02 rel 0x11/78 B: byte 17: 0xEA→0xE3 bit(s) [3]; byte 19: 0x1B→0x23 bit(s) [4, 5]; byte 21: 0x66→0x90 bit(s) [7]
[14:23:50.079] P-02 rel 0x11/78 B: byte 17: 0xE3→0xDF bit(s) [3, 4, 5]; byte 23: 0x2C→0xD0 bit(s) [7]; byte 24: 0x15→0x14 bit(s) [0]
[14:23:50.093] P-02 rel 0x11/78 B: byte 15: 0xF9→0xEF bit(s) [4]
[14:23:50.108] P-02 rel 0x11/78 B: byte 17: 0xDE→0xE5 bit(s) [3, 4, 5]; byte 19: 0x24→0x1A bit(s) [4, 5]; byte 23: 0xEA→0x08 bit(s) [7]; byte 24: 0x14→0x15 bit(s) [0]
[14:23:50.123] P-02 rel 0x11/78 B: byte 17: 0xE5→0xE9 bit(s) [3]
[14:23:50.198] P-02 rel 0x11/78 B: byte 21: 0x9A→0x78 bit(s) [7]
[14:23:50.213] P-02 rel 0x11/78 B: byte 15: 0xEF→0xF1 bit(s) [3, 4]; byte 21: 0x78→0x8C bit(s) [7]; byte 26: 0x07→0x08 bit(s) [0]
[14:23:50.228] P-02 rel 0x11/78 B: byte 26: 0x08→0x07 bit(s) [0]
[14:23:50.243] P-02 rel 0x11/78 B: byte 15: 0xF6→0xFC bit(s) [3]; byte 19: 0x1E→0x20 bit(s) [4, 5]; byte 21: 0x84→0x5E bit(s) [7]
[14:23:50.258] P-02 rel 0x11/78 B: byte 21: 0x5E→0x82 bit(s) [7]
[14:23:50.273] P-02 rel 0x11/78 B: byte 15: 0xF8→0xED bit(s) [4]; byte 17: 0xEA→0xE5 bit(s) [3]
[14:23:50.303] P-02 rel 0x11/78 B: byte 21: 0xB0→0x7A bit(s) [7]
[14:23:50.318] P-02 rel 0x11/78 B: byte 15: 0xEF→0xF7 bit(s) [3, 4]; byte 21: 0x7A→0xAE bit(s) [7]
[14:23:50.333] P-02 rel 0x11/78 B: byte 19: 0x20→0x1B bit(s) [4, 5]
[14:23:50.348] P-02 rel 0x11/78 B: byte 15: 0xF4→0xED bit(s) [3, 4]; byte 17: 0xE7→0xEB bit(s) [3]
[14:23:50.363] P-02 rel 0x11/78 B: byte 15: 0xED→0xF3 bit(s) [3, 4]
[14:23:50.378] P-02 rel 0x11/78 B: byte 15: 0xF3→0x02 bit(s) [4, 5, 6, 7]; byte 16: 0xFF→0x00 bit(s) [0, 1, 2, 3, 4, 5, 6, 7]
[14:23:50.393] P-02 rel 0x11/78 B: byte 15: 0x02→0x08 bit(s) [3]; byte 17: 0xE9→0xE4 bit(s) [3]
[14:23:50.408] P-02 rel 0x11/78 B: byte 15: 0x08→0x03 bit(s) [3]; byte 19: 0x1E→0x2A bit(s) [4, 5]
[14:23:50.437] P-02 rel 0x11/78 B: byte 17: 0xE0→0xDD bit(s) [3, 4, 5]; byte 19: 0x2A→0x30 bit(s) [4]; byte 26: 0x07→0x08 bit(s) [0]
[14:23:50.453] P-02 rel 0x11/78 B: byte 21: 0xA2→0x5C bit(s) [7]; byte 26: 0x08→0x07 bit(s) [0]
[14:23:50.468] P-02 rel 0x11/78 B: byte 15: 0x07→0xFB bit(s) [3, 4, 5, 6, 7]; byte 16: 0x00→0xFF bit(s) [0, 1, 2, 3, 4, 5, 6, 7]; byte 17: 0xD8→0xCF bit(s) [4]; byte 23: 0x00→0xFE bit(s) [7]; byte 24: 0x15→0x14 bit(s) [0]
[14:23:50.483] P-02 rel 0x11/78 B: byte 15: 0xFB→0xE0 bit(s) [3, 4]; byte 19: 0x37→0x46 bit(s) [4, 5, 6]; byte 21: 0x3E→0x88 bit(s) [7]; byte 24: 0x14→0x15 bit(s) [0]
[14:23:50.498] P-02 rel 0x11/78 B: byte 15: 0xE0→0xA1 bit(s) [6]; byte 17: 0xCB→0xC7 bit(s) [3]; byte 19: 0x46→0x58 bit(s) [4]; byte 21: 0x88→0x04 bit(s) [7]; byte 22: 0xFA→0xFB bit(s) [0]
[14:23:50.513] P-02 rel 0x11/78 B: byte 15: 0xA1→0x86 bit(s) [5]; byte 17: 0xC7→0xD3 bit(s) [4]; byte 23: 0xAE→0x58 bit(s) [7]
[14:23:50.528] P-02 rel 0x11/78 B: byte 15: 0x86→0x91 bit(s) [4]; byte 17: 0xD3→0xDB bit(s) [3]; byte 19: 0x5B→0x4D bit(s) [4]; byte 23: 0x58→0xA8 bit(s) [7]; byte 24: 0x15→0x14 bit(s) [0]; byte 26: 0x07→0x08 bit(s) [0]
[14:23:50.543] P-02 rel 0x11/78 B: byte 15: 0x91→0x9D bit(s) [3]; byte 19: 0x4D→0x33 bit(s) [4, 5, 6]; byte 21: 0x28→0xF4 bit(s) [7]; byte 22: 0xFB→0xFA bit(s) [0]; byte 23: 0xA8→0x7E bit(s) [7]
[14:23:50.558] P-02 rel 0x11/78 B: byte 15: 0x9D→0xB3 bit(s) [3, 5]; byte 17: 0xDE→0xEC bit(s) [4, 5]; byte 19: 0x33→0x21 bit(s) [4]; byte 24: 0x14→0x15 bit(s) [0]
[14:23:50.573] P-02 rel 0x11/78 B: byte 15: 0xB3→0xE9 bit(s) [3, 4, 6]; byte 17: 0xEC→0xFC bit(s) [4]
[14:23:50.588] P-02 rel 0x11/78 B: byte 15: 0xE9→0xFA bit(s) [4]; byte 17: 0xFC→0x11 bit(s) [3, 5, 6, 7]; byte 18: 0xFF→0x00 bit(s) [0, 1, 2, 3, 4, 5, 6, 7]; byte 19: 0x2D→0x36 bit(s) [4]
[14:23:50.603] P-02 rel 0x11/78 B: byte 15: 0xFA→0xDF bit(s) [5]; byte 17: 0x11→0x1E bit(s) [3]; byte 21: 0x98→0x36 bit(s) [7]
[14:23:50.618] P-02 rel 0x11/78 B: byte 15: 0xDF→0xAF bit(s) [4, 5, 6]; byte 17: 0x1E→0x26 bit(s) [3, 4, 5]; byte 19: 0x33→0x20 bit(s) [4]; byte 21: 0x36→0xD2 bit(s) [7]; byte 22: 0xFA→0xF9 bit(s) [0, 1]
[14:23:50.633] P-02 rel 0x11/78 B: byte 15: 0xAF→0xBF bit(s) [4]; byte 17: 0x26→0x1E bit(s) [3, 4, 5]; byte 19: 0x20→0xFF bit(s) [4, 6, 7]; byte 20: 0x00→0xFF bit(s) [0, 1, 2, 3, 4, 5, 6, 7]
[14:23:50.648] P-02 rel 0x11/78 B: byte 15: 0xBF→0xE0 bit(s) [3, 4, 6]; byte 19: 0xFF→0xED bit(s) [4]; byte 23: 0x72→0xCC bit(s) [7]
[14:23:50.663] P-02 rel 0x11/78 B: byte 15: 0xE0→0xFC bit(s) [3, 4]; byte 17: 0x18→0x17 bit(s) [3]; byte 21: 0xAE→0x06 bit(s) [7]; byte 22: 0xF9→0xFA bit(s) [0, 1]; byte 23: 0xCC→0x1A bit(s) [7]; byte 24: 0x15→0x16 bit(s) [0, 1]
[14:23:50.678] P-02 rel 0x11/78 B: byte 15: 0xFC→0x18 bit(s) [5, 6, 7]; byte 16: 0xFF→0x00 bit(s) [0, 1, 2, 3, 4, 5, 6, 7]; byte 17: 0x17→0x0E bit(s) [3, 4]; byte 23: 0x1A→0xC2 bit(s) [7]; byte 24: 0x16→0x15 bit(s) [0, 1]
[14:23:51.023]      … 19 linha(s) suprimida(s) neste segundo
[14:23:51.023] P-02 rel 0x11/78 B: byte 15: 0xE4→0xDA bit(s) [3, 4, 5]; byte 23: 0x9A→0x60 bit(s) [7]
[14:23:51.038] P-02 rel 0x11/78 B: byte 15: 0xDA→0xEA bit(s) [4, 5]; byte 17: 0xFB→0x06 bit(s) [3, 4, 5, 6, 7]; byte 18: 0xFF→0x00 bit(s) [0, 1, 2, 3, 4, 5, 6, 7]; byte 19: 0x01→0xF6 bit(s) [4, 5, 6, 7]; byte 20: 0x00→0xFF bit(s) [0, 1, 2, 3, 4, 5, 6, 7]; byte 23: 0x60→0x84 bit(s) [7]
[14:23:51.053] P-02 rel 0x11/78 B: byte 15: 0xEA→0x00 bit(s) [3, 5, 6, 7]; byte 16: 0xFF→0x00 bit(s) [0, 1, 2, 3, 4, 5, 6, 7]; byte 17: 0x06→0x0F bit(s) [3]
[14:23:51.068] P-02 rel 0x11/78 B: byte 15: 0x00→0xF8 bit(s) [3, 4, 5, 6, 7]; byte 16: 0x00→0xFF bit(s) [0, 1, 2, 3, 4, 5, 6, 7]; byte 21: 0x92→0x5C bit(s) [7]; byte 23: 0x82→0x6C bit(s) [7]
[14:23:51.083] P-02 rel 0x11/78 B: byte 15: 0xF8→0xEC bit(s) [4]; byte 23: 0x6C→0x84 bit(s) [7]
[14:23:51.098] P-02 rel 0x11/78 B: byte 15: 0xEC→0xE6 bit(s) [3]; byte 17: 0x0C→0x07 bit(s) [3]; byte 23: 0x84→0x6A bit(s) [7]
[14:23:51.113] P-02 rel 0x11/78 B: byte 15: 0xE6→0xEA bit(s) [3]; byte 23: 0x6A→0x82 bit(s) [7]
[14:23:51.128] P-02 rel 0x11/78 B: byte 15: 0xEA→0xDE bit(s) [4, 5]; byte 23: 0x82→0x62 bit(s) [7]
[14:23:51.158] P-02 rel 0x11/78 B: byte 15: 0xDA→0xE1 bit(s) [3, 4, 5]; byte 23: 0x52→0x82 bit(s) [7]
[14:23:51.173] P-02 rel 0x11/78 B: byte 15: 0xE1→0xEE bit(s) [3]
[14:23:51.188] P-02 rel 0x11/78 B: byte 15: 0xEE→0xF1 bit(s) [3, 4]; byte 19: 0xFB→0x03 bit(s) [4, 5, 6, 7]; byte 20: 0xFF→0x00 bit(s) [0, 1, 2, 3, 4, 5, 6, 7]
[14:23:51.203] P-02 rel 0x11/78 B: byte 15: 0xF1→0xE3 bit(s) [4]; byte 21: 0x60→0x80 bit(s) [7]
[14:23:51.218] P-02 rel 0x11/78 B: byte 21: 0x80→0x74 bit(s) [7]; byte 23: 0xC0→0x66 bit(s) [7]
[14:23:51.233] P-02 rel 0x11/78 B: byte 15: 0xE2→0xE8 bit(s) [3]; byte 21: 0x74→0x9A bit(s) [7]; byte 23: 0x66→0x82 bit(s) [7]
[14:23:51.278] P-02 rel 0x11/78 B: byte 15: 0xE9→0xE4 bit(s) [3]; byte 21: 0x9C→0x7A bit(s) [7]
[14:23:51.293] P-02 rel 0x11/78 B: byte 15: 0xE4→0xE9 bit(s) [3]; byte 19: 0x02→0xFE bit(s) [4, 5, 6, 7]; byte 20: 0x00→0xFF bit(s) [0, 1, 2, 3, 4, 5, 6, 7]; byte 21: 0x7A→0x96 bit(s) [7]
[14:23:51.308] P-02 rel 0x11/78 B: byte 15: 0xE9→0xF0 bit(s) [3, 4]; byte 21: 0x96→0x7A bit(s) [7]
[14:23:51.323] P-02 rel 0x11/78 B: byte 15: 0xF0→0xFF bit(s) [3]; byte 17: 0x07→0x09 bit(s) [3]
[14:23:51.338] P-02 rel 0x11/78 B: byte 15: 0xFF→0x03 bit(s) [3, 4, 5, 6, 7]; byte 16: 0xFF→0x00 bit(s) [0, 1, 2, 3, 4, 5, 6, 7]
[14:23:51.368] P-02 rel 0x11/78 B: byte 15: 0x00→0xE9 bit(s) [3, 5, 6, 7]; byte 16: 0x00→0xFF bit(s) [0, 1, 2, 3, 4, 5, 6, 7]; byte 17: 0x08→0x04 bit(s) [3]; byte 23: 0x86→0x6E bit(s) [7]
[14:23:51.383] P-02 rel 0x11/78 B: byte 15: 0xE9→0xE0 bit(s) [3]; byte 23: 0x6E→0x8A bit(s) [7]
[14:23:51.398] P-02 rel 0x11/78 B: byte 19: 0xFE→0x04 bit(s) [4, 5, 6, 7]; byte 20: 0xFF→0x00 bit(s) [0, 1, 2, 3, 4, 5, 6, 7]
[14:23:51.428] P-02 rel 0x11/78 B: byte 15: 0xE6→0xD2 bit(s) [4, 5]; byte 19: 0x09→0x11 bit(s) [4]; byte 23: 0xA8→0x7C bit(s) [7]
[14:23:51.443] P-02 rel 0x11/78 B: byte 15: 0xD2→0xC8 bit(s) [3, 4]; byte 21: 0x64→0x8A bit(s) [7]
[14:23:51.458] P-02 rel 0x11/78 B: byte 15: 0xC8→0xD2 bit(s) [3, 4]
[14:23:51.473] P-02 rel 0x11/78 B: byte 15: 0xD2→0xD9 bit(s) [3]; byte 17: 0x01→0xFE bit(s) [3, 4, 5, 6, 7]; byte 18: 0x00→0xFF bit(s) [0, 1, 2, 3, 4, 5, 6, 7]; byte 23: 0x6C→0x8E bit(s) [7]
[14:23:51.488] P-02 rel 0x11/78 B: byte 15: 0xD9→0xE0 bit(s) [3, 4, 5]
[14:23:51.518] P-02 rel 0x11/78 B: byte 21: 0x9C→0x58 bit(s) [7]
[14:23:51.533] P-02 rel 0x11/78 B: byte 15: 0xE1→0xE8 bit(s) [3]; byte 21: 0x58→0x94 bit(s) [7]
[14:23:51.548] P-02 rel 0x11/78 B: byte 15: 0xE8→0xDE bit(s) [4, 5]; byte 21: 0x94→0x3C bit(s) [7]
[14:23:51.563] P-02 rel 0x11/78 B: byte 15: 0xDE→0xCF bit(s) [4]; byte 23: 0xB8→0x64 bit(s) [7]
[14:23:51.578] P-02 rel 0x11/78 B: byte 15: 0xCF→0xDA bit(s) [4]; byte 17: 0xFF→0x01 bit(s) [3, 4, 5, 6, 7]; byte 18: 0xFF→0x00 bit(s) [0, 1, 2, 3, 4, 5, 6, 7]; byte 23: 0x64→0xB8 bit(s) [7]
[14:23:51.593] P-02 rel 0x11/78 B: byte 15: 0xDA→0xE7 bit(s) [3, 4, 5]
[14:23:51.608] P-02 rel 0x11/78 B: byte 19: 0x11→0x0D bit(s) [4]
[14:23:51.623] P-02 rel 0x11/78 B: byte 15: 0xE6→0xE9 bit(s) [3]
[14:23:51.638] P-02 rel 0x11/78 B: byte 15: 0xE9→0x03 bit(s) [3, 5, 6, 7]; byte 16: 0xFF→0x00 bit(s) [0, 1, 2, 3, 4, 5, 6, 7]; byte 17: 0x01→0xFE bit(s) [3, 4, 5, 6, 7]; byte 18: 0x00→0xFF bit(s) [0, 1, 2, 3, 4, 5, 6, 7]; byte 21: 0x70→0x8E bit(s) [7]; byte 23: 0xBA→0x08 bit(s) [7]; byte 24: 0x15→0x16 bit(s) [0, 1]
[14:23:51.653] P-02 rel 0x11/78 B: byte 15: 0x03→0x12 bit(s) [4]; byte 17: 0xFE→0x03 bit(s) [3, 4, 5, 6, 7]; byte 18: 0xFF→0x00 bit(s) [0, 1, 2, 3, 4, 5, 6, 7]; byte 19: 0x0A→0x10 bit(s) [4]; byte 21: 0x8E→0x6C bit(s) [7]; byte 23: 0x08→0xE6 bit(s) [7]; byte 24: 0x16→0x15 bit(s) [0, 1]
[14:23:51.668] P-02 rel 0x11/78 B: byte 21: 0x6C→0x88 bit(s) [7]
[14:23:51.683] P-02 rel 0x11/78 B: byte 17: 0x00→0xFF bit(s) [3, 4, 5, 6, 7]; byte 18: 0x00→0xFF bit(s) [0, 1, 2, 3, 4, 5, 6, 7]
[14:23:51.698] P-02 rel 0x11/78 B: byte 21: 0x82→0x74 bit(s) [7]
[14:23:52.013]      … 18 linha(s) suprimida(s) neste segundo
[14:23:52.014] P-02 rel 0x11/78 B: byte 15: 0x0C→0xF1 bit(s) [3, 4, 5, 6, 7]; byte 16: 0x00→0xFF bit(s) [0, 1, 2, 3, 4, 5, 6, 7]; byte 26: 0x07→0x08 bit(s) [0]
[14:23:52.028] P-02 rel 0x11/78 B: byte 15: 0xF1→0xF8 bit(s) [3]; byte 19: 0xFF→0x02 bit(s) [4, 5, 6, 7]; byte 20: 0xFF→0x00 bit(s) [0, 1, 2, 3, 4, 5, 6, 7]; byte 23: 0x68→0x8A bit(s) [7]
[14:23:52.043] P-02 rel 0x11/78 B: byte 15: 0xF8→0x01 bit(s) [3, 4, 5, 6, 7]; byte 16: 0xFF→0x00 bit(s) [0, 1, 2, 3, 4, 5, 6, 7]
[14:23:52.058] P-02 rel 0x11/78 B: byte 17: 0x06→0x09 bit(s) [3]
[14:23:52.073] P-02 rel 0x11/78 B: byte 23: 0xB2→0x7E bit(s) [7]
[14:23:52.088] P-02 rel 0x11/78 B: byte 15: 0x03→0xF2 bit(s) [4, 5, 6, 7]; byte 16: 0x00→0xFF bit(s) [0, 1, 2, 3, 4, 5, 6, 7]; byte 17: 0x09→0x03 bit(s) [3]
[14:23:52.118] P-02 rel 0x11/78 B: byte 15: 0xF3→0xFB bit(s) [3]
[14:23:52.178] P-02 rel 0x11/78 B: byte 15: 0xF9→0xF2 bit(s) [3]
[14:23:52.193] P-02 rel 0x11/78 B: byte 15: 0xF2→0xED bit(s) [3, 4]
[14:23:52.208] P-02 rel 0x11/78 B: byte 15: 0xED→0xF0 bit(s) [3, 4]; byte 21: 0x5E→0x80 bit(s) [7]; byte 26: 0x08→0x07 bit(s) [0]
[14:23:52.223] P-02 rel 0x11/78 B: byte 15: 0xF0→0xF9 bit(s) [3]
[14:23:52.238] P-02 rel 0x11/78 B: byte 15: 0xF9→0xF1 bit(s) [3]; byte 26: 0x07→0x08 bit(s) [0]
[14:23:52.253] P-02 rel 0x11/78 B: byte 17: 0x03→0x08 bit(s) [3]; byte 21: 0x94→0x6C bit(s) [7]; byte 26: 0x08→0x07 bit(s) [0]
[14:23:52.268] P-02 rel 0x11/78 B: byte 15: 0xF0→0xFD bit(s) [3]; byte 26: 0x07→0x08 bit(s) [0]
[14:23:52.298] P-02 rel 0x11/78 B: byte 15: 0xFB→0xF7 bit(s) [3]
[14:23:52.328] P-02 rel 0x11/78 B: byte 15: 0xF0→0xEE bit(s) [3, 4]
[14:23:52.358] P-02 rel 0x11/78 B: byte 15: 0xED→0xF2 bit(s) [3, 4]; byte 19: 0x0F→0x10 bit(s) [4]
[14:23:52.372] P-02 rel 0x11/78 B: byte 17: 0x09→0x07 bit(s) [3]; byte 19: 0x10→0x0D bit(s) [4]
[14:23:52.388] P-02 rel 0x11/78 B: byte 15: 0xF4→0xEF bit(s) [3, 4]
[14:23:52.403] P-02 rel 0x11/78 B: byte 15: 0xEF→0xE7 bit(s) [3]; byte 21: 0x7A→0x84 bit(s) [7]
[14:23:52.418] P-02 rel 0x11/78 B: byte 15: 0xE7→0xCF bit(s) [3, 5]; byte 17: 0x05→0x11 bit(s) [4]; byte 19: 0x08→0xFF bit(s) [4, 5, 6, 7]; byte 20: 0x00→0xFF bit(s) [0, 1, 2, 3, 4, 5, 6, 7]
[14:23:52.433] P-02 rel 0x11/78 B: byte 15: 0xCF→0xBB bit(s) [4, 5, 6]
[14:23:52.448] P-02 rel 0x11/78 B: byte 15: 0xBB→0xC7 bit(s) [3, 4, 5, 6]; byte 21: 0x96→0x76 bit(s) [7]
[14:23:52.463] P-02 rel 0x11/78 B: byte 15: 0xC7→0xD7 bit(s) [4]; byte 21: 0x76→0x84 bit(s) [7]; byte 23: 0x56→0x8C bit(s) [7]
[14:23:52.478] P-02 rel 0x11/78 B: byte 15: 0xD7→0xE7 bit(s) [4, 5]; byte 17: 0x10→0x06 bit(s) [4]; byte 21: 0x84→0x7C bit(s) [7]
[14:23:52.493] P-02 rel 0x11/78 B: byte 15: 0xE7→0x04 bit(s) [5, 6, 7]; byte 16: 0xFF→0x00 bit(s) [0, 1, 2, 3, 4, 5, 6, 7]
[14:23:52.508] P-02 rel 0x11/78 B: byte 21: 0x7C→0x94 bit(s) [7]
[14:23:52.523] P-02 rel 0x11/78 B: byte 17: 0x06→0x0B bit(s) [3]; byte 19: 0xFF→0x03 bit(s) [4, 5, 6, 7]; byte 20: 0xFF→0x00 bit(s) [0, 1, 2, 3, 4, 5, 6, 7]; byte 21: 0x94→0x78 bit(s) [7]; byte 23: 0xB8→0x7A bit(s) [7]
[14:23:52.538] P-02 rel 0x11/78 B: byte 15: 0x06→0xFF bit(s) [3, 4, 5, 6, 7]; byte 16: 0x00→0xFF bit(s) [0, 1, 2, 3, 4, 5, 6, 7]
[14:23:52.568] P-02 rel 0x11/78 B: byte 15: 0xFB→0xEC bit(s) [4]
[14:23:52.583] P-02 rel 0x11/78 B: byte 15: 0xEC→0xDD bit(s) [4, 5]
[14:23:52.598] P-02 rel 0x11/78 B: byte 21: 0x4C→0x86 bit(s) [7]
[14:23:52.613] P-02 rel 0x11/78 B: byte 15: 0xDF→0xE6 bit(s) [3, 4, 5]; byte 21: 0x86→0x7A bit(s) [7]
[14:23:52.628] P-02 rel 0x11/78 B: byte 17: 0x08→0x07 bit(s) [3]; byte 21: 0x7A→0x9A bit(s) [7]; byte 23: 0x74→0x9C bit(s) [7]
[14:23:52.643] P-02 rel 0x11/78 B: byte 15: 0xE3→0xE8 bit(s) [3]; byte 17: 0x07→0x08 bit(s) [3]; byte 21: 0x9A→0x7C bit(s) [7]
[14:23:52.658] P-02 rel 0x11/78 B: byte 15: 0xE8→0xF8 bit(s) [4]; byte 21: 0x7C→0x8C bit(s) [7]
[14:23:52.673] P-02 rel 0x11/78 B: byte 17: 0x08→0x07 bit(s) [3]
[14:23:52.688] P-02 rel 0x11/78 B: byte 15: 0xFC→0xF3 bit(s) [3]; byte 17: 0x07→0x09 bit(s) [3]; byte 19: 0x00→0xF8 bit(s) [4, 5, 6, 7]; byte 20: 0x00→0xFF bit(s) [0, 1, 2, 3, 4, 5, 6, 7]; byte 23: 0x9C→0x6C bit(s) [7]
[14:23:52.703] P-02 rel 0x11/78 B: byte 17: 0x09→0x07 bit(s) [3]
[14:23:52.718] P-02 rel 0x11/78 B: byte 17: 0x07→0x09 bit(s) [3]; byte 19: 0xF4→0xEE bit(s) [4]
[14:23:53.003]      … 14 linha(s) suprimida(s) neste segundo
[14:23:53.003] P-02 rel 0x11/78 B: byte 15: 0xEE→0xF4 bit(s) [3, 4]
[14:23:53.063] P-02 rel 0x11/78 B: byte 19: 0x0F→0x10 bit(s) [4]
[14:23:53.078] P-02 rel 0x11/78 B: byte 15: 0xF1→0xEB bit(s) [3, 4]; byte 17: 0x08→0x03 bit(s) [3]; byte 19: 0x10→0x0E bit(s) [4]
[14:23:53.093] P-02 rel 0x11/78 B: byte 17: 0x03→0xFD bit(s) [3, 4, 5, 6, 7]; byte 18: 0x00→0xFF bit(s) [0, 1, 2, 3, 4, 5, 6, 7]
[14:23:53.108] P-02 rel 0x11/78 B: byte 17: 0xFD→0x03 bit(s) [3, 4, 5, 6, 7]; byte 18: 0xFF→0x00 bit(s) [0, 1, 2, 3, 4, 5, 6, 7]; byte 21: 0x5A→0x8E bit(s) [7]
[14:23:53.123] P-02 rel 0x11/78 B: byte 15: 0xEA→0xF0 bit(s) [3, 4]
[14:23:53.138] P-02 rel 0x11/78 B: byte 17: 0x05→0x09 bit(s) [3]; byte 19: 0x04→0xFD bit(s) [4, 5, 6, 7]; byte 20: 0x00→0xFF bit(s) [0, 1, 2, 3, 4, 5, 6, 7]; byte 21: 0x88→0x68 bit(s) [7]
[14:23:53.153] P-02 rel 0x11/78 B: byte 17: 0x09→0x07 bit(s) [3]
[14:23:53.183] P-02 rel 0x11/78 B: byte 19: 0xFD→0x01 bit(s) [4, 5, 6, 7]; byte 20: 0xFF→0x00 bit(s) [0, 1, 2, 3, 4, 5, 6, 7]
[14:23:53.198] P-02 rel 0x11/78 B: byte 15: 0xF7→0xF9 bit(s) [3]; byte 21: 0x7E→0x8C bit(s) [7]
[14:23:53.213] P-02 rel 0x11/78 B: byte 15: 0xF9→0xF4 bit(s) [3]; byte 21: 0x8C→0x62 bit(s) [7]
[14:23:53.228] P-02 rel 0x11/78 B: byte 15: 0xF4→0xED bit(s) [3, 4]
[14:23:53.273] P-02 rel 0x11/78 B: byte 15: 0xE9→0xF6 bit(s) [3, 4]; byte 19: 0x0C→0x10 bit(s) [4]
[14:23:53.288] P-02 rel 0x11/78 B: byte 15: 0xF6→0xF8 bit(s) [3]; byte 17: 0x07→0x08 bit(s) [3]
[14:23:53.303] P-02 rel 0x11/78 B: byte 17: 0x08→0x06 bit(s) [3]
[14:23:53.332] P-02 rel 0x11/78 B: byte 15: 0xF8→0xF2 bit(s) [3]; byte 21: 0x76→0x80 bit(s) [7]
[14:23:53.348] P-02 rel 0x11/78 B: byte 15: 0xF2→0xFC bit(s) [3]; byte 19: 0x12→0x0F bit(s) [4]
[14:23:53.363] P-02 rel 0x11/78 B: byte 15: 0xFC→0x00 bit(s) [3, 4, 5, 6, 7]; byte 16: 0xFF→0x00 bit(s) [0, 1, 2, 3, 4, 5, 6, 7]
[14:23:53.378] P-02 rel 0x11/78 B: byte 15: 0x00→0xF8 bit(s) [3, 4, 5, 6, 7]; byte 16: 0x00→0xFF bit(s) [0, 1, 2, 3, 4, 5, 6, 7]; byte 19: 0x0D→0xFF bit(s) [4, 5, 6, 7]; byte 20: 0x00→0xFF bit(s) [0, 1, 2, 3, 4, 5, 6, 7]; byte 21: 0x9A→0x7A bit(s) [7]
[14:23:53.438] P-02 rel 0x11/78 B: byte 15: 0xFA→0xF5 bit(s) [3]
[14:23:53.468] P-02 rel 0x11/78 B: byte 19: 0xFF→0x06 bit(s) [4, 5, 6, 7]; byte 20: 0xFF→0x00 bit(s) [0, 1, 2, 3, 4, 5, 6, 7]
[14:23:53.498] P-02 rel 0x11/78 B: byte 17: 0x07→0x09 bit(s) [3]
[14:23:53.528] P-02 rel 0x11/78 B: byte 17: 0x09→0x07 bit(s) [3]; byte 23: 0xB4→0x7E bit(s) [7]
[14:23:53.543] P-02 rel 0x11/78 B: byte 15: 0xF0→0xEE bit(s) [3, 4]; byte 17: 0x07→0x08 bit(s) [3]; byte 23: 0x7E→0x8E bit(s) [7]
[14:23:53.558] P-02 rel 0x11/78 B: byte 15: 0xEE→0xF7 bit(s) [3, 4]
[14:23:53.573] P-02 rel 0x11/78 B: byte 15: 0xF7→0xF8 bit(s) [3]; byte 17: 0x09→0x07 bit(s) [3]; byte 21: 0x72→0x8A bit(s) [7]
[14:23:53.588] P-02 rel 0x11/78 B: byte 15: 0xF8→0xF0 bit(s) [3]; byte 17: 0x07→0x08 bit(s) [3]; byte 21: 0x8A→0x7C bit(s) [7]
[14:23:53.603] P-02 rel 0x11/78 B: byte 21: 0x7C→0x8C bit(s) [7]
[14:23:53.618] P-02 rel 0x11/78 B: byte 15: 0xF0→0xE9 bit(s) [3, 4]; byte 17: 0x09→0x03 bit(s) [3]; byte 21: 0x8C→0x6C bit(s) [7]
[14:23:53.633] P-02 rel 0x11/78 B: byte 17: 0x03→0x08 bit(s) [3]; byte 19: 0x00→0xFF bit(s) [4, 5, 6, 7]; byte 20: 0x00→0xFF bit(s) [0, 1, 2, 3, 4, 5, 6, 7]; byte 21: 0x6C→0x86 bit(s) [7]
[14:23:53.648] P-02 rel 0x11/78 B: byte 15: 0xEE→0xF0 bit(s) [3, 4]; byte 19: 0xFF→0x00 bit(s) [4, 5, 6, 7]; byte 20: 0xFF→0x00 bit(s) [0, 1, 2, 3, 4, 5, 6, 7]; byte 21: 0x86→0x5E bit(s) [7]
[14:23:53.663] P-02 rel 0x11/78 B: byte 15: 0xF0→0xFA bit(s) [3]; byte 19: 0x00→0xFB bit(s) [4, 5, 6, 7]; byte 20: 0x00→0xFF bit(s) [0, 1, 2, 3, 4, 5, 6, 7]
[14:23:53.678] P-02 rel 0x11/78 B: byte 15: 0xFA→0x01 bit(s) [3, 4, 5, 6, 7]; byte 16: 0xFF→0x00 bit(s) [0, 1, 2, 3, 4, 5, 6, 7]; byte 17: 0x0D→0x10 bit(s) [3, 4]
[14:23:53.693] P-02 rel 0x11/78 B: byte 15: 0x01→0xFD bit(s) [3, 4, 5, 6, 7]; byte 16: 0x00→0xFF bit(s) [0, 1, 2, 3, 4, 5, 6, 7]; byte 17: 0x10→0x0E bit(s) [3, 4]
[14:23:53.708] P-02 rel 0x11/78 B: byte 15: 0xFD→0xED bit(s) [4]; byte 17: 0x0E→0x12 bit(s) [3, 4]
[14:23:53.723] P-02 rel 0x11/78 B: byte 15: 0xED→0xDC bit(s) [4, 5]; byte 17: 0x12→0x0F bit(s) [3, 4]
[14:23:53.753] P-02 rel 0x11/78 B: byte 15: 0xDF→0xEF bit(s) [4, 5]; byte 17: 0x0B→0x05 bit(s) [3]
[14:23:53.768] P-02 rel 0x11/78 B: byte 15: 0xEF→0xE6 bit(s) [3]
[14:23:53.783] P-02 rel 0x11/78 B: byte 15: 0xE6→0xF0 bit(s) [4]
[14:23:53.798] P-02 rel 0x11/78 B: byte 15: 0xF0→0xEF bit(s) [3, 4]; byte 21: 0x68→0xB2 bit(s) [7]
[14:23:54.008]      … 11 linha(s) suprimida(s) neste segundo
[14:23:54.008] P-02 rel 0x11/78 B: byte 19: 0xD2→0xCC bit(s) [4]
[14:23:54.023] P-02 rel 0x11/78 B: byte 15: 0xE2→0xEC bit(s) [3]
[14:23:54.053] P-02 rel 0x11/78 B: byte 15: 0xEE→0xF9 bit(s) [4]
[14:23:54.068] P-02 rel 0x11/78 B: byte 15: 0xF9→0x21 bit(s) [3, 4, 6, 7]; byte 16: 0xFF→0x00 bit(s) [0, 1, 2, 3, 4, 5, 6, 7]; byte 17: 0x2E→0x27 bit(s) [3]; byte 19: 0xCE→0xD9 bit(s) [4]
[14:23:54.083] P-02 rel 0x11/78 B: byte 17: 0x27→0x1D bit(s) [3, 4, 5]; byte 19: 0xD9→0xE1 bit(s) [4, 5]
[14:23:54.098] P-02 rel 0x11/78 B: byte 15: 0x20→0x19 bit(s) [3, 4, 5]; byte 17: 0x1D→0x0C bit(s) [4]
[14:23:54.113] P-02 rel 0x11/78 B: byte 15: 0x19→0x12 bit(s) [3]; byte 17: 0x0C→0xFA bit(s) [4, 5, 6, 7]; byte 18: 0x00→0xFF bit(s) [0, 1, 2, 3, 4, 5, 6, 7]; byte 19: 0xEE→0x05 bit(s) [5, 6, 7]; byte 20: 0xFF→0x00 bit(s) [0, 1, 2, 3, 4, 5, 6, 7]; byte 21: 0x2C→0xA2 bit(s) [7]; byte 23: 0x86→0x2E bit(s) [7]; byte 26: 0x08→0x07 bit(s) [0]
[14:23:54.128] P-02 rel 0x11/78 B: byte 15: 0x12→0xE9 bit(s) [3, 4, 5, 6, 7]; byte 16: 0x00→0xFF bit(s) [0, 1, 2, 3, 4, 5, 6, 7]; byte 17: 0xFA→0xF4 bit(s) [3]
[14:23:54.143] P-02 rel 0x11/78 B: byte 15: 0xE9→0xCC bit(s) [5]; byte 26: 0x07→0x08 bit(s) [0]
[14:23:54.158] P-02 rel 0x11/78 B: byte 15: 0xCC→0xD4 bit(s) [3, 4]; byte 17: 0xF4→0xFF bit(s) [3]; byte 19: 0x0B→0x10 bit(s) [4]
[14:23:54.173] P-02 rel 0x11/78 B: byte 15: 0xD4→0xE9 bit(s) [3, 4, 5]; byte 17: 0xFF→0x08 bit(s) [4, 5, 6, 7]; byte 18: 0xFF→0x00 bit(s) [0, 1, 2, 3, 4, 5, 6, 7]; byte 21: 0xB6→0x70 bit(s) [7]; byte 23: 0x70→0xC4 bit(s) [7]
[14:23:54.188] P-02 rel 0x11/78 B: byte 15: 0xE9→0xE5 bit(s) [3]
[14:23:54.203] P-02 rel 0x11/78 B: byte 17: 0x0D→0x10 bit(s) [3, 4]
[14:23:54.218] P-02 rel 0x11/78 B: byte 17: 0x10→0x0C bit(s) [3, 4]
[14:23:54.233] P-02 rel 0x11/78 B: byte 15: 0xE2→0xF0 bit(s) [4]; byte 17: 0x0C→0x10 bit(s) [3, 4]
[14:23:54.248] P-02 rel 0x11/78 B: byte 15: 0xF0→0xFF bit(s) [3]; byte 19: 0x11→0x09 bit(s) [4]
[14:23:54.263] P-02 rel 0x11/78 B: byte 15: 0xFF→0x03 bit(s) [3, 4, 5, 6, 7]; byte 16: 0xFF→0x00 bit(s) [0, 1, 2, 3, 4, 5, 6, 7]
[14:23:54.278] P-02 rel 0x11/78 B: byte 15: 0x03→0xFB bit(s) [3, 4, 5, 6, 7]; byte 16: 0x00→0xFE bit(s) [1, 2, 3, 4, 5, 6, 7]; byte 17: 0x11→0x0C bit(s) [3, 4]; byte 19: 0x03→0xF5 bit(s) [4, 5, 6, 7]; byte 20: 0x00→0xFF bit(s) [0, 1, 2, 3, 4, 5, 6, 7]
[14:23:54.293] P-02 rel 0x11/78 B: byte 16: 0xFE→0xFF bit(s) [0]; byte 19: 0xF5→0xE9 bit(s) [4]
[14:23:54.322] P-02 rel 0x11/78 B: byte 15: 0xFF→0x01 bit(s) [3, 4, 5, 6, 7]; byte 16: 0xFF→0x00 bit(s) [0, 1, 2, 3, 4, 5, 6, 7]; byte 17: 0x0D→0x13 bit(s) [3, 4]; byte 19: 0xE0→0xDB bit(s) [4, 5]
[14:23:54.337] P-02 rel 0x11/78 B: byte 15: 0x01→0xFF bit(s) [3, 4, 5, 6, 7]; byte 16: 0x00→0xFF bit(s) [0, 1, 2, 3, 4, 5, 6, 7]
[14:23:54.353] P-02 rel 0x11/78 B: byte 15: 0xFF→0x0A bit(s) [4, 5, 6, 7]; byte 16: 0xFF→0x00 bit(s) [0, 1, 2, 3, 4, 5, 6, 7]; byte 17: 0x15→0x1C bit(s) [3]
[14:23:54.383] P-02 rel 0x11/78 B: byte 17: 0x1C→0x14 bit(s) [3]; byte 19: 0xDB→0xE4 bit(s) [4, 5]
[14:23:54.398] P-02 rel 0x11/78 B: byte 15: 0x0E→0x07 bit(s) [3]; byte 17: 0x14→0x08 bit(s) [3, 4]; byte 19: 0xE4→0xF5 bit(s) [4]; byte 23: 0xA2→0x5A bit(s) [7]
[14:23:54.413] P-02 rel 0x11/78 B: byte 15: 0x07→0xF8 bit(s) [3, 4, 5, 6, 7]; byte 16: 0x00→0xFF bit(s) [0, 1, 2, 3, 4, 5, 6, 7]; byte 17: 0x08→0x01 bit(s) [3]; byte 19: 0xF5→0x07 bit(s) [4, 5, 6, 7]; byte 20: 0xFF→0x00 bit(s) [0, 1, 2, 3, 4, 5, 6, 7]
[14:23:54.428] P-02 rel 0x11/78 B: byte 15: 0xF8→0xEC bit(s) [4]; byte 17: 0x01→0xFE bit(s) [3, 4, 5, 6, 7]; byte 18: 0x00→0xFF bit(s) [0, 1, 2, 3, 4, 5, 6, 7]; byte 19: 0x07→0x10 bit(s) [4]
[14:23:54.443] P-02 rel 0x11/78 B: byte 15: 0xEC→0xE6 bit(s) [3]
[14:23:54.473] P-02 rel 0x11/78 B: byte 15: 0xE3→0xD9 bit(s) [3, 4, 5]; byte 23: 0x76→0x82 bit(s) [7]
[14:23:54.488] P-02 rel 0x11/78 B: byte 15: 0xD9→0xEA bit(s) [4, 5]; byte 17: 0xFB→0x04 bit(s) [3, 4, 5, 6, 7]; byte 18: 0xFF→0x00 bit(s) [0, 1, 2, 3, 4, 5, 6, 7]; byte 19: 0x14→0x0F bit(s) [4]
[14:23:54.503] P-02 rel 0x11/78 B: byte 15: 0xEA→0xFA bit(s) [4]; byte 17: 0x04→0x0B bit(s) [3]
[14:23:54.518] P-02 rel 0x11/78 B: byte 15: 0xFA→0x00 bit(s) [3, 4, 5, 6, 7]; byte 16: 0xFF→0x00 bit(s) [0, 1, 2, 3, 4, 5, 6, 7]
[14:23:54.533] P-02 rel 0x11/78 B: byte 15: 0x00→0xFF bit(s) [3, 4, 5, 6, 7]; byte 16: 0x00→0xFF bit(s) [0, 1, 2, 3, 4, 5, 6, 7]
[14:23:54.563] P-02 rel 0x11/78 B: byte 17: 0x08→0x01 bit(s) [3]; byte 19: 0x02→0xFD bit(s) [4, 5, 6, 7]; byte 20: 0x00→0xFF bit(s) [0, 1, 2, 3, 4, 5, 6, 7]
[14:23:54.578] P-02 rel 0x11/78 B: byte 15: 0xF9→0xF2 bit(s) [3]
[14:23:54.608] P-02 rel 0x11/78 B: byte 15: 0xF4→0xFF bit(s) [3]
[14:23:54.623] P-02 rel 0x11/78 B: byte 15: 0xFF→0x07 bit(s) [3, 4, 5, 6, 7]; byte 16: 0xFF→0x00 bit(s) [0, 1, 2, 3, 4, 5, 6, 7]
[14:23:54.638] P-02 rel 0x11/78 B: byte 19: 0xFB→0x00 bit(s) [4, 5, 6, 7]; byte 20: 0xFF→0x00 bit(s) [0, 1, 2, 3, 4, 5, 6, 7]; byte 23: 0xB2→0x7E bit(s) [7]
[14:23:54.653] P-02 rel 0x11/78 B: byte 15: 0x05→0xF0 bit(s) [4, 5, 6, 7]; byte 16: 0x00→0xFF bit(s) [0, 1, 2, 3, 4, 5, 6, 7]; byte 23: 0x7E→0x82 bit(s) [7]
[14:23:54.668] P-02 rel 0x11/78 B: byte 17: 0x05→0x0B bit(s) [3]; byte 23: 0x82→0x60 bit(s) [7]
[14:23:54.684] P-02 rel 0x11/78 B: byte 23: 0x60→0x80 bit(s) [7]
[14:23:55.012]      … 19 linha(s) suprimida(s) neste segundo
[14:23:55.012] P-02 rel 0x11/78 B: byte 15: 0x14→0xFC bit(s) [3, 5, 6, 7]; byte 16: 0x00→0xFF bit(s) [0, 1, 2, 3, 4, 5, 6, 7]; byte 21: 0x02→0xE8 bit(s) [7]; byte 22: 0xFA→0xF9 bit(s) [0, 1]
[14:23:55.028] P-02 rel 0x11/78 B: byte 15: 0xFC→0x03 bit(s) [3, 4, 5, 6, 7]; byte 16: 0xFF→0x00 bit(s) [0, 1, 2, 3, 4, 5, 6, 7]; byte 17: 0x24→0x1F bit(s) [3, 4, 5]
[14:23:55.043] P-02 rel 0x11/78 B: byte 15: 0x03→0xFA bit(s) [3, 4, 5, 6, 7]; byte 16: 0x00→0xFF bit(s) [0, 1, 2, 3, 4, 5, 6, 7]; byte 19: 0xD7→0xE3 bit(s) [4, 5]; byte 21: 0xEA→0x18 bit(s) [7]; byte 22: 0xF9→0xFA bit(s) [0, 1]
[14:23:55.058] P-02 rel 0x11/78 B: byte 15: 0xFA→0xF5 bit(s) [3]; byte 17: 0x18→0x17 bit(s) [3]; byte 21: 0x18→0xF2 bit(s) [7]; byte 22: 0xFA→0xF9 bit(s) [0, 1]
[14:23:55.073] P-02 rel 0x11/78 B: byte 15: 0xF5→0xFB bit(s) [3]; byte 19: 0xEB→0xF0 bit(s) [4]
[14:23:55.088] P-02 rel 0x11/78 B: byte 15: 0xFB→0x08 bit(s) [4, 5, 6, 7]; byte 16: 0xFF→0x00 bit(s) [0, 1, 2, 3, 4, 5, 6, 7]; byte 17: 0x12→0x0A bit(s) [3, 4]; byte 21: 0xF4→0x48 bit(s) [7]; byte 22: 0xF9→0xFA bit(s) [0, 1]
[14:23:55.103] P-02 rel 0x11/78 B: byte 23: 0x40→0x88 bit(s) [7]
[14:23:55.118] P-02 rel 0x11/78 B: byte 15: 0x08→0xF4 bit(s) [3, 4, 5, 6, 7]; byte 16: 0x00→0xFF bit(s) [0, 1, 2, 3, 4, 5, 6, 7]; byte 23: 0x88→0x52 bit(s) [7]
[14:23:55.147] P-02 rel 0x11/78 B: byte 15: 0xF4→0xEA bit(s) [3, 4]; byte 17: 0x0E→0x06 bit(s) [3]; byte 19: 0xF8→0x03 bit(s) [4, 5, 6, 7]; byte 20: 0xFF→0x00 bit(s) [0, 1, 2, 3, 4, 5, 6, 7]
[14:23:55.163] P-02 rel 0x11/78 B: byte 15: 0xEA→0xFD bit(s) [4]
[14:23:55.193] P-02 rel 0x11/78 B: byte 15: 0xF9→0xE9 bit(s) [4]; byte 17: 0x02→0xFE bit(s) [3, 4, 5, 6, 7]; byte 18: 0x00→0xFF bit(s) [0, 1, 2, 3, 4, 5, 6, 7]; byte 19: 0x0D→0x10 bit(s) [4]
[14:23:55.208] P-02 rel 0x11/78 B: byte 15: 0xE9→0xF7 bit(s) [3, 4]; byte 17: 0xFE→0x09 bit(s) [4, 5, 6, 7]; byte 18: 0xFF→0x00 bit(s) [0, 1, 2, 3, 4, 5, 6, 7]; byte 19: 0x10→0x09 bit(s) [4]; byte 23: 0x6A→0x80 bit(s) [7]
[14:23:55.217] P-02 resumo: relatório 0x11 com 78 bytes, 6901 recebido(s); ruído de repouso: byte 9 bits [3, 4, 5, 6, 7]; byte 13 bits [1, 2, 3, 4, 5, 6, 7]; byte 15 bits [0, 1, 2]; byte 17 bits [0, 1, 2]; byte 19 bits [0, 1, 2, 3]; byte 21 bits [1, 2, 3, 4, 5, 6]; byte 23 bits [1, 2, 3, 4, 5, 6]; byte 25 bits [1, 2, 3, 4, 5, 6, 7]; byte 26 bits [1, 2, 3, 4, 5]; byte 74 bits [0, 1, 2, 3, 4, 5, 6, 7]; byte 75 bits [0, 1, 2, 3, 4, 5, 6, 7]; byte 76 bits [0, 1, 2, 3, 4, 5, 6, 7]; byte 77 bits [0, 1, 2, 3, 4, 5, 6, 7]
[14:23:55.223] P-02 rel 0x11/78 B: byte 15: 0xF7→0xFC bit(s) [3]
[14:23:55.238] P-02 rel 0x11/78 B: byte 15: 0xFC→0xF7 bit(s) [3]; byte 23: 0x98→0x72 bit(s) [7]
[14:23:55.253] P-02 rel 0x11/78 B: byte 15: 0xF7→0xF9 bit(s) [3]; byte 17: 0x0B→0x04 bit(s) [3]; byte 19: 0x00→0xFF bit(s) [4, 5, 6, 7]; byte 20: 0x00→0xFF bit(s) [0, 1, 2, 3, 4, 5, 6, 7]; byte 21: 0x02→0xFC bit(s) [7]; byte 22: 0xFA→0xF9 bit(s) [0, 1]
[14:23:55.268] P-02 rel 0x11/78 B: byte 19: 0xFF→0x03 bit(s) [4, 5, 6, 7]; byte 20: 0xFF→0x00 bit(s) [0, 1, 2, 3, 4, 5, 6, 7]; byte 21: 0xFC→0x16 bit(s) [7]; byte 22: 0xF9→0xFA bit(s) [0, 1]
[14:23:55.283] P-02 rel 0x11/78 B: byte 15: 0xF8→0xF4 bit(s) [3]; byte 17: 0x00→0xFD bit(s) [3, 4, 5, 6, 7]; byte 18: 0x00→0xFF bit(s) [0, 1, 2, 3, 4, 5, 6, 7]
[14:23:55.298] P-02 rel 0x11/78 B: byte 15: 0xF4→0xE9 bit(s) [3, 4]
[14:23:55.328] P-02 rel 0x11/78 B: byte 15: 0xEA→0xF4 bit(s) [3, 4]
[14:23:55.343] P-02 rel 0x11/78 B: byte 19: 0x0C→0x11 bit(s) [4]
[14:23:55.373] P-02 rel 0x11/78 B: byte 15: 0xF2→0xEE bit(s) [3, 4]; byte 17: 0xFF→0x02 bit(s) [3, 4, 5, 6, 7]; byte 18: 0xFF→0x00 bit(s) [0, 1, 2, 3, 4, 5, 6, 7]
[14:23:55.388] P-02 rel 0x11/78 B: byte 15: 0xEE→0xF3 bit(s) [3, 4]
[14:23:55.418] P-02 rel 0x11/78 B: byte 15: 0xF3→0xEF bit(s) [3, 4]
[14:23:55.448] P-02 rel 0x11/78 B: byte 15: 0xEF→0xF1 bit(s) [3, 4]; byte 17: 0x01→0xFF bit(s) [3, 4, 5, 6, 7]; byte 18: 0x00→0xFF bit(s) [0, 1, 2, 3, 4, 5, 6, 7]; byte 19: 0x10→0x0D bit(s) [4]
[14:23:55.463] P-02 rel 0x11/78 B: byte 17: 0xFF→0x03 bit(s) [3, 4, 5, 6, 7]; byte 18: 0xFF→0x00 bit(s) [0, 1, 2, 3, 4, 5, 6, 7]; byte 23: 0x64→0x8A bit(s) [7]
[14:23:55.478] P-02 rel 0x11/78 B: byte 23: 0x8A→0x5C bit(s) [7]
[14:23:55.508] P-02 rel 0x11/78 B: byte 15: 0xF5→0xFB bit(s) [3]; byte 19: 0x00→0xFF bit(s) [4, 5, 6, 7]; byte 20: 0x00→0xFF bit(s) [0, 1, 2, 3, 4, 5, 6, 7]
[14:23:55.523] P-02 rel 0x11/78 B: byte 15: 0xFB→0xF3 bit(s) [3]
[14:23:55.538] P-02 rel 0x11/78 B: byte 15: 0xF3→0xEE bit(s) [3, 4]
[14:23:55.553] P-02 rel 0x11/78 B: byte 15: 0xEE→0xF7 bit(s) [3, 4]; byte 19: 0xFD→0x00 bit(s) [4, 5, 6, 7]; byte 20: 0xFF→0x00 bit(s) [0, 1, 2, 3, 4, 5, 6, 7]
[14:23:55.568] P-02 rel 0x11/78 B: byte 15: 0xF7→0x00 bit(s) [4, 5, 6, 7]; byte 16: 0xFF→0x00 bit(s) [0, 1, 2, 3, 4, 5, 6, 7]
[14:23:55.583] P-02 rel 0x11/78 B: byte 15: 0x00→0xFD bit(s) [3, 4, 5, 6, 7]; byte 16: 0x00→0xFF bit(s) [0, 1, 2, 3, 4, 5, 6, 7]; byte 17: 0x05→0x09 bit(s) [3]
[14:23:55.598] P-02 rel 0x11/78 B: byte 17: 0x09→0x07 bit(s) [3]
[14:23:55.613] P-02 rel 0x11/78 B: byte 15: 0xFB→0xF6 bit(s) [3]
[14:23:55.643] P-02 rel 0x11/78 B: byte 15: 0xF7→0xF9 bit(s) [3]
[14:23:55.658] P-02 rel 0x11/78 B: byte 15: 0xF9→0xF4 bit(s) [3]; byte 26: 0x08→0x07 bit(s) [0]
[14:23:55.673] P-02 rel 0x11/78 B: byte 26: 0x07→0x08 bit(s) [0]
[14:23:55.703] P-02 rel 0x11/78 B: byte 19: 0x03→0xFD bit(s) [4, 5, 6, 7]; byte 20: 0x00→0xFF bit(s) [0, 1, 2, 3, 4, 5, 6, 7]; byte 23: 0x6E→0x8A bit(s) [7]
[14:23:55.718] P-02 rel 0x11/78 B: byte 15: 0xF4→0xF8 bit(s) [3]; byte 19: 0xFD→0x02 bit(s) [4, 5, 6, 7]; byte 20: 0xFF→0x00 bit(s) [0, 1, 2, 3, 4, 5, 6, 7]
[14:23:55.733] P-02 rel 0x11/78 B: byte 23: 0x8A→0x74 bit(s) [7]
[14:23:56.003]      … 16 linha(s) suprimida(s) neste segundo
[14:23:56.003] P-02 rel 0x11/78 B: byte 17: 0x13→0x0B bit(s) [3, 4]; byte 19: 0xE6→0xF2 bit(s) [4]; byte 23: 0x8A→0x66 bit(s) [7]
[14:23:56.018] P-02 rel 0x11/78 B: byte 15: 0x07→0xFB bit(s) [3, 4, 5, 6, 7]; byte 16: 0x00→0xFF bit(s) [0, 1, 2, 3, 4, 5, 6, 7]; byte 17: 0x0B→0x01 bit(s) [3]
[14:23:56.033] P-02 rel 0x11/78 B: byte 15: 0xFB→0xF2 bit(s) [3]; byte 17: 0x01→0xFA bit(s) [3, 4, 5, 6, 7]; byte 18: 0x00→0xFF bit(s) [0, 1, 2, 3, 4, 5, 6, 7]; byte 19: 0xFE→0x0C bit(s) [4, 5, 6, 7]; byte 20: 0xFF→0x00 bit(s) [0, 1, 2, 3, 4, 5, 6, 7]; byte 21: 0xF6→0x12 bit(s) [7]; byte 22: 0xF9→0xFA bit(s) [0, 1]; byte 26: 0x08→0x07 bit(s) [0]
[14:23:56.062] P-02 rel 0x11/78 B: byte 19: 0x0C→0x17 bit(s) [4]; byte 26: 0x07→0x08 bit(s) [0]
[14:23:56.093] P-02 rel 0x11/78 B: byte 17: 0xFB→0x10 bit(s) [3, 5, 6, 7]; byte 18: 0xFF→0x00 bit(s) [0, 1, 2, 3, 4, 5, 6, 7]
[14:23:56.108] P-02 rel 0x11/78 B: byte 15: 0xF3→0xF9 bit(s) [3]
[14:23:56.122] P-02 rel 0x11/78 B: byte 15: 0xF9→0xF5 bit(s) [3]; byte 17: 0x10→0x0A bit(s) [3, 4]
[14:23:56.153] P-02 rel 0x11/78 B: byte 15: 0xF5→0xE9 bit(s) [3, 4]; byte 17: 0x08→0xFF bit(s) [4, 5, 6, 7]; byte 18: 0x00→0xFF bit(s) [0, 1, 2, 3, 4, 5, 6, 7]
[14:23:56.168] P-02 rel 0x11/78 B: byte 15: 0xE9→0xE6 bit(s) [3]
[14:23:56.183] P-02 rel 0x11/78 B: byte 15: 0xE6→0xED bit(s) [3]; byte 19: 0x11→0x0C bit(s) [4]
[14:23:56.198] P-02 rel 0x11/78 B: byte 15: 0xED→0xF8 bit(s) [4]; byte 17: 0xFE→0x07 bit(s) [3, 4, 5, 6, 7]; byte 18: 0xFF→0x00 bit(s) [0, 1, 2, 3, 4, 5, 6, 7]; byte 19: 0x0C→0xFF bit(s) [4, 5, 6, 7]; byte 20: 0x00→0xFF bit(s) [0, 1, 2, 3, 4, 5, 6, 7]
[14:23:56.213] P-02 rel 0x11/78 B: byte 17: 0x07→0x0A bit(s) [3]
[14:23:56.228] P-02 rel 0x11/78 B: byte 15: 0xFD→0x06 bit(s) [3, 4, 5, 6, 7]; byte 16: 0xFF→0x00 bit(s) [0, 1, 2, 3, 4, 5, 6, 7]; byte 19: 0xFE→0x01 bit(s) [4, 5, 6, 7]; byte 20: 0xFF→0x00 bit(s) [0, 1, 2, 3, 4, 5, 6, 7]; byte 21: 0x0E→0xF8 bit(s) [7]; byte 22: 0xFA→0xF9 bit(s) [0, 1]; byte 23: 0x54→0x9C bit(s) [7]
[14:23:56.244] P-02 rel 0x11/78 B: byte 23: 0x9C→0x7A bit(s) [7]
[14:23:56.258] P-02 rel 0x11/78 B: byte 15: 0x03→0xFC bit(s) [3, 4, 5, 6, 7]; byte 16: 0x00→0xFF bit(s) [0, 1, 2, 3, 4, 5, 6, 7]; byte 17: 0x08→0x03 bit(s) [3]
[14:23:56.273] P-02 rel 0x11/78 B: byte 15: 0xFC→0xF2 bit(s) [3]; byte 21: 0xF6→0x0C bit(s) [7]; byte 22: 0xF9→0xFA bit(s) [0, 1]
[14:23:56.288] P-02 rel 0x11/78 B: byte 19: 0x0D→0x13 bit(s) [4]
[14:23:56.303] P-02 rel 0x11/78 B: byte 15: 0xF2→0xF9 bit(s) [3]
[14:23:56.318] P-02 rel 0x11/78 B: byte 15: 0xF9→0xF7 bit(s) [3]; byte 26: 0x08→0x07 bit(s) [0]
[14:23:56.332] P-02 rel 0x11/78 B: byte 26: 0x07→0x08 bit(s) [0]
[14:23:56.408] P-02 rel 0x11/78 B: byte 23: 0x74→0x86 bit(s) [7]
[14:23:56.423] P-02 rel 0x11/78 B: byte 15: 0xF1→0xFA bit(s) [3]; byte 23: 0x86→0x70 bit(s) [7]
[14:23:56.438] P-02 rel 0x11/78 B: byte 17: 0x05→0x09 bit(s) [3]; byte 19: 0x14→0x0F bit(s) [4]
[14:23:56.453] P-02 rel 0x11/78 B: byte 19: 0x0F→0x12 bit(s) [4]
[14:23:56.468] P-02 rel 0x11/78 B: byte 17: 0x08→0x02 bit(s) [3]; byte 26: 0x08→0x07 bit(s) [0]
[14:23:56.483] P-02 rel 0x11/78 B: byte 26: 0x07→0x08 bit(s) [0]
[14:23:56.543] P-02 rel 0x11/78 B: byte 26: 0x08→0x07 bit(s) [0]
[14:23:56.558] P-02 rel 0x11/78 B: byte 15: 0xF9→0xF6 bit(s) [3]; byte 26: 0x07→0x08 bit(s) [0]
[14:23:56.588] P-02 rel 0x11/78 B: byte 15: 0xF1→0xEF bit(s) [3, 4]
[14:23:56.603] P-02 rel 0x11/78 B: byte 15: 0xEF→0xF1 bit(s) [3, 4]
[14:23:56.648] P-02 rel 0x11/78 B: byte 19: 0x13→0x09 bit(s) [4]; byte 26: 0x08→0x07 bit(s) [0]
[14:23:56.663] P-02 rel 0x11/78 B: byte 26: 0x07→0x08 bit(s) [0]
[14:23:56.693] P-02 rel 0x11/78 B: byte 17: 0x06→0x08 bit(s) [3]
[14:23:56.708] P-02 rel 0x11/78 B: byte 15: 0xF4→0xFA bit(s) [3]; byte 17: 0x08→0x07 bit(s) [3]
[14:23:56.738] P-02 rel 0x11/78 B: byte 15: 0xF8→0xF5 bit(s) [3]; byte 17: 0x07→0x0A bit(s) [3]
[14:23:56.768] P-02 rel 0x11/78 B: byte 15: 0xF6→0xFC bit(s) [3]
[14:23:56.798] P-02 rel 0x11/78 B: byte 15: 0xFB→0xF5 bit(s) [3]
[14:23:56.813] P-02 rel 0x11/78 B: byte 15: 0xF5→0xF8 bit(s) [3]; byte 19: 0x04→0xFF bit(s) [4, 5, 6, 7]; byte 20: 0x00→0xFF bit(s) [0, 1, 2, 3, 4, 5, 6, 7]; byte 23: 0x34→0x82 bit(s) [7]
[14:23:56.828] P-02 rel 0x11/78 B: byte 17: 0x0C→0x11 bit(s) [3, 4]; byte 19: 0xFF→0x02 bit(s) [4, 5, 6, 7]; byte 20: 0xFF→0x00 bit(s) [0, 1, 2, 3, 4, 5, 6, 7]; byte 23: 0x82→0x5C bit(s) [7]
[14:23:56.843] P-02 rel 0x11/78 B: byte 15: 0xFD→0x02 bit(s) [3, 4, 5, 6, 7]; byte 16: 0xFF→0x00 bit(s) [0, 1, 2, 3, 4, 5, 6, 7]
[14:23:57.008]      … 9 linha(s) suprimida(s) neste segundo
[14:23:57.008] P-02 rel 0x11/78 B: byte 17: 0x12→0x07 bit(s) [4]; byte 19: 0xE9→0xF4 bit(s) [4]
[14:23:57.038] P-02 rel 0x11/78 B: byte 15: 0xF8→0xF6 bit(s) [3]; byte 17: 0x00→0xFA bit(s) [3, 4, 5, 6, 7]; byte 18: 0x00→0xFF bit(s) [0, 1, 2, 3, 4, 5, 6, 7]; byte 19: 0xFD→0x07 bit(s) [4, 5, 6, 7]; byte 20: 0xFF→0x00 bit(s) [0, 1, 2, 3, 4, 5, 6, 7]
[14:23:57.053] P-02 rel 0x11/78 B: byte 15: 0xF6→0xFA bit(s) [3]
[14:23:57.068] P-02 rel 0x11/78 B: byte 15: 0xFA→0xEA bit(s) [4]; byte 17: 0xFC→0x05 bit(s) [3, 4, 5, 6, 7]; byte 18: 0xFF→0x00 bit(s) [0, 1, 2, 3, 4, 5, 6, 7]
[14:23:57.112] P-02 rel 0x11/78 B: byte 15: 0xEA→0xF0 bit(s) [3, 4]; byte 17: 0x05→0x0B bit(s) [3]
[14:23:57.128] P-02 rel 0x11/78 B: byte 15: 0xF0→0xEF bit(s) [3, 4]
[14:23:57.143] P-02 rel 0x11/78 B: byte 15: 0xEF→0xF5 bit(s) [3, 4]; byte 17: 0x0F→0xFC bit(s) [4, 5, 6, 7]; byte 18: 0x00→0xFF bit(s) [0, 1, 2, 3, 4, 5, 6, 7]; byte 19: 0x09→0x12 bit(s) [4]; byte 26: 0x08→0x07 bit(s) [0]
[14:23:57.158] P-02 rel 0x11/78 B: byte 15: 0xF5→0xEA bit(s) [3, 4]; byte 19: 0x12→0x0E bit(s) [4]; byte 26: 0x07→0x08 bit(s) [0]
[14:23:57.189] P-02 rel 0x11/78 B: byte 15: 0xEF→0xF3 bit(s) [3, 4]
[14:23:57.203] P-02 rel 0x11/78 B: byte 17: 0xFF→0x02 bit(s) [3, 4, 5, 6, 7]; byte 18: 0xFF→0x00 bit(s) [0, 1, 2, 3, 4, 5, 6, 7]
[14:23:57.218] P-02 rel 0x11/78 B: byte 15: 0xF3→0xEF bit(s) [3, 4]; byte 19: 0x05→0xFC bit(s) [4, 5, 6, 7]; byte 20: 0x00→0xFF bit(s) [0, 1, 2, 3, 4, 5, 6, 7]
[14:23:57.233] P-02 rel 0x11/78 B: byte 15: 0xEF→0xF8 bit(s) [4]
[14:23:57.248] P-02 rel 0x11/78 B: byte 15: 0xF8→0x03 bit(s) [3, 4, 5, 6, 7]; byte 16: 0xFF→0x00 bit(s) [0, 1, 2, 3, 4, 5, 6, 7]; byte 19: 0xF8→0x00 bit(s) [4, 5, 6, 7]; byte 20: 0xFF→0x00 bit(s) [0, 1, 2, 3, 4, 5, 6, 7]
[14:23:57.263] P-02 rel 0x11/78 B: byte 15: 0x03→0xFE bit(s) [3, 4, 5, 6, 7]; byte 16: 0x00→0xFF bit(s) [0, 1, 2, 3, 4, 5, 6, 7]
[14:23:57.278] P-02 rel 0x11/78 B: byte 15: 0xFE→0xF5 bit(s) [3]; byte 17: 0x06→0xFE bit(s) [3, 4, 5, 6, 7]; byte 18: 0x00→0xFF bit(s) [0, 1, 2, 3, 4, 5, 6, 7]; byte 26: 0x08→0x07 bit(s) [0]
[14:23:57.293] P-02 rel 0x11/78 B: byte 17: 0xFE→0x02 bit(s) [3, 4, 5, 6, 7]; byte 18: 0xFF→0x00 bit(s) [0, 1, 2, 3, 4, 5, 6, 7]; byte 19: 0x0D→0x15 bit(s) [4]; byte 26: 0x07→0x08 bit(s) [0]
[14:23:57.323] P-02 rel 0x11/78 B: byte 19: 0x13→0x0E bit(s) [4]
[14:23:57.353] P-02 rel 0x11/78 B: byte 15: 0xF3→0xF9 bit(s) [3]; byte 17: 0x06→0x0C bit(s) [3]; byte 19: 0x07→0xFD bit(s) [4, 5, 6, 7]; byte 20: 0x00→0xFF bit(s) [0, 1, 2, 3, 4, 5, 6, 7]
[14:23:57.397] P-02 rel 0x11/78 B: byte 17: 0x0C→0x10 bit(s) [3, 4]; byte 26: 0x08→0x07 bit(s) [0]
[14:23:57.413] P-02 rel 0x11/78 B: byte 15: 0xFD→0xDE bit(s) [5]; byte 19: 0xF4→0xE7 bit(s) [4]
[14:23:57.428] P-02 rel 0x11/78 B: byte 15: 0xDE→0xE9 bit(s) [4, 5]; byte 17: 0x17→0x1C bit(s) [3]; byte 19: 0xE7→0xD5 bit(s) [4, 5]; byte 21: 0x0A→0xE8 bit(s) [7]; byte 22: 0xFA→0xF9 bit(s) [0, 1]; byte 23: 0x3C→0x86 bit(s) [7]; byte 26: 0x07→0x08 bit(s) [0]
[14:23:57.443] P-02 rel 0x11/78 B: byte 23: 0x86→0x6E bit(s) [7]
[14:23:57.458] P-02 rel 0x11/78 B: byte 15: 0xEF→0x02 bit(s) [3, 5, 6, 7]; byte 16: 0xFF→0x00 bit(s) [0, 1, 2, 3, 4, 5, 6, 7]; byte 17: 0x18→0x0F bit(s) [4]; byte 19: 0xDC→0xE6 bit(s) [4, 5]; byte 21: 0xF2→0x06 bit(s) [7]; byte 22: 0xF9→0xFA bit(s) [0, 1]
[14:23:57.473] P-02 rel 0x11/78 B: byte 19: 0xE6→0xF2 bit(s) [4]
[14:23:57.488] P-02 rel 0x11/78 B: byte 15: 0x07→0xFD bit(s) [3, 4, 5, 6, 7]; byte 16: 0x00→0xFF bit(s) [0, 1, 2, 3, 4, 5, 6, 7]; byte 17: 0x08→0x02 bit(s) [3]; byte 26: 0x08→0x07 bit(s) [0]
[14:23:57.503] P-02 rel 0x11/78 B: byte 19: 0xFA→0x01 bit(s) [4, 5, 6, 7]; byte 20: 0xFF→0x00 bit(s) [0, 1, 2, 3, 4, 5, 6, 7]
[14:23:57.518] P-02 rel 0x11/78 B: byte 17: 0x04→0x0A bit(s) [3]
[14:23:57.533] P-02 rel 0x11/78 B: byte 15: 0xFA→0xF5 bit(s) [3]; byte 17: 0x0A→0x12 bit(s) [3, 4]; byte 26: 0x07→0x08 bit(s) [0]
[14:23:57.548] P-02 rel 0x11/78 B: byte 15: 0xF5→0xEF bit(s) [3, 4]; byte 17: 0x12→0x0C bit(s) [3, 4]
[14:23:57.563] P-02 rel 0x11/78 B: byte 17: 0x0C→0x06 bit(s) [3]; byte 19: 0x0E→0x11 bit(s) [4]; byte 26: 0x08→0x07 bit(s) [0]
[14:23:57.578] P-02 rel 0x11/78 B: byte 15: 0xEB→0xE7 bit(s) [3]; byte 17: 0x06→0xF8 bit(s) [3, 4, 5, 6, 7]; byte 18: 0x00→0xFF bit(s) [0, 1, 2, 3, 4, 5, 6, 7]
[14:23:57.593] P-02 rel 0x11/78 B: byte 17: 0xF8→0xF5 bit(s) [3]; byte 19: 0x18→0x23 bit(s) [4, 5]; byte 26: 0x07→0x08 bit(s) [0]
[14:23:57.623] P-02 rel 0x11/78 B: byte 15: 0xE6→0xED bit(s) [3]; byte 17: 0xF5→0xF8 bit(s) [3]; byte 19: 0x23→0x1D bit(s) [4, 5]
[14:23:57.638] P-02 rel 0x11/78 B: byte 15: 0xED→0xF8 bit(s) [4]
[14:23:57.653] P-02 rel 0x11/78 B: byte 15: 0xF8→0xF6 bit(s) [3]; byte 17: 0xFC→0x00 bit(s) [3, 4, 5, 6, 7]; byte 18: 0xFF→0x00 bit(s) [0, 1, 2, 3, 4, 5, 6, 7]; byte 21: 0x3C→0xF8 bit(s) [7]; byte 22: 0xFA→0xF9 bit(s) [0, 1]
[14:23:57.668] P-02 rel 0x11/78 B: byte 19: 0x12→0x0C bit(s) [4]; byte 21: 0xF8→0x18 bit(s) [7]; byte 22: 0xF9→0xFA bit(s) [0, 1]
[14:23:57.698] P-02 rel 0x11/78 B: byte 15: 0xF1→0xF8 bit(s) [3]; byte 21: 0x06→0xFC bit(s) [7]; byte 22: 0xFA→0xF9 bit(s) [0, 1]; byte 23: 0x48→0x88 bit(s) [7]
[14:23:57.714] P-02 rel 0x11/78 B: byte 21: 0xFC→0x28 bit(s) [7]; byte 22: 0xF9→0xFA bit(s) [0, 1]; byte 23: 0x88→0x70 bit(s) [7]
[14:23:57.728] P-02 rel 0x11/78 B: byte 17: 0x02→0xFF bit(s) [3, 4, 5, 6, 7]; byte 18: 0x00→0xFF bit(s) [0, 1, 2, 3, 4, 5, 6, 7]; byte 19: 0x0F→0x15 bit(s) [4]
[14:23:57.744] P-02 rel 0x11/78 B: byte 15: 0xFD→0xF7 bit(s) [3]; byte 17: 0xFF→0x01 bit(s) [3, 4, 5, 6, 7]; byte 18: 0xFF→0x00 bit(s) [0, 1, 2, 3, 4, 5, 6, 7]
[14:23:58.013]      … 14 linha(s) suprimida(s) neste segundo
[14:23:58.014] P-02 rel 0x11/78 B: byte 15: 0xEE→0xF1 bit(s) [3, 4]; byte 17: 0x07→0x09 bit(s) [3]; byte 19: 0x0E→0x12 bit(s) [4]
[14:23:58.028] P-02 rel 0x11/78 B: byte 15: 0xF1→0xEF bit(s) [3, 4]; byte 17: 0x09→0x05 bit(s) [3]
[14:23:58.043] P-02 rel 0x11/78 B: byte 19: 0x14→0x0B bit(s) [4]
[14:23:58.058] P-02 rel 0x11/78 B: byte 15: 0xEA→0xF2 bit(s) [3, 4]; byte 17: 0x06→0x08 bit(s) [3]; byte 23: 0x66→0x82 bit(s) [7]
[14:23:58.073] P-02 rel 0x11/78 B: byte 17: 0x08→0x10 bit(s) [3, 4]; byte 19: 0x03→0xF8 bit(s) [4, 5, 6, 7]; byte 20: 0x00→0xFF bit(s) [0, 1, 2, 3, 4, 5, 6, 7]; byte 23: 0x82→0x6E bit(s) [7]
[14:23:58.088] P-02 rel 0x11/78 B: byte 19: 0xF8→0xEC bit(s) [4]; byte 23: 0x6E→0x9E bit(s) [7]
[14:23:58.118] P-02 rel 0x11/78 B: byte 23: 0x9E→0x74 bit(s) [7]; byte 26: 0x08→0x07 bit(s) [0]
[14:23:58.147] P-02 rel 0x11/78 B: byte 15: 0xF5→0xFF bit(s) [3]; byte 26: 0x07→0x08 bit(s) [0]
[14:23:58.163] P-02 rel 0x11/78 B: byte 15: 0xFF→0x06 bit(s) [3, 4, 5, 6, 7]; byte 16: 0xFF→0x00 bit(s) [0, 1, 2, 3, 4, 5, 6, 7]; byte 17: 0x14→0x0F bit(s) [3, 4]
[14:23:58.178] P-02 rel 0x11/78 B: byte 15: 0x06→0xFF bit(s) [3, 4, 5, 6, 7]; byte 16: 0x00→0xFF bit(s) [0, 1, 2, 3, 4, 5, 6, 7]; byte 19: 0xEB→0xF3 bit(s) [4]; byte 23: 0x68→0x82 bit(s) [7]
[14:23:58.193] P-02 rel 0x11/78 B: byte 15: 0xFF→0xDE bit(s) [5]; byte 17: 0x0F→0x18 bit(s) [4]; byte 19: 0xF3→0xE9 bit(s) [4]; byte 23: 0x82→0x54 bit(s) [7]
[14:23:58.208] P-02 rel 0x11/78 B: byte 15: 0xDE→0xEB bit(s) [4, 5]
[14:23:58.223] P-02 rel 0x11/78 B: byte 15: 0xEB→0x05 bit(s) [3, 5, 6, 7]; byte 16: 0xFF→0x00 bit(s) [0, 1, 2, 3, 4, 5, 6, 7]; byte 17: 0x19→0x14 bit(s) [3]; byte 19: 0xEF→0xF7 bit(s) [4]; byte 23: 0x70→0x9E bit(s) [7]; byte 26: 0x08→0x07 bit(s) [0]
[14:23:58.238] P-02 rel 0x11/78 B: byte 17: 0x14→0x09 bit(s) [3, 4]; byte 19: 0xF7→0x11 bit(s) [5, 6, 7]; byte 20: 0xFF→0x00 bit(s) [0, 1, 2, 3, 4, 5, 6, 7]; byte 23: 0x9E→0x38 bit(s) [7]
[14:23:58.253] P-02 rel 0x11/78 B: byte 15: 0x02→0xF0 bit(s) [4, 5, 6, 7]; byte 16: 0x00→0xFF bit(s) [0, 1, 2, 3, 4, 5, 6, 7]; byte 17: 0x09→0xFD bit(s) [4, 5, 6, 7]; byte 18: 0x00→0xFF bit(s) [0, 1, 2, 3, 4, 5, 6, 7]; byte 19: 0x11→0x20 bit(s) [4, 5]; byte 23: 0x38→0xF4 bit(s) [7]; byte 24: 0x15→0x14 bit(s) [0]
[14:23:58.268] P-02 rel 0x11/78 B: byte 15: 0xF0→0xE5 bit(s) [4]; byte 23: 0xF4→0x24 bit(s) [7]; byte 24: 0x14→0x15 bit(s) [0]
[14:23:58.283] P-02 rel 0x11/78 B: byte 26: 0x07→0x08 bit(s) [0]
[14:23:58.298] P-02 rel 0x11/78 B: byte 15: 0xE2→0xE8 bit(s) [3]; byte 17: 0xFD→0x03 bit(s) [3, 4, 5, 6, 7]; byte 18: 0xFF→0x00 bit(s) [0, 1, 2, 3, 4, 5, 6, 7]
[14:23:58.327] P-02 rel 0x11/78 B: byte 15: 0xE8→0xF3 bit(s) [3, 4]; byte 17: 0x03→0x09 bit(s) [3]; byte 19: 0x21→0x19 bit(s) [4, 5]; byte 23: 0x48→0x90 bit(s) [7]
[14:23:58.344] P-02 rel 0x11/78 B: byte 15: 0xF3→0xFB bit(s) [3]; byte 23: 0x90→0x74 bit(s) [7]
[14:23:58.358] P-02 rel 0x11/78 B: byte 15: 0xFB→0x02 bit(s) [3, 4, 5, 6, 7]; byte 16: 0xFF→0x00 bit(s) [0, 1, 2, 3, 4, 5, 6, 7]; byte 23: 0x74→0x9C bit(s) [7]
[14:23:58.373] P-02 rel 0x11/78 B: byte 15: 0x02→0xFF bit(s) [3, 4, 5, 6, 7]; byte 16: 0x00→0xFF bit(s) [0, 1, 2, 3, 4, 5, 6, 7]; byte 17: 0x0B→0x06 bit(s) [3]; byte 23: 0x9C→0x2C bit(s) [7]; byte 26: 0x08→0x07 bit(s) [0]
[14:23:58.389] P-02 rel 0x11/78 B: byte 15: 0xFF→0x01 bit(s) [3, 4, 5, 6, 7]; byte 16: 0xFF→0x00 bit(s) [0, 1, 2, 3, 4, 5, 6, 7]; byte 17: 0x06→0x09 bit(s) [3]; byte 19: 0x11→0x05 bit(s) [4]; byte 26: 0x07→0x08 bit(s) [0]
[14:23:58.403] P-02 rel 0x11/78 B: byte 15: 0x01→0xF6 bit(s) [4, 5, 6, 7]; byte 16: 0x00→0xFF bit(s) [0, 1, 2, 3, 4, 5, 6, 7]; byte 17: 0x09→0x07 bit(s) [3]; byte 21: 0x2C→0xC8 bit(s) [7]; byte 23: 0x54→0xE0 bit(s) [7]; byte 24: 0x15→0x14 bit(s) [0]; byte 26: 0x08→0x07 bit(s) [0]
[14:23:58.418] P-02 rel 0x11/78 B: byte 15: 0xF6→0xE0 bit(s) [4]; byte 17: 0x07→0x08 bit(s) [3]; byte 19: 0x00→0xF9 bit(s) [4, 5, 6, 7]; byte 20: 0x00→0xFF bit(s) [0, 1, 2, 3, 4, 5, 6, 7]; byte 21: 0xC8→0x1E bit(s) [7]; byte 23: 0xE0→0x3C bit(s) [7]; byte 24: 0x14→0x15 bit(s) [0]; byte 26: 0x07→0x08 bit(s) [0]
[14:23:58.433] P-02 rel 0x11/78 B: byte 15: 0xE0→0xF3 bit(s) [4]; byte 23: 0x3C→0xBA bit(s) [7]
[14:23:58.448] P-02 rel 0x11/78 B: byte 15: 0xF3→0xFF bit(s) [3]; byte 17: 0x0B→0x13 bit(s) [3, 4]; byte 19: 0xFE→0x02 bit(s) [4, 5, 6, 7]; byte 20: 0xFF→0x00 bit(s) [0, 1, 2, 3, 4, 5, 6, 7]; byte 23: 0xBA→0x64 bit(s) [7]
[14:23:58.463] P-02 rel 0x11/78 B: byte 17: 0x13→0x0F bit(s) [3, 4]
[14:23:58.478] P-02 rel 0x11/78 B: byte 15: 0xF9→0xF1 bit(s) [3]; byte 26: 0x08→0x07 bit(s) [0]
[14:23:58.493] P-02 rel 0x11/78 B: byte 17: 0x09→0x00 bit(s) [3]; byte 19: 0x0E→0x19 bit(s) [4]; byte 21: 0x4A→0x90 bit(s) [7]; byte 26: 0x07→0x08 bit(s) [0]
[14:23:58.509] P-02 rel 0x11/78 B: byte 15: 0xF7→0xEB bit(s) [3, 4]; byte 17: 0x00→0xFC bit(s) [3, 4, 5, 6, 7]; byte 18: 0x00→0xFF bit(s) [0, 1, 2, 3, 4, 5, 6, 7]; byte 19: 0x19→0x21 bit(s) [4, 5]; byte 26: 0x08→0x07 bit(s) [0]
[14:23:58.523] P-02 rel 0x11/78 B: byte 15: 0xEB→0xE6 bit(s) [3]; byte 26: 0x07→0x08 bit(s) [0]
[14:23:58.539] P-02 rel 0x11/78 B: byte 15: 0xE6→0xEA bit(s) [3]; byte 17: 0xFE→0x00 bit(s) [3, 4, 5, 6, 7]; byte 18: 0xFF→0x00 bit(s) [0, 1, 2, 3, 4, 5, 6, 7]
[14:23:58.553] P-02 rel 0x11/78 B: byte 15: 0xEA→0xF7 bit(s) [3, 4]; byte 17: 0x00→0x0A bit(s) [3]; byte 19: 0x23→0x1E bit(s) [4, 5]; byte 21: 0xAE→0x66 bit(s) [7]; byte 23: 0x34→0x96 bit(s) [7]
[14:23:58.568] P-02 rel 0x11/78 B: byte 15: 0xF7→0xFE bit(s) [3]; byte 23: 0x96→0x7A bit(s) [7]
[14:23:58.583] P-02 rel 0x11/78 B: byte 15: 0xFE→0x02 bit(s) [3, 4, 5, 6, 7]; byte 16: 0xFF→0x00 bit(s) [0, 1, 2, 3, 4, 5, 6, 7]; byte 23: 0x7A→0x92 bit(s) [7]
[14:23:58.598] P-02 rel 0x11/78 B: byte 15: 0x02→0xFE bit(s) [3, 4, 5, 6, 7]; byte 16: 0x00→0xFF bit(s) [0, 1, 2, 3, 4, 5, 6, 7]; byte 23: 0x92→0x6C bit(s) [7]; byte 26: 0x08→0x07 bit(s) [0]
[14:23:58.613] P-02 rel 0x11/78 B: byte 15: 0xFE→0xF7 bit(s) [3]; byte 17: 0x0A→0x06 bit(s) [3]; byte 26: 0x07→0x08 bit(s) [0]
[14:23:58.628] P-02 rel 0x11/78 B: byte 15: 0xF7→0xE9 bit(s) [3, 4]; byte 19: 0x10→0x0E bit(s) [4]; byte 21: 0x52→0x90 bit(s) [7]; byte 23: 0x56→0xFC bit(s) [7]; byte 24: 0x15→0x14 bit(s) [0]; byte 26: 0x08→0x07 bit(s) [0]
[14:23:58.643] P-02 rel 0x11/78 B: byte 15: 0xE9→0xE5 bit(s) [3]; byte 21: 0x90→0x30 bit(s) [7]; byte 23: 0xFC→0x68 bit(s) [7]; byte 24: 0x14→0x15 bit(s) [0]; byte 26: 0x07→0x08 bit(s) [0]
[14:23:59.003]      … 18 linha(s) suprimida(s) neste segundo
[14:23:59.003] P-02 rel 0x11/78 B: byte 21: 0x7C→0x92 bit(s) [7]; byte 26: 0x07→0x08 bit(s) [0]
[14:23:59.019] P-02 rel 0x11/78 B: byte 15: 0xEF→0xF9 bit(s) [4]; byte 23: 0x66→0x84 bit(s) [7]
[14:23:59.035] P-02 rel 0x11/78 B: byte 17: 0xF4→0xFF bit(s) [3]; byte 19: 0x3A→0x2E bit(s) [4]
[14:23:59.048] P-02 rel 0x11/78 B: byte 17: 0xFF→0x03 bit(s) [3, 4, 5, 6, 7]; byte 18: 0xFF→0x00 bit(s) [0, 1, 2, 3, 4, 5, 6, 7]
[14:23:59.063] P-02 rel 0x11/78 B: byte 19: 0x25→0x1F bit(s) [4, 5]
[14:23:59.078] P-02 rel 0x11/78 B: byte 15: 0xF9→0x09 bit(s) [4, 5, 6, 7]; byte 16: 0xFF→0x00 bit(s) [0, 1, 2, 3, 4, 5, 6, 7]; byte 23: 0x8A→0x7C bit(s) [7]
[14:23:59.093] P-02 rel 0x11/78 B: byte 15: 0x09→0x04 bit(s) [3]; byte 19: 0x14→0x0F bit(s) [4]
[14:23:59.109] P-02 rel 0x11/78 B: byte 15: 0x04→0x09 bit(s) [3]; byte 21: 0x8C→0x76 bit(s) [7]; byte 23: 0x70→0x84 bit(s) [7]
[14:23:59.123] P-02 rel 0x11/78 B: byte 21: 0x76→0x96 bit(s) [7]; byte 23: 0x84→0x56 bit(s) [7]
[14:23:59.138] P-02 rel 0x11/78 B: byte 15: 0x08→0x05 bit(s) [3]; byte 26: 0x08→0x07 bit(s) [0]
[14:23:59.153] P-02 rel 0x11/78 B: byte 26: 0x07→0x08 bit(s) [0]
[14:23:59.168] P-02 rel 0x11/78 B: byte 15: 0x03→0x0C bit(s) [3]; byte 19: 0x0F→0x11 bit(s) [4]
[14:23:59.213] P-02 rel 0x11/78 B: byte 15: 0x0E→0x05 bit(s) [3]
[14:23:59.228] P-02 rel 0x11/78 B: byte 17: 0x05→0xFD bit(s) [3, 4, 5, 6, 7]; byte 18: 0x00→0xFF bit(s) [0, 1, 2, 3, 4, 5, 6, 7]; byte 19: 0x17→0x24 bit(s) [4, 5]
[14:23:59.243] P-02 rel 0x11/78 B: byte 15: 0x05→0x0F bit(s) [3]; byte 17: 0xFD→0xF5 bit(s) [3]; byte 26: 0x08→0x07 bit(s) [0]
[14:23:59.258] P-02 rel 0x11/78 B: byte 15: 0x0F→0x16 bit(s) [3, 4]
[14:23:59.273] P-02 rel 0x11/78 B: byte 15: 0x16→0x1F bit(s) [3]; byte 19: 0x2F→0x37 bit(s) [4]
[14:23:59.288] P-02 rel 0x11/78 B: byte 15: 0x1F→0x17 bit(s) [3]
[14:23:59.303] P-02 rel 0x11/78 B: byte 9: 0xF0→0xFA bit(s) [1]; byte 15: 0x17→0x1A bit(s) [3]; byte 17: 0xF7→0xF9 bit(s) [3]; byte 19: 0x33→0x2B bit(s) [4]; byte 23: 0x3A→0xFE bit(s) [7]; byte 24: 0x15→0x14 bit(s) [0]; byte 26: 0x07→0x08 bit(s) [0]; byte 36: 0x40→0x44 bit(s) [2]; byte 37: 0x81→0x02 bit(s) [0, 1, 7]
[14:23:59.303] P-01 botão "Touchpad 1 Left" [sem propriedade nomeada]: PRESSIONADO
[14:23:59.303] P-01 superfície touchpadPrimary mudou: x=-0.8676394 y=0.0  (num clone sem touchpad isto NÃO deve aparecer)
[14:23:59.303] P-01 botão "Touchpad 1 Up" [sem propriedade nomeada]: PRESSIONADO
[14:23:59.303] P-01 botão "Touchpad Button" [touchpadButton (GCDualShockGamepad)]: PRESSIONADO
[14:23:59.318] P-02 rel 0x11/78 B: byte 15: 0x1A→0x0F bit(s) [4]; byte 17: 0xF9→0xF4 bit(s) [3]; byte 19: 0x2B→0x30 bit(s) [4]; byte 23: 0xFE→0x36 bit(s) [7]; byte 24: 0x14→0x15 bit(s) [0]; byte 26: 0x08→0x07 bit(s) [0]; byte 36: 0x44→0x48 bit(s) [2, 3]
[14:23:59.333] P-02 rel 0x11/78 B: byte 15: 0x0F→0xF1 bit(s) [3, 4, 5, 6, 7]; byte 16: 0x00→0xFF bit(s) [0, 1, 2, 3, 4, 5, 6, 7]; byte 19: 0x30→0x29 bit(s) [4]; byte 36: 0x48→0x4C bit(s) [2]
[14:23:59.348] P-02 rel 0x11/78 B: byte 15: 0xF1→0xD9 bit(s) [3, 5]; byte 19: 0x29→0x1D bit(s) [4, 5]; byte 36: 0x4C→0x50 bit(s) [2, 3, 4]
[14:23:59.363] P-02 rel 0x11/78 B: byte 36: 0x50→0x54 bit(s) [2]
[14:23:59.378] P-02 rel 0x11/78 B: byte 15: 0xDF→0xF8 bit(s) [5]; byte 19: 0x10→0x0F bit(s) [4]; byte 23: 0x54→0x9A bit(s) [7]; byte 26: 0x07→0x08 bit(s) [0]; byte 36: 0x54→0x58 bit(s) [2, 3]
[14:23:59.393] P-02 rel 0x11/78 B: byte 15: 0xF8→0x04 bit(s) [3, 4, 5, 6, 7]; byte 16: 0xFF→0x00 bit(s) [0, 1, 2, 3, 4, 5, 6, 7]; byte 17: 0xF6→0xF8 bit(s) [3]; byte 23: 0x9A→0x5C bit(s) [7]; byte 26: 0x08→0x07 bit(s) [0]; byte 36: 0x58→0x5C bit(s) [2]
[14:23:59.408] P-02 rel 0x11/78 B: byte 15: 0x04→0xF3 bit(s) [4, 5, 6, 7]; byte 16: 0x00→0xFF bit(s) [0, 1, 2, 3, 4, 5, 6, 7]; byte 36: 0x5C→0x60 bit(s) [2, 3, 4, 5]
[14:23:59.423] P-02 rel 0x11/78 B: byte 15: 0xF3→0xEB bit(s) [3, 4]; byte 17: 0xFA→0x04 bit(s) [3, 4, 5, 6, 7]; byte 18: 0xFF→0x00 bit(s) [0, 1, 2, 3, 4, 5, 6, 7]; byte 26: 0x07→0x08 bit(s) [0]; byte 36: 0x60→0x64 bit(s) [2]
[14:23:59.438] P-02 rel 0x11/78 B: byte 15: 0xEB→0xFF bit(s) [4]; byte 17: 0x04→0x09 bit(s) [3]; byte 36: 0x64→0x68 bit(s) [2, 3]
[14:23:59.453] P-02 rel 0x11/78 B: byte 15: 0xFF→0x15 bit(s) [3, 5, 6, 7]; byte 16: 0xFF→0x00 bit(s) [0, 1, 2, 3, 4, 5, 6, 7]; byte 36: 0x68→0x6C bit(s) [2]
[14:23:59.468] P-02 rel 0x11/78 B: byte 15: 0x15→0x05 bit(s) [4]; byte 19: 0x0C→0x11 bit(s) [4]; byte 21: 0x98→0x70 bit(s) [7]; byte 36: 0x6C→0x70 bit(s) [2, 3, 4]
[14:23:59.483] P-02 rel 0x11/78 B: byte 15: 0x05→0xF5 bit(s) [4, 5, 6, 7]; byte 16: 0x00→0xFF bit(s) [0, 1, 2, 3, 4, 5, 6, 7]; byte 19: 0x11→0x0F bit(s) [4]; byte 21: 0x70→0x88 bit(s) [7]; byte 36: 0x70→0x74 bit(s) [2]
[14:23:59.498] P-02 rel 0x11/78 B: byte 15: 0xF5→0xDC bit(s) [3, 5]; byte 17: 0x09→0x13 bit(s) [3, 4]; byte 23: 0x46→0xF4 bit(s) [7]; byte 24: 0x15→0x14 bit(s) [0]; byte 36: 0x74→0x78 bit(s) [2, 3]
[14:23:59.513] P-02 rel 0x11/78 B: byte 15: 0xDC→0xBF bit(s) [5, 6]; byte 17: 0x13→0x1C bit(s) [3]; byte 22: 0xFA→0xF8 bit(s) [1]; byte 26: 0x08→0x07 bit(s) [0]; byte 36: 0x78→0x7C bit(s) [2]
[14:23:59.528] P-02 rel 0x11/78 B: byte 15: 0xBF→0xA2 bit(s) [3, 4]; byte 17: 0x1C→0x23 bit(s) [3, 4, 5]; byte 19: 0x04→0xE9 bit(s) [5, 6, 7]; byte 20: 0x00→0xFF bit(s) [0, 1, 2, 3, 4, 5, 6, 7]; byte 22: 0xF8→0xFA bit(s) [1]; byte 23: 0xE8→0x2A bit(s) [7]; byte 24: 0x14→0x15 bit(s) [0]; byte 36: 0x7C→0x80 bit(s) [2, 3, 4, 5, 6, 7]
[14:23:59.543] P-02 rel 0x11/78 B: byte 15: 0xA2→0x91 bit(s) [4, 5]; byte 17: 0x23→0x28 bit(s) [3]; byte 19: 0xE9→0xD4 bit(s) [4, 5]; byte 36: 0x80→0x84 bit(s) [2]
[14:23:59.558] P-02 rel 0x11/78 B: byte 15: 0x91→0x99 bit(s) [3]; byte 17: 0x28→0x21 bit(s) [3]; byte 19: 0xD4→0xCD bit(s) [4]; byte 23: 0x50→0x9A bit(s) [7]; byte 26: 0x07→0x08 bit(s) [0]; byte 36: 0x84→0x88 bit(s) [2, 3]
[14:23:59.573] P-02 rel 0x11/78 B: byte 9: 0x82→0x88 bit(s) [1]; byte 15: 0x99→0xD0 bit(s) [3, 6]; byte 17: 0x21→0x19 bit(s) [3, 4, 5]; byte 19: 0xCD→0xDA bit(s) [4]; byte 24: 0x15→0x14 bit(s) [0]; byte 37: 0x02→0x82 bit(s) [7]
[14:23:59.573] P-01 botão "Touchpad 1 Left" [sem propriedade nomeada]: solto
[14:23:59.573] P-01 superfície touchpadPrimary mudou: x=-0.0 y=0.6323061  (num clone sem touchpad isto NÃO deve aparecer)
[14:23:59.573] P-01 botão "Touchpad 1 Up" [sem propriedade nomeada]: solto
[14:23:59.573] P-01 botão "Touchpad Button" [touchpadButton (GCDualShockGamepad)]: solto
[14:23:59.588] P-02 rel 0x11/78 B: byte 15: 0xD0→0xCB bit(s) [3, 4]; byte 17: 0x19→0x17 bit(s) [3]; byte 24: 0x14→0x15 bit(s) [0]
[14:23:59.603] P-02 rel 0x11/78 B: byte 15: 0xCB→0xE4 bit(s) [3, 5]
[14:23:59.618] P-02 rel 0x11/78 B: byte 15: 0xE4→0xED bit(s) [3]; byte 17: 0x13→0x0C bit(s) [3, 4]; byte 19: 0xDD→0xE6 bit(s) [4, 5]; byte 23: 0x86→0x26 bit(s) [7]
[14:24:00.022]      … 19 linha(s) suprimida(s) neste segundo
[14:24:00.022] P-02 rel 0x11/78 B: byte 15: 0xFD→0xF7 bit(s) [3]
[14:24:00.038] P-02 rel 0x11/78 B: byte 15: 0xF7→0xED bit(s) [3, 4]
[14:24:00.053] P-02 rel 0x11/78 B: byte 19: 0x07→0xFD bit(s) [4, 5, 6, 7]; byte 20: 0x00→0xFF bit(s) [0, 1, 2, 3, 4, 5, 6, 7]
[14:24:00.068] P-02 rel 0x11/78 B: byte 15: 0xE9→0xFD bit(s) [4]; byte 17: 0x05→0x08 bit(s) [3]; byte 19: 0xFD→0x00 bit(s) [4, 5, 6, 7]; byte 20: 0xFF→0x00 bit(s) [0, 1, 2, 3, 4, 5, 6, 7]; byte 23: 0x76→0xA6 bit(s) [7]
[14:24:00.083] P-02 rel 0x11/78 B: byte 15: 0xFD→0xF7 bit(s) [3]; byte 17: 0x08→0x05 bit(s) [3]; byte 23: 0xA6→0x7A bit(s) [7]
[14:24:00.113] P-02 rel 0x11/78 B: byte 15: 0xF1→0xF8 bit(s) [3]
[14:24:00.128] P-02 rel 0x11/78 B: byte 17: 0x06→0x0A bit(s) [3]; byte 23: 0x7E→0x82 bit(s) [7]
[14:24:00.143] P-02 rel 0x11/78 B: byte 23: 0x82→0x72 bit(s) [7]
[14:24:00.158] P-02 rel 0x11/78 B: byte 17: 0x0A→0x07 bit(s) [3]
[14:24:00.173] P-02 rel 0x11/78 B: byte 23: 0x72→0x94 bit(s) [7]
[14:24:00.188] P-02 rel 0x11/78 B: byte 15: 0xF8→0xF2 bit(s) [3]; byte 17: 0x05→0xFF bit(s) [3, 4, 5, 6, 7]; byte 18: 0x00→0xFF bit(s) [0, 1, 2, 3, 4, 5, 6, 7]; byte 23: 0x94→0x56 bit(s) [7]
[14:24:00.203] P-02 rel 0x11/78 B: byte 15: 0xF2→0xEE bit(s) [3, 4]; byte 19: 0x0F→0x14 bit(s) [4]
[14:24:00.218] P-02 rel 0x11/78 B: byte 19: 0x14→0x0F bit(s) [4]
[14:24:00.247] P-02 rel 0x11/78 B: byte 17: 0xFD→0x00 bit(s) [3, 4, 5, 6, 7]; byte 18: 0xFF→0x00 bit(s) [0, 1, 2, 3, 4, 5, 6, 7]
[14:24:00.278] P-02 rel 0x11/78 B: byte 15: 0xEC→0xF8 bit(s) [4]; byte 17: 0x02→0x0A bit(s) [3]; byte 19: 0x01→0xFC bit(s) [4, 5, 6, 7]; byte 20: 0x00→0xFF bit(s) [0, 1, 2, 3, 4, 5, 6, 7]; byte 23: 0x7A→0xA0 bit(s) [7]
[14:24:00.293] P-02 rel 0x11/78 B: byte 15: 0xF8→0x03 bit(s) [3, 4, 5, 6, 7]; byte 16: 0xFF→0x00 bit(s) [0, 1, 2, 3, 4, 5, 6, 7]
[14:24:00.308] P-02 rel 0x11/78 B: byte 15: 0x03→0xFE bit(s) [3, 4, 5, 6, 7]; byte 16: 0x00→0xFF bit(s) [0, 1, 2, 3, 4, 5, 6, 7]; byte 17: 0x08→0x06 bit(s) [3]; byte 19: 0xFF→0x01 bit(s) [4, 5, 6, 7]; byte 20: 0xFF→0x00 bit(s) [0, 1, 2, 3, 4, 5, 6, 7]; byte 23: 0xA0→0x56 bit(s) [7]
[14:24:00.323] P-02 rel 0x11/78 B: byte 15: 0xFE→0xF5 bit(s) [3]
[14:24:00.338] P-02 rel 0x11/78 B: byte 15: 0xF5→0xEB bit(s) [3, 4]
[14:24:00.353] P-02 rel 0x11/78 B: byte 26: 0x08→0x07 bit(s) [0]
[14:24:00.368] P-02 rel 0x11/78 B: byte 15: 0xEB→0xF4 bit(s) [3, 4]; byte 23: 0x64→0x92 bit(s) [7]; byte 26: 0x07→0x08 bit(s) [0]
[14:24:00.398] P-02 rel 0x11/78 B: byte 15: 0xF7→0xEE bit(s) [3, 4]; byte 23: 0x8E→0x58 bit(s) [7]
[14:24:00.413] P-02 rel 0x11/78 B: byte 23: 0x58→0x8A bit(s) [7]
[14:24:00.428] P-02 rel 0x11/78 B: byte 15: 0xED→0xF8 bit(s) [4]; byte 17: 0x05→0x08 bit(s) [3]; byte 19: 0x0F→0x11 bit(s) [4]
[14:24:00.443] P-02 rel 0x11/78 B: byte 15: 0xF8→0xF7 bit(s) [3]; byte 17: 0x08→0x04 bit(s) [3]; byte 23: 0x90→0x70 bit(s) [7]
[14:24:00.472] P-02 rel 0x11/78 B: byte 19: 0x11→0x0E bit(s) [4]
[14:24:00.488] P-02 rel 0x11/78 B: byte 23: 0x7A→0x98 bit(s) [7]
[14:24:00.518] P-02 rel 0x11/78 B: byte 19: 0x04→0xFF bit(s) [4, 5, 6, 7]; byte 20: 0x00→0xFF bit(s) [0, 1, 2, 3, 4, 5, 6, 7]; byte 23: 0x8C→0x5E bit(s) [7]
[14:24:00.547] P-02 rel 0x11/78 B: byte 23: 0x5E→0x92 bit(s) [7]
[14:24:00.563] P-02 rel 0x11/78 B: byte 23: 0x92→0x78 bit(s) [7]
[14:24:00.578] P-02 rel 0x11/78 B: byte 15: 0xF7→0xFB bit(s) [3]; byte 19: 0xFE→0x03 bit(s) [4, 5, 6, 7]; byte 20: 0xFF→0x00 bit(s) [0, 1, 2, 3, 4, 5, 6, 7]
[14:24:00.593] P-02 rel 0x11/78 B: byte 15: 0xFB→0xF3 bit(s) [3]; byte 23: 0x76→0x86 bit(s) [7]
[14:24:00.623] P-02 rel 0x11/78 B: byte 15: 0xF6→0xFB bit(s) [3]; byte 23: 0x80→0x7E bit(s) [7]
[14:24:00.638] P-02 rel 0x11/78 B: byte 15: 0xFB→0xF3 bit(s) [3]; byte 17: 0x04→0x08 bit(s) [3]; byte 26: 0x08→0x07 bit(s) [0]
[14:24:00.653] P-02 rel 0x11/78 B: byte 17: 0x08→0x05 bit(s) [3]; byte 26: 0x07→0x08 bit(s) [0]
[14:24:00.668] P-02 rel 0x11/78 B: byte 23: 0x5E→0x8C bit(s) [7]
[14:24:00.743] P-02 rel 0x11/78 B: byte 17: 0x07→0x08 bit(s) [3]
[14:24:00.758] P-02 rel 0x11/78 B: byte 15: 0xF7→0x00 bit(s) [4, 5, 6, 7]; byte 16: 0xFF→0x00 bit(s) [0, 1, 2, 3, 4, 5, 6, 7]; byte 23: 0x92→0x6C bit(s) [7]
[14:24:00.773] P-02 rel 0x11/78 B: byte 15: 0x00→0xFC bit(s) [3, 4, 5, 6, 7]; byte 16: 0x00→0xFF bit(s) [0, 1, 2, 3, 4, 5, 6, 7]; byte 17: 0x0A→0x05 bit(s) [3]
[14:24:00.788] P-02 rel 0x11/78 B: byte 19: 0x0A→0x14 bit(s) [4]; byte 23: 0x6E→0x80 bit(s) [7]
[14:24:01.013]      … 12 linha(s) suprimida(s) neste segundo
[14:24:01.013] P-02 rel 0x11/78 B: byte 17: 0x03→0xFF bit(s) [3, 4, 5, 6, 7]; byte 18: 0x00→0xFF bit(s) [0, 1, 2, 3, 4, 5, 6, 7]; byte 19: 0xFF→0x06 bit(s) [4, 5, 6, 7]; byte 20: 0xFF→0x00 bit(s) [0, 1, 2, 3, 4, 5, 6, 7]
[14:24:01.043] P-02 rel 0x11/78 B: byte 17: 0xFF→0x07 bit(s) [3, 4, 5, 6, 7]; byte 18: 0xFF→0x00 bit(s) [0, 1, 2, 3, 4, 5, 6, 7]; byte 19: 0x0C→0x11 bit(s) [4]
[14:24:01.073] P-02 rel 0x11/78 B: byte 15: 0xF9→0xF4 bit(s) [3]
[14:24:01.088] P-02 rel 0x11/78 B: byte 17: 0x06→0x08 bit(s) [3]; byte 23: 0x78→0x90 bit(s) [7]
[14:24:01.103] P-02 rel 0x11/78 B: byte 15: 0xF6→0xFD bit(s) [3]
[14:24:01.118] P-02 rel 0x11/78 B: byte 15: 0xFD→0xF6 bit(s) [3]; byte 17: 0x09→0x04 bit(s) [3]; byte 23: 0xA2→0x52 bit(s) [7]
[14:24:01.149] P-02 rel 0x11/78 B: byte 15: 0xF3→0xFA bit(s) [3]; byte 23: 0x6A→0x8E bit(s) [7]
[14:24:01.163] P-02 rel 0x11/78 B: byte 15: 0xFA→0x01 bit(s) [3, 4, 5, 6, 7]; byte 16: 0xFF→0x00 bit(s) [0, 1, 2, 3, 4, 5, 6, 7]
[14:24:01.178] P-02 rel 0x11/78 B: byte 15: 0x01→0xFD bit(s) [3, 4, 5, 6, 7]; byte 16: 0x00→0xFF bit(s) [0, 1, 2, 3, 4, 5, 6, 7]
[14:24:01.193] P-02 rel 0x11/78 B: byte 15: 0xFD→0x09 bit(s) [4, 5, 6, 7]; byte 16: 0xFF→0x00 bit(s) [0, 1, 2, 3, 4, 5, 6, 7]; byte 19: 0x10→0x09 bit(s) [4]
[14:24:01.208] P-02 rel 0x11/78 B: byte 15: 0x09→0x24 bit(s) [3, 5]; byte 23: 0x98→0x70 bit(s) [7]
[14:24:01.223] P-02 rel 0x11/78 B: byte 15: 0x24→0x31 bit(s) [4]; byte 19: 0x0F→0x14 bit(s) [4]; byte 26: 0x08→0x07 bit(s) [0]
[14:24:01.238] P-02 rel 0x11/78 B: byte 9: 0xD8→0xE2 bit(s) [1]; byte 15: 0x31→0x4B bit(s) [3, 4, 5, 6]; byte 17: 0x01→0xFF bit(s) [3, 4, 5, 6, 7]; byte 18: 0x00→0xFF bit(s) [0, 1, 2, 3, 4, 5, 6, 7]; byte 19: 0x14→0x0F bit(s) [4]; byte 23: 0x4E→0xAC bit(s) [7]; byte 24: 0x15→0x14 bit(s) [0]; byte 26: 0x07→0x08 bit(s) [0]; byte 36: 0x88→0x8C bit(s) [2]; byte 37: 0x82→0x03 bit(s) [0, 7]
[14:24:01.238] P-01 botão "Touchpad 1 Left" [sem propriedade nomeada]: PRESSIONADO
[14:24:01.238] P-01 superfície touchpadPrimary mudou: x=-0.8676394 y=0.0  (num clone sem touchpad isto NÃO deve aparecer)
[14:24:01.238] P-01 botão "Touchpad 1 Up" [sem propriedade nomeada]: PRESSIONADO
[14:24:01.238] P-01 botão "Touchpad Button" [touchpadButton (GCDualShockGamepad)]: PRESSIONADO
[14:24:01.253] P-02 rel 0x11/78 B: byte 15: 0x4B→0x46 bit(s) [3]; byte 17: 0xFF→0x03 bit(s) [3, 4, 5, 6, 7]; byte 18: 0xFF→0x00 bit(s) [0, 1, 2, 3, 4, 5, 6, 7]; byte 19: 0x0F→0x13 bit(s) [4]; byte 23: 0xAC→0x30 bit(s) [7]; byte 24: 0x14→0x15 bit(s) [0]; byte 26: 0x08→0x07 bit(s) [0]; byte 36: 0x8C→0x90 bit(s) [2, 3, 4]
[14:24:01.268] P-02 rel 0x11/78 B: byte 15: 0x46→0x2F bit(s) [3, 5, 6]; byte 19: 0x13→0x0E bit(s) [4]; byte 36: 0x90→0x94 bit(s) [2]
[14:24:01.357] P-02 rel 0x11/78 B: byte 15: 0x2F→0x1E bit(s) [4, 5]; byte 36: 0x94→0x98 bit(s) [2, 3]
[14:24:01.373] P-02 rel 0x11/78 B: byte 15: 0x1E→0xFA bit(s) [5, 6, 7]; byte 16: 0x00→0xFF bit(s) [0, 1, 2, 3, 4, 5, 6, 7]; byte 17: 0x07→0x08 bit(s) [3]; byte 36: 0x98→0x9C bit(s) [2]
[14:24:01.388] P-02 rel 0x11/78 B: byte 9: 0x02→0x08 bit(s) [1]; byte 15: 0xFA→0xD5 bit(s) [3, 5]; byte 17: 0x08→0x12 bit(s) [3, 4]; byte 19: 0x09→0xF7 bit(s) [4, 5, 6, 7]; byte 20: 0x00→0xFF bit(s) [0, 1, 2, 3, 4, 5, 6, 7]; byte 26: 0x07→0x08 bit(s) [0]; byte 37: 0x03→0x83 bit(s) [7]
[14:24:01.388] P-01 botão "Touchpad 1 Left" [sem propriedade nomeada]: solto
[14:24:01.388] P-01 botão "Touchpad 1 Up" [sem propriedade nomeada]: solto
[14:24:01.388] P-01 botão "Touchpad Button" [touchpadButton (GCDualShockGamepad)]: solto
[14:24:01.405] P-02 rel 0x11/78 B: byte 19: 0xF7→0xEE bit(s) [4]
[14:24:01.418] P-02 rel 0x11/78 B: byte 15: 0xD6→0xDB bit(s) [3]; byte 19: 0xEE→0xF8 bit(s) [4]
[14:24:01.433] P-02 rel 0x11/78 B: byte 17: 0x12→0x0C bit(s) [3, 4]; byte 26: 0x08→0x07 bit(s) [0]
[14:24:01.448] P-02 rel 0x11/78 B: byte 17: 0x0C→0x07 bit(s) [3]
[14:24:01.463] P-02 rel 0x11/78 B: byte 15: 0xDB→0xE1 bit(s) [3, 4, 5]
[14:24:01.478] P-02 rel 0x11/78 B: byte 15: 0xE1→0xF1 bit(s) [4]; byte 17: 0x03→0xFF bit(s) [3, 4, 5, 6, 7]; byte 18: 0x00→0xFF bit(s) [0, 1, 2, 3, 4, 5, 6, 7]; byte 19: 0xF8→0x00 bit(s) [4, 5, 6, 7]; byte 20: 0xFF→0x00 bit(s) [0, 1, 2, 3, 4, 5, 6, 7]
[14:24:01.493] P-02 rel 0x11/78 B: byte 17: 0xFF→0x00 bit(s) [3, 4, 5, 6, 7]; byte 18: 0xFF→0x00 bit(s) [0, 1, 2, 3, 4, 5, 6, 7]
[14:24:01.508] P-02 rel 0x11/78 B: byte 26: 0x07→0x08 bit(s) [0]
[14:24:01.523] P-02 rel 0x11/78 B: byte 19: 0x0C→0x10 bit(s) [4]
[14:24:01.538] P-02 rel 0x11/78 B: byte 15: 0xF0→0xFA bit(s) [3]; byte 19: 0x10→0x0D bit(s) [4]
[14:24:01.553] P-02 rel 0x11/78 B: byte 17: 0x07→0x09 bit(s) [3]; byte 19: 0x0D→0x10 bit(s) [4]
[14:24:01.568] P-02 rel 0x11/78 B: byte 15: 0xFB→0xF7 bit(s) [3]; byte 17: 0x09→0x07 bit(s) [3]
[14:24:01.583] P-02 rel 0x11/78 B: byte 17: 0x07→0x09 bit(s) [3]
[14:24:01.598] P-02 rel 0x11/78 B: byte 17: 0x09→0x04 bit(s) [3]; byte 23: 0x56→0x84 bit(s) [7]
[14:24:01.613] P-02 rel 0x11/78 B: byte 15: 0xF7→0xFB bit(s) [3]; byte 23: 0x84→0x5E bit(s) [7]
[14:24:01.628] P-02 rel 0x11/78 B: byte 19: 0x18→0x0F bit(s) [4]
[14:24:01.643] P-02 rel 0x11/78 B: byte 15: 0xF8→0xF5 bit(s) [3]; byte 17: 0x02→0xFF bit(s) [3, 4, 5, 6, 7]; byte 18: 0x00→0xFF bit(s) [0, 1, 2, 3, 4, 5, 6, 7]
[14:24:01.659] P-02 rel 0x11/78 B: byte 19: 0x0B→0xFD bit(s) [4, 5, 6, 7]; byte 20: 0x00→0xFF bit(s) [0, 1, 2, 3, 4, 5, 6, 7]; byte 26: 0x08→0x07 bit(s) [0]
[14:24:01.674] P-02 rel 0x11/78 B: byte 17: 0xFE→0x06 bit(s) [3, 4, 5, 6, 7]; byte 18: 0xFF→0x00 bit(s) [0, 1, 2, 3, 4, 5, 6, 7]
[14:24:01.689] P-02 rel 0x11/78 B: byte 15: 0xF3→0xFD bit(s) [3]; byte 26: 0x07→0x08 bit(s) [0]
[14:24:01.720] P-02 rel 0x11/78 B: byte 15: 0xFC→0xF7 bit(s) [3]; byte 19: 0xFC→0x01 bit(s) [4, 5, 6, 7]; byte 20: 0xFF→0x00 bit(s) [0, 1, 2, 3, 4, 5, 6, 7]
[14:24:01.750] P-02 rel 0x11/78 B: byte 17: 0x01→0xFF bit(s) [3, 4, 5, 6, 7]; byte 18: 0x00→0xFF bit(s) [0, 1, 2, 3, 4, 5, 6, 7]
[14:24:01.928] P-01 botão "Touchpad 1 Left" [sem propriedade nomeada]: PRESSIONADO
[14:24:01.929] P-01 superfície touchpadPrimary mudou: x=-0.8676394 y=0.0  (num clone sem touchpad isto NÃO deve aparecer)
[14:24:01.929] P-01 botão "Touchpad 1 Up" [sem propriedade nomeada]: PRESSIONADO
[14:24:01.929] P-01 botão "Touchpad Button" [touchpadButton (GCDualShockGamepad)]: PRESSIONADO
[14:24:02.003]      … 15 linha(s) suprimida(s) neste segundo
[14:24:02.003] P-02 rel 0x11/78 B: byte 15: 0xE8→0xDF bit(s) [4, 5]; byte 17: 0x0F→0x11 bit(s) [3, 4]; byte 26: 0x08→0x07 bit(s) [0]; byte 36: 0xB0→0xB4 bit(s) [2]
[14:24:02.018] P-02 rel 0x11/78 B: byte 15: 0xDF→0xD7 bit(s) [3]; byte 19: 0xE3→0xDD bit(s) [4, 5]; byte 23: 0x72→0xAC bit(s) [7]; byte 26: 0x07→0x08 bit(s) [0]; byte 36: 0xB4→0xB8 bit(s) [2, 3]
[14:24:02.033] P-02 rel 0x11/78 B: byte 17: 0x10→0x0E bit(s) [3, 4]; byte 19: 0xDD→0xE0 bit(s) [4, 5]; byte 23: 0xAC→0x7A bit(s) [7]; byte 26: 0x08→0x07 bit(s) [0]; byte 36: 0xB8→0xBC bit(s) [2]
[14:24:02.048] P-02 rel 0x11/78 B: byte 15: 0xD7→0xD8 bit(s) [3]; byte 17: 0x0E→0x11 bit(s) [3, 4]; byte 26: 0x07→0x08 bit(s) [0]; byte 36: 0xBC→0xC0 bit(s) [2, 3, 4, 5, 6]
[14:24:02.063] P-02 rel 0x11/78 B: byte 15: 0xD8→0xCF bit(s) [4]; byte 36: 0xC0→0xC4 bit(s) [2]
[14:24:02.078] P-02 rel 0x11/78 B: byte 15: 0xCF→0xB8 bit(s) [4, 5, 6]; byte 23: 0x48→0xE6 bit(s) [7]; byte 24: 0x15→0x14 bit(s) [0]; byte 26: 0x08→0x07 bit(s) [0]; byte 36: 0xC4→0xC8 bit(s) [2, 3]
[14:24:02.093] P-02 rel 0x11/78 B: byte 9: 0x7A→0x80 bit(s) [1]; byte 15: 0xB8→0xC4 bit(s) [3, 4, 5, 6]; byte 17: 0x10→0x0D bit(s) [3, 4]; byte 19: 0xEE→0x07 bit(s) [5, 6, 7]; byte 20: 0xFF→0x00 bit(s) [0, 1, 2, 3, 4, 5, 6, 7]; byte 21: 0x94→0x7C bit(s) [7]; byte 23: 0xE6→0x4C bit(s) [7]; byte 26: 0x07→0x08 bit(s) [0]; byte 37: 0x04→0x84 bit(s) [7]
[14:24:02.094] P-01 botão "Touchpad 1 Left" [sem propriedade nomeada]: solto
[14:24:02.094] P-01 botão "Touchpad 1 Up" [sem propriedade nomeada]: solto
[14:24:02.094] P-01 botão "Touchpad Button" [touchpadButton (GCDualShockGamepad)]: solto
[14:24:02.108] P-02 rel 0x11/78 B: byte 15: 0xC4→0xAF bit(s) [3, 5, 6]; byte 19: 0x07→0xF5 bit(s) [4, 5, 6, 7]; byte 20: 0x00→0xFF bit(s) [0, 1, 2, 3, 4, 5, 6, 7]; byte 21: 0x7C→0xC2 bit(s) [7]; byte 24: 0x14→0x15 bit(s) [0]
[14:24:02.123] P-02 rel 0x11/78 B: byte 15: 0xAF→0xC0 bit(s) [3, 5, 6]; byte 17: 0x08→0x02 bit(s) [3]
[14:24:02.167] P-02 rel 0x11/78 B: byte 15: 0xC0→0xDA bit(s) [3, 4]; byte 19: 0xF8→0x02 bit(s) [4, 5, 6, 7]; byte 20: 0xFF→0x00 bit(s) [0, 1, 2, 3, 4, 5, 6, 7]; byte 23: 0x46→0x80 bit(s) [7]; byte 26: 0x08→0x07 bit(s) [0]
[14:24:02.183] P-02 rel 0x11/78 B: byte 15: 0xDA→0xE2 bit(s) [3, 4, 5]; byte 17: 0x03→0xFE bit(s) [3, 4, 5, 6, 7]; byte 18: 0x00→0xFF bit(s) [0, 1, 2, 3, 4, 5, 6, 7]; byte 23: 0x80→0x7E bit(s) [7]
[14:24:02.198] P-02 rel 0x11/78 B: byte 17: 0xFE→0x01 bit(s) [3, 4, 5, 6, 7]; byte 18: 0xFF→0x00 bit(s) [0, 1, 2, 3, 4, 5, 6, 7]; byte 19: 0x07→0xFF bit(s) [4, 5, 6, 7]; byte 20: 0x00→0xFF bit(s) [0, 1, 2, 3, 4, 5, 6, 7]; byte 26: 0x07→0x08 bit(s) [0]
[14:24:02.213] P-02 rel 0x11/78 B: byte 15: 0xE5→0xEF bit(s) [3]; byte 19: 0xFF→0x00 bit(s) [4, 5, 6, 7]; byte 20: 0xFF→0x00 bit(s) [0, 1, 2, 3, 4, 5, 6, 7]; byte 23: 0x76→0x98 bit(s) [7]
[14:24:02.228] P-02 rel 0x11/78 B: byte 15: 0xEF→0xF4 bit(s) [3, 4]
[14:24:02.258] P-02 rel 0x11/78 B: byte 17: 0x06→0x08 bit(s) [3]; byte 21: 0x9A→0x6A bit(s) [7]; byte 23: 0x8E→0x74 bit(s) [7]
[14:24:02.273] P-02 rel 0x11/78 B: byte 17: 0x08→0x06 bit(s) [3]; byte 21: 0x6A→0x9C bit(s) [7]
[14:24:02.318] P-02 rel 0x11/78 B: byte 15: 0xF0→0xE7 bit(s) [4]
[14:24:02.363] P-02 rel 0x11/78 B: byte 17: 0x03→0xFF bit(s) [3, 4, 5, 6, 7]; byte 18: 0x00→0xFF bit(s) [0, 1, 2, 3, 4, 5, 6, 7]; byte 23: 0x6A→0x8A bit(s) [7]
[14:24:02.378] P-02 rel 0x11/78 B: byte 15: 0xE2→0xF7 bit(s) [4]; byte 17: 0xFF→0x07 bit(s) [3, 4, 5, 6, 7]; byte 18: 0xFF→0x00 bit(s) [0, 1, 2, 3, 4, 5, 6, 7]; byte 19: 0x02→0xFC bit(s) [4, 5, 6, 7]; byte 20: 0x00→0xFF bit(s) [0, 1, 2, 3, 4, 5, 6, 7]; byte 23: 0x8A→0x72 bit(s) [7]
[14:24:02.393] P-02 rel 0x11/78 B: byte 15: 0xF7→0xF9 bit(s) [3]; byte 17: 0x07→0x09 bit(s) [3]; byte 23: 0x72→0x82 bit(s) [7]; byte 26: 0x08→0x07 bit(s) [0]
[14:24:02.408] P-02 rel 0x11/78 B: byte 15: 0xF9→0xEF bit(s) [4]; byte 23: 0x82→0x6E bit(s) [7]; byte 26: 0x07→0x08 bit(s) [0]
[14:24:02.423] P-02 rel 0x11/78 B: byte 15: 0xEF→0xF6 bit(s) [3, 4]; byte 17: 0x08→0x06 bit(s) [3]
[14:24:02.438] P-02 rel 0x11/78 B: byte 19: 0xFC→0x00 bit(s) [4, 5, 6, 7]; byte 20: 0xFF→0x00 bit(s) [0, 1, 2, 3, 4, 5, 6, 7]
[14:24:02.453] P-02 rel 0x11/78 B: byte 15: 0xF6→0xEB bit(s) [3, 4]
[14:24:02.468] P-02 rel 0x11/78 B: byte 15: 0xEB→0xF1 bit(s) [3, 4]
[14:24:02.498] P-02 rel 0x11/78 B: byte 23: 0x7A→0x9C bit(s) [7]
[14:24:02.513] P-02 rel 0x11/78 B: byte 23: 0x9C→0x5C bit(s) [7]
[14:24:02.528] P-02 rel 0x11/78 B: byte 15: 0xF6→0xEF bit(s) [3, 4]; byte 19: 0x0D→0x10 bit(s) [4]
[14:24:02.543] P-02 rel 0x11/78 B: byte 23: 0x62→0x86 bit(s) [7]
[14:24:02.558] P-02 rel 0x11/78 B: byte 23: 0x86→0x6C bit(s) [7]
[14:24:02.573] P-02 rel 0x11/78 B: byte 15: 0xEF→0xF0 bit(s) [3, 4]; byte 23: 0x6C→0x8C bit(s) [7]
[14:24:02.588] P-02 rel 0x11/78 B: byte 15: 0xF0→0xE5 bit(s) [4]
[14:24:02.603] P-02 rel 0x11/78 B: byte 15: 0xE5→0xE8 bit(s) [3]; byte 19: 0x12→0x09 bit(s) [4]
[14:24:02.618] P-02 rel 0x11/78 B: byte 15: 0xE8→0xF3 bit(s) [3, 4]; byte 23: 0x84→0x78 bit(s) [7]
[14:24:02.633] P-02 rel 0x11/78 B: byte 15: 0xF3→0xEE bit(s) [3, 4]; byte 23: 0x78→0xAA bit(s) [7]
[14:24:02.649] P-02 rel 0x11/78 B: byte 15: 0xEE→0xF5 bit(s) [3, 4]; byte 19: 0x02→0xFF bit(s) [4, 5, 6, 7]; byte 20: 0x00→0xFF bit(s) [0, 1, 2, 3, 4, 5, 6, 7]
[14:24:02.663] P-02 rel 0x11/78 B: byte 15: 0xF5→0xFA bit(s) [3]; byte 23: 0xA8→0x70 bit(s) [7]
[14:24:02.678] P-02 rel 0x11/78 B: byte 15: 0xFA→0xF2 bit(s) [3]
[14:24:02.708] P-02 rel 0x11/78 B: byte 15: 0xF0→0xED bit(s) [3, 4]; byte 23: 0x6C→0x82 bit(s) [7]
[14:24:02.723] P-02 rel 0x11/78 B: byte 15: 0xED→0xF2 bit(s) [3, 4]; byte 19: 0xFF→0x07 bit(s) [4, 5, 6, 7]; byte 20: 0xFF→0x00 bit(s) [0, 1, 2, 3, 4, 5, 6, 7]
[14:24:03.008]      … 10 linha(s) suprimida(s) neste segundo
[14:24:03.008] P-02 rel 0x11/78 B: byte 15: 0xFA→0xEF bit(s) [4]
[14:24:03.023] P-02 rel 0x11/78 B: byte 15: 0xEF→0xF0 bit(s) [3, 4]
[14:24:03.038] P-02 rel 0x11/78 B: byte 15: 0xF0→0xED bit(s) [3, 4]; byte 19: 0x0F→0x11 bit(s) [4]; byte 23: 0x70→0xA0 bit(s) [7]
[14:24:03.082] P-02 rel 0x11/78 B: byte 15: 0xED→0xF6 bit(s) [3, 4]
[14:24:03.113] P-02 rel 0x11/78 B: byte 15: 0xF0→0xEF bit(s) [3, 4]; byte 19: 0x11→0xFE bit(s) [5, 6, 7]; byte 20: 0x00→0xFF bit(s) [0, 1, 2, 3, 4, 5, 6, 7]
[14:24:03.128] P-02 rel 0x11/78 B: byte 15: 0xEF→0xF4 bit(s) [3, 4]; byte 17: 0x07→0x09 bit(s) [3]; byte 26: 0x08→0x07 bit(s) [0]
[14:24:03.143] P-02 rel 0x11/78 B: byte 15: 0xF4→0xFD bit(s) [3]; byte 23: 0x96→0x78 bit(s) [7]; byte 26: 0x07→0x08 bit(s) [0]
[14:24:03.158] P-02 rel 0x11/78 B: byte 17: 0x08→0x07 bit(s) [3]; byte 19: 0xFE→0x00 bit(s) [4, 5, 6, 7]; byte 20: 0xFF→0x00 bit(s) [0, 1, 2, 3, 4, 5, 6, 7]
[14:24:03.173] P-02 rel 0x11/78 B: byte 15: 0xF9→0xF7 bit(s) [3]
[14:24:03.188] P-02 rel 0x11/78 B: byte 19: 0x02→0xFF bit(s) [4, 5, 6, 7]; byte 20: 0x00→0xFF bit(s) [0, 1, 2, 3, 4, 5, 6, 7]
[14:24:03.203] P-02 rel 0x11/78 B: byte 19: 0xFF→0x00 bit(s) [4, 5, 6, 7]; byte 20: 0xFF→0x00 bit(s) [0, 1, 2, 3, 4, 5, 6, 7]
[14:24:03.218] P-02 rel 0x11/78 B: byte 15: 0xF2→0xFB bit(s) [3]; byte 23: 0x7C→0x98 bit(s) [7]
[14:24:03.248] P-02 rel 0x11/78 B: byte 15: 0xFE→0xF4 bit(s) [3]; byte 19: 0x0E→0x15 bit(s) [4]; byte 23: 0x8E→0x74 bit(s) [7]
[14:24:03.263] P-02 rel 0x11/78 B: byte 15: 0xF4→0xEF bit(s) [3, 4]
[14:24:03.293] P-02 rel 0x11/78 B: byte 15: 0xEA→0xF3 bit(s) [3, 4]; byte 17: 0x07→0x08 bit(s) [3]; byte 23: 0x76→0x90 bit(s) [7]
[14:24:03.308] P-02 rel 0x11/78 B: byte 19: 0x11→0x0F bit(s) [4]
[14:24:03.323] P-02 rel 0x11/78 B: byte 17: 0x08→0x07 bit(s) [3]; byte 19: 0x0F→0x13 bit(s) [4]
[14:24:03.353] P-02 rel 0x11/78 B: byte 15: 0xF6→0xFC bit(s) [3]; byte 19: 0x10→0x0F bit(s) [4]
[14:24:03.397] P-02 rel 0x11/78 B: byte 15: 0xFC→0xEF bit(s) [4]; byte 23: 0x88→0x66 bit(s) [7]
[14:24:03.413] P-02 rel 0x11/78 B: byte 15: 0xEF→0xFA bit(s) [4]; byte 26: 0x08→0x07 bit(s) [0]
[14:24:03.428] P-02 rel 0x11/78 B: byte 17: 0x06→0x08 bit(s) [3]; byte 26: 0x07→0x08 bit(s) [0]
[14:24:03.443] P-02 rel 0x11/78 B: byte 17: 0x08→0x03 bit(s) [3]; byte 23: 0x72→0xAA bit(s) [7]
[14:24:03.458] P-02 rel 0x11/78 B: byte 15: 0xFE→0xF7 bit(s) [3]; byte 19: 0x08→0x10 bit(s) [4]
[14:24:03.473] P-02 rel 0x11/78 B: byte 15: 0xF7→0xE1 bit(s) [4]; byte 17: 0x05→0xFF bit(s) [3, 4, 5, 6, 7]; byte 18: 0x00→0xFF bit(s) [0, 1, 2, 3, 4, 5, 6, 7]; byte 23: 0x8E→0x60 bit(s) [7]
[14:24:03.518] P-02 rel 0x11/78 B: byte 15: 0xE1→0xEB bit(s) [3]; byte 17: 0xFF→0x00 bit(s) [3, 4, 5, 6, 7]; byte 18: 0xFF→0x00 bit(s) [0, 1, 2, 3, 4, 5, 6, 7]; byte 23: 0x60→0xA6 bit(s) [7]
[14:24:03.533] P-02 rel 0x11/78 B: byte 15: 0xEB→0xFD bit(s) [4]; byte 23: 0xA6→0x72 bit(s) [7]
[14:24:03.548] P-02 rel 0x11/78 B: byte 15: 0xFD→0xE3 bit(s) [3, 4]; byte 17: 0x03→0xED bit(s) [3, 5, 6, 7]; byte 18: 0x00→0xFF bit(s) [0, 1, 2, 3, 4, 5, 6, 7]; byte 19: 0x1A→0x28 bit(s) [4, 5]
[14:24:03.563] P-02 rel 0x11/78 B: byte 15: 0xE3→0xF1 bit(s) [4]; byte 23: 0x68→0x88 bit(s) [7]
[14:24:03.578] P-02 rel 0x11/78 B: byte 15: 0xF1→0x0A bit(s) [3, 4, 5, 6, 7]; byte 16: 0xFF→0x00 bit(s) [0, 1, 2, 3, 4, 5, 6, 7]; byte 17: 0xEC→0xE4 bit(s) [3]; byte 19: 0x28→0x39 bit(s) [4]; byte 21: 0xDE→0x08 bit(s) [7]; byte 22: 0xFA→0xFB bit(s) [0]; byte 23: 0x88→0x7C bit(s) [7]; byte 26: 0x08→0x07 bit(s) [0]
[14:24:03.593] P-02 rel 0x11/78 B: byte 15: 0x0A→0xF7 bit(s) [3, 4, 5, 6, 7]; byte 16: 0x00→0xFF bit(s) [0, 1, 2, 3, 4, 5, 6, 7]; byte 19: 0x39→0x41 bit(s) [4, 5, 6]; byte 21: 0x08→0xCA bit(s) [7]; byte 22: 0xFB→0xFA bit(s) [0]; byte 26: 0x07→0x08 bit(s) [0]
[14:24:03.608] P-02 rel 0x11/78 B: byte 15: 0xF7→0xEE bit(s) [3, 4]; byte 17: 0xE0→0xDE bit(s) [3, 4, 5]
[14:24:03.623] P-02 rel 0x11/78 B: byte 15: 0xEE→0x01 bit(s) [3, 5, 6, 7]; byte 16: 0xFF→0x00 bit(s) [0, 1, 2, 3, 4, 5, 6, 7]; byte 23: 0x5C→0x94 bit(s) [7]
[14:24:03.638] P-02 rel 0x11/78 B: byte 15: 0x01→0x10 bit(s) [4]; byte 17: 0xDF→0xE4 bit(s) [3, 4, 5]; byte 19: 0x4B→0x58 bit(s) [4]
[14:24:03.653] P-02 rel 0x11/78 B: byte 15: 0x10→0x1D bit(s) [3]; byte 19: 0x58→0x6D bit(s) [4, 5]; byte 21: 0xAC→0x7E bit(s) [7]
[14:24:03.668] P-02 rel 0x11/78 B: byte 15: 0x1D→0x0F bit(s) [4]; byte 17: 0xE6→0xD4 bit(s) [4, 5]; byte 19: 0x6D→0x95 bit(s) [4, 5, 6, 7]; byte 23: 0xA4→0x42 bit(s) [7]
[14:24:03.683] P-02 rel 0x11/78 B: byte 15: 0x0F→0xEF bit(s) [5, 6, 7]; byte 16: 0x00→0xFF bit(s) [0, 1, 2, 3, 4, 5, 6, 7]; byte 17: 0xD4→0xBA bit(s) [3, 5, 6]; byte 19: 0x95→0xB7 bit(s) [5]; byte 21: 0x5E→0x80 bit(s) [7]; byte 23: 0x42→0xE8 bit(s) [7]; byte 24: 0x15→0x14 bit(s) [0]
[14:24:03.698] P-02 rel 0x11/78 B: byte 17: 0xBA→0x9F bit(s) [5]; byte 19: 0xB7→0xCB bit(s) [4, 5, 6]; byte 21: 0x80→0x10 bit(s) [7]; byte 22: 0xFA→0xFB bit(s) [0]; byte 26: 0x08→0x07 bit(s) [0]
[14:24:03.713] P-02 rel 0x11/78 B: byte 15: 0xEE→0xF5 bit(s) [3, 4]; byte 17: 0x9F→0xAB bit(s) [4, 5]; byte 19: 0xCB→0xB0 bit(s) [4, 5, 6]; byte 24: 0x14→0x15 bit(s) [0]; byte 26: 0x07→0x08 bit(s) [0]
[14:24:03.728] P-02 rel 0x11/78 B: byte 15: 0xF5→0x0A bit(s) [3, 4, 5, 6, 7]; byte 16: 0xFF→0x00 bit(s) [0, 1, 2, 3, 4, 5, 6, 7]; byte 17: 0xAB→0xD2 bit(s) [3, 4, 5, 6]; byte 19: 0xB0→0x89 bit(s) [4, 5]; byte 23: 0xEC→0x48 bit(s) [7]; byte 24: 0x15→0x16 bit(s) [0, 1]
[14:24:03.743] P-02 rel 0x11/78 B: byte 15: 0x0A→0x24 bit(s) [3, 5]; byte 17: 0xD2→0xE6 bit(s) [4, 5]; byte 21: 0x58→0xFE bit(s) [7]; byte 22: 0xFB→0xFA bit(s) [0]; byte 23: 0x48→0x8A bit(s) [7]
[14:24:04.013]      … 17 linha(s) suprimida(s) neste segundo
[14:24:04.013] P-02 rel 0x11/78 B: byte 15: 0x8C→0x98 bit(s) [4]; byte 17: 0x1F→0x16 bit(s) [3]; byte 19: 0xCE→0xD7 bit(s) [4]; byte 21: 0xFE→0x22 bit(s) [7]; byte 22: 0xFA→0xFB bit(s) [0]; byte 23: 0xE0→0x18 bit(s) [7]; byte 24: 0x14→0x15 bit(s) [0]; byte 26: 0x07→0x08 bit(s) [0]
[14:24:04.028] P-02 rel 0x11/78 B: byte 15: 0x98→0xAF bit(s) [4, 5]; byte 17: 0x16→0x0D bit(s) [3, 4]; byte 19: 0xD7→0xE1 bit(s) [4, 5]; byte 26: 0x08→0x07 bit(s) [0]
[14:24:04.043] P-02 rel 0x11/78 B: byte 15: 0xAF→0xB6 bit(s) [3, 4]
[14:24:04.058] P-02 rel 0x11/78 B: byte 15: 0xB6→0xCC bit(s) [3, 4, 5, 6]; byte 26: 0x07→0x08 bit(s) [0]
[14:24:04.073] P-02 rel 0x11/78 B: byte 15: 0xCC→0xD3 bit(s) [3, 4]; byte 23: 0x74→0x90 bit(s) [7]
[14:24:04.088] P-02 rel 0x11/78 B: byte 15: 0xD3→0xDE bit(s) [3]; byte 17: 0x0D→0x07 bit(s) [3]; byte 19: 0xEA→0xF4 bit(s) [4]; byte 23: 0x90→0x44 bit(s) [7]; byte 26: 0x08→0x07 bit(s) [0]
[14:24:04.103] P-02 rel 0x11/78 B: byte 15: 0xDE→0xE7 bit(s) [3, 4, 5]
[14:24:04.118] P-02 rel 0x11/78 B: byte 15: 0xE7→0xF1 bit(s) [4]; byte 19: 0xFC→0x04 bit(s) [4, 5, 6, 7]; byte 20: 0xFF→0x00 bit(s) [0, 1, 2, 3, 4, 5, 6, 7]
[14:24:04.133] P-02 rel 0x11/78 B: byte 15: 0xF1→0xEE bit(s) [3, 4]
[14:24:04.148] P-02 rel 0x11/78 B: byte 15: 0xEE→0xE1 bit(s) [3]; byte 17: 0x01→0xFB bit(s) [3, 4, 5, 6, 7]; byte 18: 0x00→0xFF bit(s) [0, 1, 2, 3, 4, 5, 6, 7]; byte 21: 0x34→0xF8 bit(s) [7]; byte 22: 0xFB→0xFA bit(s) [0]
[14:24:04.163] P-02 rel 0x11/78 B: byte 15: 0xE1→0xDE bit(s) [3, 4, 5]; byte 26: 0x07→0x08 bit(s) [0]
[14:24:04.178] P-02 rel 0x11/78 B: byte 21: 0xE0→0x2A bit(s) [7]; byte 22: 0xFA→0xFB bit(s) [0]; byte 23: 0x6E→0x98 bit(s) [7]
[14:24:04.193] P-02 rel 0x11/78 B: byte 15: 0xDC→0xF6 bit(s) [3, 5]; byte 17: 0xFB→0x01 bit(s) [3, 4, 5, 6, 7]; byte 18: 0xFF→0x00 bit(s) [0, 1, 2, 3, 4, 5, 6, 7]; byte 21: 0x2A→0xFA bit(s) [7]; byte 22: 0xFB→0xFA bit(s) [0]
[14:24:04.208] P-02 rel 0x11/78 B: byte 15: 0xF6→0xFD bit(s) [3]
[14:24:04.238] P-02 rel 0x11/78 B: byte 15: 0xFB→0xF1 bit(s) [3]; byte 17: 0x01→0xFF bit(s) [3, 4, 5, 6, 7]; byte 18: 0x00→0xFF bit(s) [0, 1, 2, 3, 4, 5, 6, 7]
[14:24:04.253] P-02 rel 0x11/78 B: byte 15: 0xF1→0xE5 bit(s) [4]; byte 21: 0xF6→0x1A bit(s) [7]; byte 22: 0xFA→0xFB bit(s) [0]; byte 23: 0x84→0x6A bit(s) [7]
[14:24:04.297] P-02 rel 0x11/78 B: byte 17: 0xFF→0x03 bit(s) [3, 4, 5, 6, 7]; byte 18: 0xFF→0x00 bit(s) [0, 1, 2, 3, 4, 5, 6, 7]
[14:24:04.313] P-02 rel 0x11/78 B: byte 19: 0x01→0xFA bit(s) [4, 5, 6, 7]; byte 20: 0x00→0xFF bit(s) [0, 1, 2, 3, 4, 5, 6, 7]; byte 23: 0x6C→0x84 bit(s) [7]
[14:24:04.328] P-02 rel 0x11/78 B: byte 15: 0xE7→0xF2 bit(s) [4]; byte 19: 0xFA→0xED bit(s) [4]; byte 23: 0x84→0x6C bit(s) [7]
[14:24:04.343] P-02 rel 0x11/78 B: byte 15: 0xF2→0xED bit(s) [3, 4]; byte 17: 0x07→0x0A bit(s) [3]
[14:24:04.358] P-02 rel 0x11/78 B: byte 15: 0xED→0xE6 bit(s) [3]; byte 17: 0x0A→0x07 bit(s) [3]; byte 19: 0xEC→0xF7 bit(s) [4]; byte 21: 0x04→0xF0 bit(s) [7]; byte 22: 0xFB→0xFA bit(s) [0]
[14:24:04.373] P-02 rel 0x11/78 B: byte 15: 0xE6→0xDA bit(s) [3, 4, 5]; byte 23: 0x62→0x92 bit(s) [7]
[14:24:04.388] P-02 rel 0x11/78 B: byte 15: 0xDA→0xD1 bit(s) [3]; byte 23: 0x92→0x6C bit(s) [7]
[14:24:04.403] P-02 rel 0x11/78 B: byte 23: 0x6C→0x96 bit(s) [7]
[14:24:04.418] P-02 rel 0x11/78 B: byte 15: 0xD3→0xE3 bit(s) [4, 5]
[14:24:04.447] P-02 rel 0x11/78 B: byte 15: 0xE3→0xF1 bit(s) [4]; byte 19: 0xFB→0x02 bit(s) [4, 5, 6, 7]; byte 20: 0xFF→0x00 bit(s) [0, 1, 2, 3, 4, 5, 6, 7]; byte 22: 0xFA→0xFB bit(s) [0]; byte 23: 0xB2→0x0A bit(s) [7]; byte 24: 0x15→0x16 bit(s) [0, 1]
[14:24:04.463] P-02 rel 0x11/78 B: byte 15: 0xF1→0x1A bit(s) [3, 5, 6, 7]; byte 16: 0xFF→0x00 bit(s) [0, 1, 2, 3, 4, 5, 6, 7]; byte 17: 0x04→0xF6 bit(s) [4, 5, 6, 7]; byte 18: 0x00→0xFF bit(s) [0, 1, 2, 3, 4, 5, 6, 7]; byte 19: 0x02→0x17 bit(s) [4]; byte 21: 0x82→0x16 bit(s) [7]; byte 24: 0x16→0x15 bit(s) [0, 1]; byte 26: 0x08→0x07 bit(s) [0]
[14:24:04.478] P-02 rel 0x11/78 B: byte 15: 0x1A→0xD2 bit(s) [3, 6, 7]; byte 16: 0x00→0xFF bit(s) [0, 1, 2, 3, 4, 5, 6, 7]; byte 17: 0xF6→0xFD bit(s) [3]; byte 26: 0x07→0x08 bit(s) [0]
[14:24:04.493] P-02 rel 0x11/78 B: byte 15: 0xD2→0xE5 bit(s) [4, 5]; byte 17: 0xFD→0x05 bit(s) [3, 4, 5, 6, 7]; byte 18: 0xFF→0x00 bit(s) [0, 1, 2, 3, 4, 5, 6, 7]; byte 19: 0x13→0x0A bit(s) [4]; byte 23: 0x50→0x8C bit(s) [7]
[14:24:04.508] P-02 rel 0x11/78 B: byte 15: 0xE5→0x12 bit(s) [4, 5, 6, 7]; byte 16: 0xFF→0x00 bit(s) [0, 1, 2, 3, 4, 5, 6, 7]; byte 19: 0x0A→0x11 bit(s) [4]
[14:24:04.523] P-02 rel 0x11/78 B: byte 15: 0x12→0x03 bit(s) [4]; byte 19: 0x11→0x0B bit(s) [4]
[14:24:04.538] P-02 rel 0x11/78 B: byte 15: 0x03→0xF3 bit(s) [4, 5, 6, 7]; byte 16: 0x00→0xFF bit(s) [0, 1, 2, 3, 4, 5, 6, 7]; byte 21: 0x0A→0xF2 bit(s) [7]; byte 22: 0xFB→0xFA bit(s) [0]
[14:24:04.553] P-02 rel 0x11/78 B: byte 19: 0x05→0xFE bit(s) [4, 5, 6, 7]; byte 20: 0x00→0xFF bit(s) [0, 1, 2, 3, 4, 5, 6, 7]; byte 21: 0xF2→0x0E bit(s) [7]; byte 22: 0xFA→0xFB bit(s) [0]; byte 26: 0x08→0x07 bit(s) [0]
[14:24:04.568] P-02 rel 0x11/78 B: byte 15: 0xF6→0xFB bit(s) [3]; byte 21: 0x0E→0xFE bit(s) [7]; byte 22: 0xFB→0xFA bit(s) [0]
[14:24:04.583] P-02 rel 0x11/78 B: byte 21: 0xFE→0x44 bit(s) [7]; byte 22: 0xFA→0xFB bit(s) [0]
[14:24:04.598] P-02 rel 0x11/78 B: byte 21: 0x44→0xF8 bit(s) [7]; byte 22: 0xFB→0xFA bit(s) [0]; byte 23: 0x8A→0x7C bit(s) [7]; byte 26: 0x07→0x08 bit(s) [0]
[14:24:04.613] P-02 rel 0x11/78 B: byte 21: 0xF8→0x28 bit(s) [7]; byte 22: 0xFA→0xFB bit(s) [0]
[14:24:04.628] P-02 rel 0x11/78 B: byte 15: 0xF9→0x03 bit(s) [3, 4, 5, 6, 7]; byte 16: 0xFF→0x00 bit(s) [0, 1, 2, 3, 4, 5, 6, 7]; byte 19: 0xFE→0x01 bit(s) [4, 5, 6, 7]; byte 20: 0xFF→0x00 bit(s) [0, 1, 2, 3, 4, 5, 6, 7]; byte 21: 0x28→0xF6 bit(s) [7]; byte 22: 0xFB→0xFA bit(s) [0]
[14:24:04.643] P-02 rel 0x11/78 B: byte 15: 0x03→0x12 bit(s) [4]; byte 17: 0x02→0xFF bit(s) [3, 4, 5, 6, 7]; byte 18: 0x00→0xFF bit(s) [0, 1, 2, 3, 4, 5, 6, 7]; byte 23: 0x64→0x92 bit(s) [7]
[14:24:04.658] P-02 rel 0x11/78 B: byte 15: 0x12→0x25 bit(s) [4, 5]; byte 21: 0xBC→0x2C bit(s) [7]; byte 22: 0xFA→0xFB bit(s) [0]; byte 23: 0x92→0x60 bit(s) [7]; byte 26: 0x08→0x07 bit(s) [0]
[14:24:05.003]      … 21 linha(s) suprimida(s) neste segundo
[14:24:05.003] P-02 rel 0x11/78 B: byte 15: 0xE8→0xF3 bit(s) [3, 4]; byte 17: 0x08→0x07 bit(s) [3]; byte 19: 0x01→0xFC bit(s) [4, 5, 6, 7]; byte 20: 0x00→0xFF bit(s) [0, 1, 2, 3, 4, 5, 6, 7]; byte 23: 0x78→0xAE bit(s) [7]
[14:24:05.018] P-02 rel 0x11/78 B: byte 21: 0x02→0xD4 bit(s) [7]; byte 22: 0xFB→0xFA bit(s) [0]
[14:24:05.033] P-02 rel 0x11/78 B: byte 15: 0xF6→0xF8 bit(s) [3]
[14:24:05.063] P-02 rel 0x11/78 B: byte 19: 0xFF→0x04 bit(s) [4, 5, 6, 7]; byte 20: 0xFF→0x00 bit(s) [0, 1, 2, 3, 4, 5, 6, 7]; byte 23: 0x90→0x78 bit(s) [7]
[14:24:05.078] P-02 rel 0x11/78 B: byte 15: 0xFB→0xF7 bit(s) [3]
[14:24:05.108] P-02 rel 0x11/78 B: byte 15: 0xF1→0xEE bit(s) [3, 4]; byte 19: 0x0C→0x10 bit(s) [4]; byte 23: 0x62→0x96 bit(s) [7]
[14:24:05.123] P-02 rel 0x11/78 B: byte 15: 0xEE→0xF4 bit(s) [3, 4]
[14:24:05.138] P-02 rel 0x11/78 B: byte 15: 0xF4→0xFE bit(s) [3]; byte 17: 0x02→0xFC bit(s) [3, 4, 5, 6, 7]; byte 18: 0x00→0xFF bit(s) [0, 1, 2, 3, 4, 5, 6, 7]; byte 21: 0xC6→0x04 bit(s) [7]; byte 22: 0xFA→0xFB bit(s) [0]
[14:24:05.153] P-02 rel 0x11/78 B: byte 15: 0xFE→0x0C bit(s) [4, 5, 6, 7]; byte 16: 0xFF→0x00 bit(s) [0, 1, 2, 3, 4, 5, 6, 7]; byte 23: 0x96→0x7C bit(s) [7]
[14:24:05.182] P-02 rel 0x11/78 B: byte 15: 0x0C→0x1E bit(s) [4]; byte 17: 0xFA→0xF7 bit(s) [3]
[14:24:05.198] P-02 rel 0x11/78 B: byte 15: 0x1E→0x3E bit(s) [5]; byte 23: 0x6A→0x8A bit(s) [7]
[14:24:05.213] P-02 rel 0x11/78 B: byte 15: 0x3E→0x43 bit(s) [3, 4, 5, 6]; byte 23: 0x8A→0x48 bit(s) [7]; byte 26: 0x08→0x07 bit(s) [0]
[14:24:05.219] P-02 resumo: relatório 0x11 com 78 bytes, 7535 recebido(s); ruído de repouso: byte 9 bits [3, 4, 5, 6, 7]; byte 13 bits [1, 2, 3, 4, 5, 6, 7]; byte 15 bits [0, 1, 2]; byte 17 bits [0, 1, 2]; byte 19 bits [0, 1, 2, 3]; byte 21 bits [1, 2, 3, 4, 5, 6]; byte 23 bits [1, 2, 3, 4, 5, 6]; byte 25 bits [1, 2, 3, 4, 5, 6, 7]; byte 26 bits [1, 2, 3, 4, 5]; byte 74 bits [0, 1, 2, 3, 4, 5, 6, 7]; byte 75 bits [0, 1, 2, 3, 4, 5, 6, 7]; byte 76 bits [0, 1, 2, 3, 4, 5, 6, 7]; byte 77 bits [0, 1, 2, 3, 4, 5, 6, 7]
[14:24:05.228] P-02 rel 0x11/78 B: byte 15: 0x43→0xEF bit(s) [3, 5, 7]; byte 16: 0x00→0xFF bit(s) [0, 1, 2, 3, 4, 5, 6, 7]; byte 17: 0xF5→0xE9 bit(s) [3, 4]; byte 19: 0x16→0x03 bit(s) [4]
[14:24:05.243] P-02 rel 0x11/78 B: byte 15: 0xEF→0xF7 bit(s) [3, 4]; byte 19: 0x03→0xFE bit(s) [4, 5, 6, 7]; byte 20: 0x00→0xFF bit(s) [0, 1, 2, 3, 4, 5, 6, 7]; byte 26: 0x07→0x08 bit(s) [0]
[14:24:05.258] P-02 rel 0x11/78 B: byte 15: 0xF7→0x1B bit(s) [3, 5, 6, 7]; byte 16: 0xFF→0x00 bit(s) [0, 1, 2, 3, 4, 5, 6, 7]; byte 17: 0xE8→0xF6 bit(s) [3, 4]; byte 21: 0x28→0xFA bit(s) [7]; byte 22: 0xFB→0xFA bit(s) [0]; byte 23: 0x74→0xFC bit(s) [7]
[14:24:05.273] P-02 rel 0x11/78 B: byte 15: 0x1B→0x0C bit(s) [4]; byte 17: 0xF6→0x06 bit(s) [4, 5, 6, 7]; byte 18: 0xFF→0x00 bit(s) [0, 1, 2, 3, 4, 5, 6, 7]
[14:24:05.288] P-02 rel 0x11/78 B: byte 15: 0x0C→0xFB bit(s) [4, 5, 6, 7]; byte 16: 0x00→0xFF bit(s) [0, 1, 2, 3, 4, 5, 6, 7]; byte 17: 0x06→0x12 bit(s) [4]
[14:24:05.318] P-02 rel 0x11/78 B: byte 15: 0xF8→0xE0 bit(s) [3, 4]; byte 17: 0x14→0x0E bit(s) [3, 4]; byte 19: 0xF8→0x04 bit(s) [4, 5, 6, 7]; byte 20: 0xFF→0x00 bit(s) [0, 1, 2, 3, 4, 5, 6, 7]; byte 23: 0x86→0x4E bit(s) [7]
[14:24:05.333] P-02 rel 0x11/78 B: byte 15: 0xE0→0xCB bit(s) [3, 5]
[14:24:05.348] P-02 rel 0x11/78 B: byte 15: 0xCB→0xC0 bit(s) [3]; byte 19: 0x0F→0x16 bit(s) [4]
[14:24:05.363] P-02 rel 0x11/78 B: byte 15: 0xC0→0xBA bit(s) [3, 4, 5, 6]; byte 17: 0x0F→0x13 bit(s) [3, 4]
[14:24:05.378] P-02 rel 0x11/78 B: byte 15: 0xBA→0xAA bit(s) [4]; byte 21: 0xEC→0x02 bit(s) [7]; byte 22: 0xFA→0xFB bit(s) [0]; byte 26: 0x08→0x07 bit(s) [0]
[14:24:05.393] P-02 rel 0x11/78 B: byte 15: 0xAA→0xA3 bit(s) [3]; byte 19: 0x15→0x07 bit(s) [4]; byte 21: 0x02→0xF2 bit(s) [7]; byte 22: 0xFB→0xFA bit(s) [0]; byte 23: 0x3C→0x96 bit(s) [7]; byte 26: 0x07→0x08 bit(s) [0]
[14:24:05.408] P-02 rel 0x11/78 B: byte 19: 0x07→0xF0 bit(s) [4, 5, 6, 7]; byte 20: 0x00→0xFF bit(s) [0, 1, 2, 3, 4, 5, 6, 7]; byte 21: 0xF2→0x24 bit(s) [7]; byte 22: 0xFA→0xFB bit(s) [0]
[14:24:05.423] P-02 rel 0x11/78 B: byte 15: 0xA4→0xBB bit(s) [3, 4]
[14:24:05.438] P-02 rel 0x11/78 B: byte 15: 0xBB→0xE8 bit(s) [4, 6]
[14:24:05.453] P-02 rel 0x11/78 B: byte 17: 0x17→0x1A bit(s) [3]
[14:24:05.468] P-02 rel 0x11/78 B: byte 17: 0x1A→0x10 bit(s) [3]; byte 21: 0x18→0xF4 bit(s) [7]; byte 22: 0xFB→0xFA bit(s) [0]
[14:24:05.497] P-02 rel 0x11/78 B: byte 17: 0x10→0x0B bit(s) [3, 4]
[14:24:05.513] P-02 rel 0x11/78 B: byte 17: 0x0B→0x02 bit(s) [3]; byte 21: 0xE8→0x16 bit(s) [7]; byte 22: 0xFA→0xFB bit(s) [0]
[14:24:05.528] P-02 rel 0x11/78 B: byte 15: 0xEF→0xF0 bit(s) [3, 4]; byte 17: 0x02→0x08 bit(s) [3]
[14:24:05.543] P-02 rel 0x11/78 B: byte 15: 0xF0→0xEF bit(s) [3, 4]; byte 17: 0x08→0x07 bit(s) [3]; byte 19: 0xFF→0x01 bit(s) [4, 5, 6, 7]; byte 20: 0xFF→0x00 bit(s) [0, 1, 2, 3, 4, 5, 6, 7]; byte 21: 0x0A→0xFE bit(s) [7]; byte 22: 0xFB→0xFA bit(s) [0]
[14:24:05.558] P-02 rel 0x11/78 B: byte 17: 0x07→0x0F bit(s) [3]; byte 19: 0x01→0xFD bit(s) [4, 5, 6, 7]; byte 20: 0x00→0xFF bit(s) [0, 1, 2, 3, 4, 5, 6, 7]; byte 21: 0xFE→0x22 bit(s) [7]; byte 22: 0xFA→0xFB bit(s) [0]
[14:24:05.574] P-02 rel 0x11/78 B: byte 15: 0xEF→0xFA bit(s) [4]; byte 17: 0x0F→0x11 bit(s) [3, 4]; byte 19: 0xFD→0x00 bit(s) [4, 5, 6, 7]; byte 20: 0xFF→0x00 bit(s) [0, 1, 2, 3, 4, 5, 6, 7]; byte 21: 0x22→0xCE bit(s) [7]; byte 22: 0xFB→0xFA bit(s) [0]
[14:24:05.588] P-02 rel 0x11/78 B: byte 15: 0xFA→0x01 bit(s) [3, 4, 5, 6, 7]; byte 16: 0xFF→0x00 bit(s) [0, 1, 2, 3, 4, 5, 6, 7]; byte 17: 0x11→0x0E bit(s) [3, 4]
[14:24:05.603] P-02 rel 0x11/78 B: byte 15: 0x01→0xFD bit(s) [3, 4, 5, 6, 7]; byte 16: 0x00→0xFF bit(s) [0, 1, 2, 3, 4, 5, 6, 7]
[14:24:05.633] P-02 rel 0x11/78 B: byte 15: 0xFF→0xF4 bit(s) [3]; byte 17: 0x09→0x04 bit(s) [3]; byte 19: 0x0F→0x13 bit(s) [4]; byte 23: 0xBA→0x78 bit(s) [7]
[14:24:05.648] P-02 rel 0x11/78 B: byte 15: 0xF4→0xEB bit(s) [3, 4]; byte 21: 0xDA→0x04 bit(s) [7]; byte 22: 0xFA→0xFB bit(s) [0]
[14:24:05.663] P-02 rel 0x11/78 B: byte 15: 0xEB→0xF3 bit(s) [3, 4]; byte 19: 0x13→0x0D bit(s) [4]; byte 23: 0x7C→0xAC bit(s) [7]
[14:24:05.678] P-02 rel 0x11/78 B: byte 17: 0x05→0x0A bit(s) [3]
[14:24:06.008]      … 15 linha(s) suprimida(s) neste segundo
[14:24:06.008] P-02 rel 0x11/78 B: byte 17: 0x06→0x0A bit(s) [3]; byte 21: 0xF4→0x0C bit(s) [7]; byte 22: 0xFA→0xFB bit(s) [0]
[14:24:06.023] P-02 rel 0x11/78 B: byte 15: 0xF3→0xF9 bit(s) [3]
[14:24:06.038] P-02 rel 0x11/78 B: byte 19: 0x02→0xFF bit(s) [4, 5, 6, 7]; byte 20: 0x00→0xFF bit(s) [0, 1, 2, 3, 4, 5, 6, 7]
[14:24:06.053] P-02 rel 0x11/78 B: byte 21: 0x08→0xF0 bit(s) [7]; byte 22: 0xFB→0xFA bit(s) [0]
[14:24:06.068] P-02 rel 0x11/78 B: byte 19: 0xFE→0x03 bit(s) [4, 5, 6, 7]; byte 20: 0xFF→0x00 bit(s) [0, 1, 2, 3, 4, 5, 6, 7]
[14:24:06.083] P-02 rel 0x11/78 B: byte 17: 0x08→0x07 bit(s) [3]
[14:24:06.157] P-02 rel 0x11/78 B: byte 15: 0xFB→0xF7 bit(s) [3]; byte 21: 0xEC→0x16 bit(s) [7]; byte 22: 0xFA→0xFB bit(s) [0]
[14:24:06.188] P-02 rel 0x11/78 B: byte 15: 0xF5→0xED bit(s) [3, 4]; byte 17: 0x06→0x08 bit(s) [3]; byte 21: 0x48→0xF4 bit(s) [7]; byte 22: 0xFB→0xFA bit(s) [0]
[14:24:06.203] P-02 rel 0x11/78 B: byte 17: 0x08→0x07 bit(s) [3]; byte 21: 0xF4→0x0A bit(s) [7]; byte 22: 0xFA→0xFB bit(s) [0]
[14:24:06.218] P-02 rel 0x11/78 B: byte 15: 0xEF→0xF0 bit(s) [3, 4]
[14:24:06.233] P-02 rel 0x11/78 B: byte 15: 0xF0→0xEE bit(s) [3, 4]; byte 21: 0x08→0xF8 bit(s) [7]; byte 22: 0xFB→0xFA bit(s) [0]
[14:24:06.248] P-02 rel 0x11/78 B: byte 15: 0xEE→0xF6 bit(s) [3, 4]; byte 21: 0xF8→0x08 bit(s) [7]; byte 22: 0xFA→0xFB bit(s) [0]
[14:24:06.263] P-02 rel 0x11/78 B: byte 15: 0xF6→0xFC bit(s) [3]; byte 21: 0x08→0xF2 bit(s) [7]; byte 22: 0xFB→0xFA bit(s) [0]
[14:24:06.278] P-02 rel 0x11/78 B: byte 15: 0xFC→0x00 bit(s) [3, 4, 5, 6, 7]; byte 16: 0xFF→0x00 bit(s) [0, 1, 2, 3, 4, 5, 6, 7]
[14:24:06.308] P-02 rel 0x11/78 B: byte 15: 0x01→0xFC bit(s) [3, 4, 5, 6, 7]; byte 16: 0x00→0xFF bit(s) [0, 1, 2, 3, 4, 5, 6, 7]; byte 21: 0xEA→0x0A bit(s) [7]; byte 22: 0xFA→0xFB bit(s) [0]; byte 23: 0x82→0x6A bit(s) [7]
[14:24:06.323] P-02 rel 0x11/78 B: byte 19: 0x00→0xFF bit(s) [4, 5, 6, 7]; byte 20: 0x00→0xFF bit(s) [0, 1, 2, 3, 4, 5, 6, 7]; byte 23: 0x6A→0xA4 bit(s) [7]
[14:24:06.338] P-02 rel 0x11/78 B: byte 17: 0x05→0x09 bit(s) [3]; byte 19: 0xFF→0x04 bit(s) [4, 5, 6, 7]; byte 20: 0xFF→0x00 bit(s) [0, 1, 2, 3, 4, 5, 6, 7]; byte 21: 0x0C→0xFA bit(s) [7]; byte 22: 0xFB→0xFA bit(s) [0]
[14:24:06.353] P-02 rel 0x11/78 B: byte 15: 0xF8→0xF3 bit(s) [3]; byte 17: 0x09→0x05 bit(s) [3]; byte 21: 0xFA→0x12 bit(s) [7]; byte 22: 0xFA→0xFB bit(s) [0]
[14:24:06.368] P-02 rel 0x11/78 B: byte 15: 0xF3→0xFC bit(s) [3]
[14:24:06.383] P-02 rel 0x11/78 B: byte 17: 0x04→0x08 bit(s) [3]
[14:24:06.398] P-02 rel 0x11/78 B: byte 17: 0x08→0x05 bit(s) [3]; byte 23: 0x8E→0x66 bit(s) [7]
[14:24:06.413] P-02 rel 0x11/78 B: byte 15: 0xFC→0xF3 bit(s) [3]
[14:24:06.428] P-02 rel 0x11/78 B: byte 15: 0xF3→0xF9 bit(s) [3]
[14:24:06.443] P-02 rel 0x11/78 B: byte 19: 0x0F→0x14 bit(s) [4]
[14:24:06.458] P-02 rel 0x11/78 B: byte 23: 0x74→0x8C bit(s) [7]
[14:24:06.473] P-02 rel 0x11/78 B: byte 15: 0xFD→0x02 bit(s) [3, 4, 5, 6, 7]; byte 16: 0xFF→0x00 bit(s) [0, 1, 2, 3, 4, 5, 6, 7]; byte 21: 0x0C→0xFE bit(s) [7]; byte 22: 0xFB→0xFA bit(s) [0]
[14:24:06.488] P-02 rel 0x11/78 B: byte 15: 0x02→0x1E bit(s) [3, 4]; byte 17: 0x00→0xFE bit(s) [3, 4, 5, 6, 7]; byte 18: 0x00→0xFF bit(s) [0, 1, 2, 3, 4, 5, 6, 7]; byte 21: 0xFE→0x32 bit(s) [7]; byte 22: 0xFA→0xFB bit(s) [0]
[14:24:06.503] P-02 rel 0x11/78 B: byte 15: 0x1E→0x30 bit(s) [3, 5]
[14:24:06.518] P-02 rel 0x11/78 B: byte 26: 0x08→0x07 bit(s) [0]
[14:24:06.547] P-02 rel 0x11/78 B: byte 15: 0x34→0x3C bit(s) [3]; byte 19: 0x14→0x06 bit(s) [4]; byte 26: 0x07→0x08 bit(s) [0]
[14:24:06.563] P-02 rel 0x11/78 B: byte 19: 0x06→0xF5 bit(s) [4, 5, 6, 7]; byte 20: 0x00→0xFF bit(s) [0, 1, 2, 3, 4, 5, 6, 7]; byte 26: 0x08→0x07 bit(s) [0]
[14:24:06.578] P-02 rel 0x11/78 B: byte 15: 0x3A→0x26 bit(s) [3, 4]; byte 17: 0xF8→0xE9 bit(s) [4]; byte 19: 0xF5→0x03 bit(s) [4, 5, 6, 7]; byte 20: 0xFF→0x00 bit(s) [0, 1, 2, 3, 4, 5, 6, 7]; byte 23: 0x9C→0x06 bit(s) [7]
[14:24:06.593] P-02 rel 0x11/78 B: byte 15: 0x26→0x19 bit(s) [3, 4, 5]; byte 19: 0x03→0xFE bit(s) [4, 5, 6, 7]; byte 20: 0x00→0xFF bit(s) [0, 1, 2, 3, 4, 5, 6, 7]; byte 26: 0x07→0x08 bit(s) [0]
[14:24:06.608] P-02 rel 0x11/78 B: byte 15: 0x19→0xFA bit(s) [5, 6, 7]; byte 16: 0x00→0xFF bit(s) [0, 1, 2, 3, 4, 5, 6, 7]; byte 17: 0xEB→0xFB bit(s) [4]; byte 19: 0xFE→0xE8 bit(s) [4]; byte 21: 0x16→0xC0 bit(s) [7]; byte 22: 0xFB→0xFA bit(s) [0]
[14:24:06.623] P-02 rel 0x11/78 B: byte 15: 0xFA→0xED bit(s) [4]; byte 17: 0xFB→0x06 bit(s) [3, 4, 5, 6, 7]; byte 18: 0xFF→0x00 bit(s) [0, 1, 2, 3, 4, 5, 6, 7]; byte 19: 0xE8→0xDD bit(s) [4, 5]; byte 23: 0x5C→0x9E bit(s) [7]
[14:24:06.638] P-02 rel 0x11/78 B: byte 15: 0xED→0xF2 bit(s) [3, 4]; byte 17: 0x06→0x13 bit(s) [4]
[14:24:06.653] P-02 rel 0x11/78 B: byte 15: 0xF2→0xF9 bit(s) [3]; byte 17: 0x13→0x1A bit(s) [3]; byte 19: 0xDC→0xE3 bit(s) [4, 5]
[14:24:06.668] P-02 rel 0x11/78 B: byte 15: 0xF9→0xF3 bit(s) [3]; byte 19: 0xE3→0xF1 bit(s) [4]
[14:24:06.683] P-02 rel 0x11/78 B: byte 15: 0xF3→0xDC bit(s) [3, 5]; byte 17: 0x18→0x10 bit(s) [3]; byte 21: 0x84→0x70 bit(s) [7]; byte 23: 0xB0→0x4E bit(s) [7]
[14:24:06.698] P-02 rel 0x11/78 B: byte 15: 0xDC→0xC0 bit(s) [3, 4]; byte 17: 0x10→0x08 bit(s) [3, 4]; byte 19: 0xFF→0x03 bit(s) [4, 5, 6, 7]; byte 20: 0xFF→0x00 bit(s) [0, 1, 2, 3, 4, 5, 6, 7]; byte 21: 0x70→0xC6 bit(s) [7]; byte 23: 0x4E→0xEE bit(s) [7]; byte 24: 0x15→0x14 bit(s) [0]
[14:24:07.013]      … 20 linha(s) suprimida(s) neste segundo
[14:24:07.013] P-02 rel 0x11/78 B: byte 15: 0xF2→0x01 bit(s) [4, 5, 6, 7]; byte 16: 0xFF→0x00 bit(s) [0, 1, 2, 3, 4, 5, 6, 7]; byte 21: 0xF8→0x1C bit(s) [7]; byte 22: 0xFA→0xFB bit(s) [0]
[14:24:07.029] P-02 rel 0x11/78 B: byte 15: 0x01→0x0B bit(s) [3]; byte 23: 0xAC→0x76 bit(s) [7]; byte 26: 0x08→0x07 bit(s) [0]
[14:24:07.043] P-02 rel 0x11/78 B: byte 26: 0x07→0x08 bit(s) [0]
[14:24:07.058] P-02 rel 0x11/78 B: byte 15: 0x0F→0x32 bit(s) [3, 4, 5]; byte 17: 0xF8→0xF7 bit(s) [3]; byte 26: 0x08→0x07 bit(s) [0]
[14:24:07.073] P-02 rel 0x11/78 B: byte 15: 0x32→0x65 bit(s) [4, 6]; byte 23: 0x78→0xCA bit(s) [7]; byte 26: 0x07→0x08 bit(s) [0]
[14:24:07.088] P-02 rel 0x11/78 B: byte 15: 0x65→0x69 bit(s) [3]; byte 17: 0xF7→0xFC bit(s) [3]; byte 19: 0x00→0xFD bit(s) [4, 5, 6, 7]; byte 20: 0x00→0xFF bit(s) [0, 1, 2, 3, 4, 5, 6, 7]; byte 23: 0xCA→0x4C bit(s) [7]; byte 24: 0x15→0x16 bit(s) [0, 1]
[14:24:07.103] P-02 rel 0x11/78 B: byte 15: 0x69→0x67 bit(s) [3]; byte 24: 0x16→0x15 bit(s) [0, 1]
[14:24:07.119] P-02 rel 0x11/78 B: byte 15: 0x67→0x3E bit(s) [3, 4, 6]; byte 19: 0xF5→0xEC bit(s) [4]; byte 21: 0x16→0xC4 bit(s) [7]; byte 22: 0xFB→0xFA bit(s) [0]; byte 26: 0x08→0x07 bit(s) [0]
[14:24:07.133] P-02 rel 0x11/78 B: byte 15: 0x3E→0x19 bit(s) [5]; byte 19: 0xEC→0xDF bit(s) [4, 5]
[14:24:07.148] P-02 rel 0x11/78 B: byte 15: 0x19→0x11 bit(s) [3]; byte 17: 0xF9→0xF7 bit(s) [3]; byte 19: 0xDF→0xE1 bit(s) [4, 5]
[14:24:07.163] P-02 rel 0x11/78 B: byte 15: 0x11→0xFC bit(s) [3, 5, 6, 7]; byte 16: 0x00→0xFF bit(s) [0, 1, 2, 3, 4, 5, 6, 7]; byte 17: 0xF7→0xF9 bit(s) [3]
[14:24:07.178] P-02 rel 0x11/78 B: byte 15: 0xFC→0xE5 bit(s) [3, 4]; byte 26: 0x07→0x08 bit(s) [0]
[14:24:07.193] P-02 rel 0x11/78 B: byte 15: 0xE5→0xDC bit(s) [3, 4, 5]; byte 19: 0xEF→0xF6 bit(s) [4]
[14:24:07.208] P-02 rel 0x11/78 B: byte 17: 0xFD→0x00 bit(s) [3, 4, 5, 6, 7]; byte 18: 0xFF→0x00 bit(s) [0, 1, 2, 3, 4, 5, 6, 7]; byte 19: 0xF6→0x02 bit(s) [4, 5, 6, 7]; byte 20: 0xFF→0x00 bit(s) [0, 1, 2, 3, 4, 5, 6, 7]
[14:24:07.223] P-02 rel 0x11/78 B: byte 15: 0xD8→0xC5 bit(s) [3, 4]; byte 19: 0x02→0x12 bit(s) [4]; byte 26: 0x08→0x07 bit(s) [0]
[14:24:07.253] P-02 rel 0x11/78 B: byte 15: 0xC3→0xBE bit(s) [3, 4, 5, 6]; byte 17: 0x05→0x0C bit(s) [3]; byte 19: 0x1E→0x26 bit(s) [4, 5]
[14:24:07.268] P-02 rel 0x11/78 B: byte 15: 0xBE→0xAF bit(s) [4]; byte 17: 0x0C→0x10 bit(s) [3, 4]
[14:24:07.283] P-02 rel 0x11/78 B: byte 15: 0xAF→0xA0 bit(s) [3]; byte 26: 0x07→0x08 bit(s) [0]
[14:24:07.298] P-02 rel 0x11/78 B: byte 15: 0xA0→0x97 bit(s) [4, 5]
[14:24:07.313] P-02 rel 0x11/78 B: byte 15: 0x97→0xBA bit(s) [3, 5]; byte 23: 0x4C→0x84 bit(s) [7]
[14:24:07.328] P-02 rel 0x11/78 B: byte 15: 0xBA→0xB7 bit(s) [3]; byte 17: 0x10→0x0E bit(s) [3, 4]; byte 19: 0x26→0x0E bit(s) [5]
[14:24:07.343] P-02 rel 0x11/78 B: byte 15: 0xB7→0xD3 bit(s) [5, 6]
[14:24:07.358] P-02 rel 0x11/78 B: byte 15: 0xD3→0xE4 bit(s) [4, 5]
[14:24:07.373] P-02 rel 0x11/78 B: byte 15: 0xE4→0xF5 bit(s) [4]; byte 19: 0x06→0xFC bit(s) [4, 5, 6, 7]; byte 20: 0x00→0xFF bit(s) [0, 1, 2, 3, 4, 5, 6, 7]; byte 21: 0xFC→0x2C bit(s) [7]; byte 22: 0xFA→0xFB bit(s) [0]
[14:24:07.388] P-02 rel 0x11/78 B: byte 15: 0xF5→0xFD bit(s) [3]; byte 21: 0x2C→0xEE bit(s) [7]; byte 22: 0xFB→0xFA bit(s) [0]
[14:24:07.403] P-02 rel 0x11/78 B: byte 17: 0x0B→0x07 bit(s) [3]
[14:24:07.418] P-02 rel 0x11/78 B: byte 15: 0xFA→0xEE bit(s) [4]
[14:24:07.433] P-02 rel 0x11/78 B: byte 21: 0xE4→0x00 bit(s) [7]; byte 22: 0xFA→0xFB bit(s) [0]
[14:24:07.448] P-02 rel 0x11/78 B: byte 15: 0xEB→0xF0 bit(s) [3, 4]; byte 21: 0x00→0xFE bit(s) [7]; byte 22: 0xFB→0xFA bit(s) [0]; byte 26: 0x08→0x07 bit(s) [0]
[14:24:07.465] P-02 rel 0x11/78 B: byte 21: 0xFE→0x10 bit(s) [7]; byte 22: 0xFA→0xFB bit(s) [0]
[14:24:07.480] P-02 rel 0x11/78 B: byte 17: 0x07→0x0C bit(s) [3]; byte 19: 0xFD→0x01 bit(s) [4, 5, 6, 7]; byte 20: 0xFF→0x00 bit(s) [0, 1, 2, 3, 4, 5, 6, 7]; byte 21: 0x10→0xE4 bit(s) [7]; byte 22: 0xFB→0xFA bit(s) [0]; byte 23: 0x96→0x6A bit(s) [7]; byte 26: 0x07→0x08 bit(s) [0]
[14:24:07.493] P-02 rel 0x11/78 B: byte 15: 0xF0→0xFA bit(s) [3]
[14:24:07.508] P-02 rel 0x11/78 B: byte 15: 0xFA→0x01 bit(s) [3, 4, 5, 6, 7]; byte 16: 0xFF→0x00 bit(s) [0, 1, 2, 3, 4, 5, 6, 7]; byte 17: 0x0A→0x04 bit(s) [3]
[14:24:07.537] P-02 rel 0x11/78 B: byte 15: 0x01→0xF5 bit(s) [4, 5, 6, 7]; byte 16: 0x00→0xFF bit(s) [0, 1, 2, 3, 4, 5, 6, 7]; byte 17: 0x04→0xFF bit(s) [3, 4, 5, 6, 7]; byte 18: 0x00→0xFF bit(s) [0, 1, 2, 3, 4, 5, 6, 7]; byte 19: 0x0D→0x12 bit(s) [4]; byte 21: 0xDE→0x04 bit(s) [7]; byte 22: 0xFA→0xFB bit(s) [0]
[14:24:07.553] P-02 rel 0x11/78 B: byte 15: 0xF5→0x00 bit(s) [4, 5, 6, 7]; byte 16: 0xFF→0x00 bit(s) [0, 1, 2, 3, 4, 5, 6, 7]
[14:24:07.597] P-02 rel 0x11/78 B: byte 15: 0x00→0x37 bit(s) [4, 5]; byte 17: 0xF9→0xF7 bit(s) [3]; byte 23: 0x66→0x96 bit(s) [7]
[14:24:07.613] P-02 rel 0x11/78 B: byte 15: 0x37→0x7A bit(s) [3, 6]; byte 17: 0xF7→0xFA bit(s) [3]; byte 23: 0x96→0x3E bit(s) [7]; byte 26: 0x08→0x07 bit(s) [0]
[14:24:07.628] P-02 rel 0x11/78 B: byte 15: 0x7A→0x2A bit(s) [4, 6]; byte 19: 0x11→0xDA bit(s) [6, 7]; byte 20: 0x00→0xFF bit(s) [0, 1, 2, 3, 4, 5, 6, 7]; byte 21: 0x7A→0xD8 bit(s) [7]; byte 22: 0xFB→0xFA bit(s) [0]
[14:24:07.672] P-02 rel 0x11/78 B: byte 15: 0x2A→0x12 bit(s) [3, 4, 5]
[14:24:07.688] P-02 rel 0x11/78 B: byte 19: 0xD4→0xCF bit(s) [4]; byte 23: 0x60→0x9A bit(s) [7]
[14:24:08.003]      … 20 linha(s) suprimida(s) neste segundo
[14:24:08.004] P-02 rel 0x11/78 B: byte 15: 0xF7→0xF8 bit(s) [3]
[14:24:08.019] P-02 rel 0x11/78 B: byte 15: 0xF8→0xF1 bit(s) [3]; byte 23: 0x68→0x9E bit(s) [7]
[14:24:08.033] P-02 rel 0x11/78 B: byte 17: 0x08→0x05 bit(s) [3]; byte 19: 0x0D→0x10 bit(s) [4]
[14:24:08.048] P-02 rel 0x11/78 B: byte 19: 0x10→0x0F bit(s) [4]; byte 21: 0xF2→0x00 bit(s) [7]; byte 22: 0xFA→0xFB bit(s) [0]; byte 23: 0x8C→0x6E bit(s) [7]
[14:24:08.063] P-02 rel 0x11/78 B: byte 15: 0xF6→0xEA bit(s) [3, 4]
[14:24:08.078] P-02 rel 0x11/78 B: byte 17: 0x04→0x09 bit(s) [3]; byte 23: 0x6E→0x80 bit(s) [7]
[14:24:08.108] P-02 rel 0x11/78 B: byte 17: 0x09→0x07 bit(s) [3]
[14:24:08.123] P-02 rel 0x11/78 B: byte 15: 0xED→0xF5 bit(s) [3, 4]; byte 19: 0x0D→0x10 bit(s) [4]
[14:24:08.138] P-02 rel 0x11/78 B: byte 15: 0xF5→0xFB bit(s) [3]; byte 19: 0x10→0x0E bit(s) [4]; byte 21: 0x02→0xFE bit(s) [7]; byte 22: 0xFB→0xFA bit(s) [0]
[14:24:08.153] P-02 rel 0x11/78 B: byte 15: 0xFB→0xEA bit(s) [4]; byte 17: 0x06→0x0A bit(s) [3]
[14:24:08.183] P-02 rel 0x11/78 B: byte 15: 0xE9→0xF1 bit(s) [3, 4]
[14:24:08.198] P-02 rel 0x11/78 B: byte 15: 0xF1→0xEF bit(s) [3, 4]; byte 19: 0x03→0xFF bit(s) [4, 5, 6, 7]; byte 20: 0x00→0xFF bit(s) [0, 1, 2, 3, 4, 5, 6, 7]
[14:24:08.213] P-02 rel 0x11/78 B: byte 15: 0xEF→0xF0 bit(s) [3, 4]; byte 19: 0xFF→0x01 bit(s) [4, 5, 6, 7]; byte 20: 0xFF→0x00 bit(s) [0, 1, 2, 3, 4, 5, 6, 7]
[14:24:08.228] P-02 rel 0x11/78 B: byte 15: 0xF0→0xEE bit(s) [3, 4]; byte 17: 0x09→0x07 bit(s) [3]
[14:24:08.243] P-02 rel 0x11/78 B: byte 15: 0xEE→0xF3 bit(s) [3, 4]
[14:24:08.258] P-02 rel 0x11/78 B: byte 15: 0xF3→0xEF bit(s) [3, 4]
[14:24:08.273] P-02 rel 0x11/78 B: byte 15: 0xEF→0xF6 bit(s) [3, 4]
[14:24:08.288] P-02 rel 0x11/78 B: byte 15: 0xF6→0xFE bit(s) [3]; byte 21: 0xF8→0x14 bit(s) [7]; byte 22: 0xFA→0xFB bit(s) [0]
[14:24:08.303] P-02 rel 0x11/78 B: byte 15: 0xFE→0xF7 bit(s) [3]; byte 17: 0x07→0x09 bit(s) [3]; byte 21: 0x14→0xF4 bit(s) [7]; byte 22: 0xFB→0xFA bit(s) [0]
[14:24:08.333] P-02 rel 0x11/78 B: byte 23: 0x94→0x78 bit(s) [7]
[14:24:08.348] P-02 rel 0x11/78 B: byte 23: 0x78→0x88 bit(s) [7]
[14:24:08.378] P-02 rel 0x11/78 B: byte 15: 0xF7→0xF8 bit(s) [3]
[14:24:08.393] P-02 rel 0x11/78 B: byte 15: 0xF8→0xEF bit(s) [4]; byte 17: 0x08→0x06 bit(s) [3]
[14:24:08.408] P-02 rel 0x11/78 B: byte 15: 0xEF→0xF1 bit(s) [3, 4]
[14:24:08.423] P-02 rel 0x11/78 B: byte 21: 0xFE→0x10 bit(s) [7]; byte 22: 0xFA→0xFB bit(s) [0]
[14:24:08.455] P-02 rel 0x11/78 B: byte 15: 0xF6→0xF8 bit(s) [3]
[14:24:08.470] P-02 rel 0x11/78 B: byte 15: 0xF8→0xF6 bit(s) [3]
[14:24:08.487] P-02 rel 0x11/78 B: byte 15: 0xF6→0xF8 bit(s) [3]; byte 23: 0x88→0x7E bit(s) [7]
[14:24:08.499] P-02 rel 0x11/78 B: byte 15: 0xF8→0xF6 bit(s) [3]; byte 21: 0x00→0xEA bit(s) [7]; byte 22: 0xFB→0xFA bit(s) [0]
[14:24:08.513] P-02 rel 0x11/78 B: byte 15: 0xF6→0xEE bit(s) [3, 4]; byte 23: 0x78→0x8E bit(s) [7]
[14:24:08.558] P-02 rel 0x11/78 B: byte 15: 0xE9→0xF3 bit(s) [3, 4]; byte 21: 0xFC→0x10 bit(s) [7]; byte 22: 0xFA→0xFB bit(s) [0]
[14:24:08.573] P-02 rel 0x11/78 B: byte 15: 0xF3→0xF8 bit(s) [3]
[14:24:08.603] P-02 rel 0x11/78 B: byte 23: 0x94→0x7E bit(s) [7]
[14:24:08.632] P-02 rel 0x11/78 B: byte 15: 0xF8→0xF7 bit(s) [3]; byte 23: 0x7E→0x90 bit(s) [7]
[14:24:08.663] P-02 rel 0x11/78 B: byte 19: 0x0E→0x14 bit(s) [4]; byte 21: 0x1A→0xF4 bit(s) [7]; byte 22: 0xFB→0xFA bit(s) [0]
[14:24:08.678] P-02 rel 0x11/78 B: byte 21: 0xF4→0x2A bit(s) [7]; byte 22: 0xFA→0xFB bit(s) [0]
[14:24:08.693] P-02 rel 0x11/78 B: byte 19: 0x11→0x09 bit(s) [4]
[14:24:08.708] P-02 rel 0x11/78 B: byte 19: 0x09→0xFC bit(s) [4, 5, 6, 7]; byte 20: 0x00→0xFF bit(s) [0, 1, 2, 3, 4, 5, 6, 7]; byte 21: 0x30→0xFC bit(s) [7]; byte 22: 0xFB→0xFA bit(s) [0]
[14:24:08.723] P-02 rel 0x11/78 B: byte 17: 0x07→0x0B bit(s) [3]
[14:24:08.738] P-02 rel 0x11/78 B: byte 15: 0xF5→0xFE bit(s) [3]
[14:24:09.008]      … 15 linha(s) suprimida(s) neste segundo
[14:24:09.008] P-02 rel 0x11/78 B: byte 15: 0x0C→0x05 bit(s) [3]; byte 17: 0xFF→0x02 bit(s) [3, 4, 5, 6, 7]; byte 18: 0xFF→0x00 bit(s) [0, 1, 2, 3, 4, 5, 6, 7]; byte 26: 0x08→0x07 bit(s) [0]
[14:24:09.025] P-02 rel 0x11/78 B: byte 15: 0x05→0x0F bit(s) [3]; byte 17: 0x02→0xFF bit(s) [3, 4, 5, 6, 7]; byte 18: 0x00→0xFF bit(s) [0, 1, 2, 3, 4, 5, 6, 7]
[14:24:09.038] P-02 rel 0x11/78 B: byte 15: 0x0F→0x15 bit(s) [3, 4]; byte 17: 0xFF→0x02 bit(s) [3, 4, 5, 6, 7]; byte 18: 0xFF→0x00 bit(s) [0, 1, 2, 3, 4, 5, 6, 7]; byte 19: 0xFE→0x07 bit(s) [4, 5, 6, 7]; byte 20: 0xFF→0x00 bit(s) [0, 1, 2, 3, 4, 5, 6, 7]
[14:24:09.053] P-02 rel 0x11/78 B: byte 15: 0x15→0x1B bit(s) [3]; byte 19: 0x07→0x11 bit(s) [4]
[14:24:09.068] P-02 rel 0x11/78 B: byte 15: 0x1B→0x25 bit(s) [3, 4, 5]; byte 21: 0x0C→0xD2 bit(s) [7]; byte 22: 0xFB→0xFA bit(s) [0]; byte 26: 0x07→0x08 bit(s) [0]
[14:24:09.083] P-02 rel 0x11/78 B: byte 15: 0x25→0x29 bit(s) [3]
[14:24:09.098] P-02 rel 0x11/78 B: byte 17: 0x00→0xFD bit(s) [3, 4, 5, 6, 7]; byte 18: 0x00→0xFF bit(s) [0, 1, 2, 3, 4, 5, 6, 7]
[14:24:09.114] P-02 rel 0x11/78 B: byte 15: 0x2B→0x23 bit(s) [3]; byte 17: 0xFD→0x01 bit(s) [3, 4, 5, 6, 7]; byte 18: 0xFF→0x00 bit(s) [0, 1, 2, 3, 4, 5, 6, 7]; byte 19: 0x1F→0x23 bit(s) [4, 5]; byte 23: 0x66→0xA8 bit(s) [7]; byte 24: 0x15→0x14 bit(s) [0]; byte 26: 0x08→0x07 bit(s) [0]
[14:24:09.128] P-02 rel 0x11/78 B: byte 17: 0x01→0xFC bit(s) [3, 4, 5, 6, 7]; byte 18: 0x00→0xFF bit(s) [0, 1, 2, 3, 4, 5, 6, 7]; byte 19: 0x23→0x10 bit(s) [4, 5]; byte 23: 0xA8→0x5C bit(s) [7]; byte 26: 0x07→0x08 bit(s) [0]
[14:24:09.144] P-02 rel 0x11/78 B: byte 15: 0x21→0xFB bit(s) [3, 4, 6, 7]; byte 16: 0x00→0xFF bit(s) [0, 1, 2, 3, 4, 5, 6, 7]; byte 17: 0xFC→0xF4 bit(s) [3]; byte 19: 0x10→0x0F bit(s) [4]; byte 21: 0xB2→0x2E bit(s) [7]; byte 24: 0x14→0x15 bit(s) [0]; byte 26: 0x08→0x07 bit(s) [0]
[14:24:09.158] P-02 rel 0x11/78 B: byte 15: 0xFB→0xEC bit(s) [4]; byte 17: 0xF4→0xEE bit(s) [3, 4]; byte 21: 0x2E→0x90 bit(s) [7]; byte 23: 0x5C→0xA2 bit(s) [7]; byte 24: 0x15→0x14 bit(s) [0]
[14:24:09.173] P-02 rel 0x11/78 B: byte 15: 0xEC→0x84 bit(s) [3, 5, 6]; byte 17: 0xEE→0xD8 bit(s) [4, 5]; byte 23: 0xA2→0x3A bit(s) [7]
[14:24:09.188] P-02 rel 0x11/78 B: byte 15: 0x84→0x35 bit(s) [4, 5, 7]; byte 17: 0xD8→0xB3 bit(s) [3, 5, 6]; byte 21: 0x84→0x66 bit(s) [7]; byte 24: 0x14→0x11 bit(s) [0, 2]; byte 26: 0x09→0x08 bit(s) [0]
[14:24:09.203] P-02 rel 0x11/78 B: byte 15: 0x35→0xF5 bit(s) [6, 7]; byte 17: 0xB3→0xE6 bit(s) [4, 6]; byte 19: 0x02→0xCD bit(s) [6, 7]; byte 20: 0x00→0xFF bit(s) [0, 1, 2, 3, 4, 5, 6, 7]; byte 21: 0x66→0xF8 bit(s) [7]; byte 22: 0xFA→0xF9 bit(s) [0, 1]; byte 23: 0x72→0xF6 bit(s) [7]; byte 24: 0x11→0x12 bit(s) [0, 1]
[14:24:09.218] P-02 rel 0x11/78 B: byte 17: 0xE6→0xDC bit(s) [3, 4, 5]; byte 21: 0xF8→0x4C bit(s) [7]; byte 22: 0xF9→0xFA bit(s) [0, 1]; byte 24: 0x12→0x15 bit(s) [0, 1, 2]
[14:24:09.234] P-02 rel 0x11/78 B: byte 15: 0xF1→0x97 bit(s) [5, 6]; byte 19: 0xC3→0xF9 bit(s) [4, 5]; byte 21: 0x4C→0x98 bit(s) [7]; byte 22: 0xFA→0xF8 bit(s) [1]; byte 24: 0x15→0x17 bit(s) [1]
[14:24:09.248] P-02 rel 0x11/78 B: byte 15: 0x97→0x6A bit(s) [3, 4, 5, 6, 7]; byte 17: 0xDC→0xC8 bit(s) [4]; byte 19: 0xF9→0x26 bit(s) [4, 6, 7]; byte 20: 0xFF→0x00 bit(s) [0, 1, 2, 3, 4, 5, 6, 7]; byte 22: 0xF8→0xF9 bit(s) [0]; byte 23: 0xB2→0x1A bit(s) [7]
[14:24:09.263] P-02 rel 0x11/78 B: byte 15: 0x6A→0x5E bit(s) [4, 5]; byte 17: 0xC8→0xBD bit(s) [4, 5, 6]; byte 19: 0x26→0x3F bit(s) [4]; byte 23: 0x1A→0xE2 bit(s) [7]; byte 24: 0x17→0x16 bit(s) [0]
[14:24:09.278] P-02 rel 0x11/78 B: byte 15: 0x5E→0x81 bit(s) [3, 4, 6, 7]; byte 17: 0xBD→0xB2 bit(s) [3]; byte 19: 0x3F→0x5B bit(s) [5, 6]; byte 24: 0x16→0x17 bit(s) [0]; byte 26: 0x08→0x09 bit(s) [0]
[14:24:09.293] P-02 rel 0x11/78 B: byte 15: 0x81→0xC0 bit(s) [6]; byte 17: 0xB2→0xA4 bit(s) [4]; byte 19: 0x5B→0x79 bit(s) [5]; byte 21: 0xCA→0x1A bit(s) [7]; byte 22: 0xF9→0xFA bit(s) [0, 1]; byte 23: 0xD4→0x68 bit(s) [7]
[14:24:09.308] P-02 rel 0x11/78 B: byte 15: 0xC0→0x1F bit(s) [3, 4, 6, 7]; byte 16: 0xFF→0x00 bit(s) [0, 1, 2, 3, 4, 5, 6, 7]; byte 17: 0xA4→0x9A bit(s) [3, 4, 5]; byte 19: 0x79→0x87 bit(s) [4, 5, 6, 7]; byte 24: 0x17→0x16 bit(s) [0]
[14:24:09.323] P-02 rel 0x11/78 B: byte 15: 0x1F→0x9C bit(s) [7]; byte 17: 0x9A→0x86 bit(s) [3, 4]; byte 21: 0x46→0xD6 bit(s) [7]; byte 23: 0x5A→0xAE bit(s) [7]; byte 24: 0x16→0x15 bit(s) [0, 1]
[14:24:09.338] P-02 rel 0x11/78 B: byte 15: 0x9C→0x08 bit(s) [4, 7]; byte 16: 0x00→0x01 bit(s) [0]; byte 17: 0x86→0x6D bit(s) [3, 5, 6, 7]; byte 19: 0x86→0x5F bit(s) [4, 6, 7]; byte 21: 0xD6→0x2A bit(s) [7]; byte 22: 0xFA→0xFB bit(s) [0]; byte 24: 0x15→0x13 bit(s) [1, 2]
[14:24:09.353] P-02 rel 0x11/78 B: byte 15: 0x08→0x23 bit(s) [3, 5]; byte 17: 0x6D→0x60 bit(s) [3]; byte 19: 0x5F→0x13 bit(s) [6]; byte 23: 0xBE→0x54 bit(s) [7]; byte 24: 0x13→0x12 bit(s) [0]
[14:24:09.368] P-02 rel 0x11/78 B: byte 15: 0x23→0x43 bit(s) [5, 6]; byte 17: 0x60→0x4F bit(s) [3, 5]; byte 19: 0x13→0xD4 bit(s) [6, 7]; byte 20: 0x00→0xFF bit(s) [0, 1, 2, 3, 4, 5, 6, 7]; byte 21: 0x40→0x84 bit(s) [7]
[14:24:09.383] P-02 rel 0x11/78 B: byte 15: 0x43→0x5B bit(s) [3, 4]; byte 17: 0x4F→0x39 bit(s) [4, 5, 6]; byte 19: 0xD4→0x9F bit(s) [6]; byte 21: 0x84→0x6E bit(s) [7]; byte 22: 0xFB→0xFC bit(s) [0, 1, 2]; byte 23: 0x6C→0xC6 bit(s) [7]; byte 24: 0x12→0x13 bit(s) [0]
[14:24:09.398] P-02 rel 0x11/78 B: byte 15: 0x5B→0x15 bit(s) [3, 6]; byte 17: 0x39→0x22 bit(s) [3, 4]; byte 19: 0x9F→0x8A bit(s) [4]; byte 21: 0x6E→0x80 bit(s) [7]; byte 23: 0xC6→0x26 bit(s) [7]; byte 24: 0x13→0x15 bit(s) [1, 2]; byte 26: 0x09→0x08 bit(s) [0]
[14:24:09.413] P-02 rel 0x11/78 B: byte 15: 0x15→0x70 bit(s) [5, 6]; byte 16: 0x01→0x00 bit(s) [0]; byte 17: 0x22→0x51 bit(s) [4, 5, 6]; byte 19: 0x8A→0xA8 bit(s) [5]; byte 22: 0xFC→0xFB bit(s) [0, 1, 2]; byte 24: 0x15→0x16 bit(s) [0, 1]; byte 26: 0x08→0x05 bit(s) [0]
[14:24:09.428] P-02 rel 0x11/78 B: byte 15: 0x70→0x3B bit(s) [3, 6]; byte 17: 0x51→0x81 bit(s) [4, 6, 7]; byte 19: 0xA8→0xC1 bit(s) [5, 6]; byte 21: 0xF0→0x3E bit(s) [7]; byte 22: 0xFB→0xFC bit(s) [0, 1, 2]; byte 23: 0x14→0xC6 bit(s) [7]; byte 24: 0x16→0x15 bit(s) [0, 1]
[14:24:09.443] P-02 rel 0x11/78 B: byte 15: 0x3B→0x1D bit(s) [5]; byte 17: 0x81→0x89 bit(s) [3]; byte 24: 0x15→0x13 bit(s) [1, 2]; byte 26: 0x05→0x08 bit(s) [0]
[14:24:09.458] P-02 rel 0x11/78 B: byte 15: 0x1D→0xD4 bit(s) [3, 6, 7]; byte 16: 0x00→0xFF bit(s) [0, 1, 2, 3, 4, 5, 6, 7]; byte 17: 0x89→0x43 bit(s) [3, 6, 7]; byte 19: 0xCE→0xA7 bit(s) [5, 6]; byte 24: 0x13→0x0F bit(s) [2, 3, 4]
[14:24:09.473] P-02 rel 0x11/78 B: byte 15: 0xD4→0xB0 bit(s) [5, 6]; byte 17: 0x43→0x23 bit(s) [5, 6]; byte 19: 0xA7→0x6E bit(s) [6, 7]; byte 21: 0x5A→0x9E bit(s) [7]; byte 22: 0xFC→0xFB bit(s) [0, 1, 2]; byte 24: 0x0F→0x10 bit(s) [0, 1, 2, 3, 4]; byte 26: 0x0A→0x07 bit(s) [0]
[14:24:09.488] P-02 rel 0x11/78 B: byte 15: 0xB0→0x88 bit(s) [3, 4, 5]; byte 17: 0x23→0x48 bit(s) [3, 5, 6]; byte 22: 0xFB→0xFA bit(s) [0]; byte 23: 0xEA→0x08 bit(s) [7]; byte 24: 0x10→0x14 bit(s) [2]
[14:24:09.503] P-02 rel 0x11/78 B: byte 15: 0x88→0x51 bit(s) [3, 4, 6, 7]; byte 17: 0x48→0x8D bit(s) [6, 7]; byte 19: 0x6E→0xB2 bit(s) [4, 6, 7]; byte 21: 0xC6→0x2A bit(s) [7]; byte 23: 0x08→0xA4 bit(s) [7]; byte 24: 0x14→0x17 bit(s) [0, 1]
[14:24:09.519] P-02 rel 0x11/78 B: byte 15: 0x51→0x37 bit(s) [5, 6]; byte 17: 0x8D→0xCC bit(s) [6]; byte 19: 0xB2→0x11 bit(s) [5, 7]; byte 20: 0xFF→0x00 bit(s) [0, 1, 2, 3, 4, 5, 6, 7]; byte 21: 0x2A→0xD0 bit(s) [7]; byte 22: 0xFA→0xF9 bit(s) [0, 1]; byte 23: 0xA4→0x2C bit(s) [7]; byte 24: 0x17→0x19 bit(s) [1, 2, 3]; byte 26: 0x03→0x04 bit(s) [0]
[14:24:09.534] P-02 rel 0x11/78 B: byte 15: 0x37→0x48 bit(s) [3, 4, 5, 6]; byte 17: 0xCC→0xFD bit(s) [4, 5]; byte 19: 0x11→0x62 bit(s) [4, 5, 6]; byte 21: 0xD0→0x4C bit(s) [7]; byte 24: 0x19→0x18 bit(s) [0]; byte 26: 0x04→0x05 bit(s) [0]
[14:24:09.549] P-02 rel 0x11/78 B: byte 15: 0x48→0x7A bit(s) [4, 5]; byte 17: 0xFD→0x12 bit(s) [3, 5, 6, 7]; byte 18: 0xFF→0x00 bit(s) [0, 1, 2, 3, 4, 5, 6, 7]; byte 19: 0x62→0x7C bit(s) [4]; byte 23: 0x68→0xA0 bit(s) [7]; byte 24: 0x18→0x17 bit(s) [0, 1, 2, 3]
[14:24:09.563] P-02 rel 0x11/78 B: byte 15: 0x7A→0xBE bit(s) [6, 7]; byte 19: 0x7C→0x85 bit(s) [4, 5, 6, 7]; byte 23: 0xA0→0x1E bit(s) [7]; byte 24: 0x17→0x16 bit(s) [0]; byte 26: 0x07→0x08 bit(s) [0]
[14:24:09.578] P-02 rel 0x11/78 B: byte 15: 0xBE→0x03 bit(s) [3, 4, 5, 7]; byte 16: 0xFF→0x00 bit(s) [0, 1, 2, 3, 4, 5, 6, 7]; byte 17: 0x14→0x03 bit(s) [4]; byte 19: 0x85→0x7B bit(s) [4, 5, 6, 7]; byte 21: 0x46→0x8C bit(s) [7]; byte 24: 0x16→0x15 bit(s) [0, 1]; byte 26: 0x08→0x09 bit(s) [0]
[14:24:09.593] P-02 rel 0x11/78 B: byte 15: 0x03→0x23 bit(s) [5]; byte 17: 0x03→0xF3 bit(s) [4, 5, 6, 7]; byte 18: 0x00→0xFF bit(s) [0, 1, 2, 3, 4, 5, 6, 7]; byte 19: 0x7B→0x65 bit(s) [4]; byte 23: 0x24→0xAC bit(s) [7]; byte 24: 0x15→0x14 bit(s) [0]
[14:24:10.013]      … 23 linha(s) suprimida(s) neste segundo
[14:24:10.013] P-02 rel 0x11/78 B: byte 15: 0xA7→0xC4 bit(s) [5, 6]; byte 17: 0x06→0x08 bit(s) [3]; byte 19: 0x03→0xF6 bit(s) [4, 5, 6, 7]; byte 20: 0x00→0xFF bit(s) [0, 1, 2, 3, 4, 5, 6, 7]; byte 21: 0x50→0xD2 bit(s) [7]
[14:24:10.028] P-02 rel 0x11/78 B: byte 15: 0xC4→0xE7 bit(s) [5]; byte 21: 0xD2→0x1E bit(s) [7]; byte 22: 0xF9→0xFA bit(s) [0, 1]
[14:24:10.043] P-02 rel 0x11/78 B: byte 15: 0xE7→0x19 bit(s) [3, 4, 5, 6, 7]; byte 16: 0xFF→0x00 bit(s) [0, 1, 2, 3, 4, 5, 6, 7]; byte 21: 0x1E→0x9A bit(s) [7]; byte 26: 0x08→0x09 bit(s) [0]
[14:24:10.058] P-02 rel 0x11/78 B: byte 15: 0x19→0x4A bit(s) [4, 6]; byte 17: 0x09→0x05 bit(s) [3]; byte 19: 0xF0→0xED bit(s) [4]
[14:24:10.073] P-02 rel 0x11/78 B: byte 15: 0x4A→0x63 bit(s) [3, 5]; byte 23: 0x02→0xC4 bit(s) [7]; byte 24: 0x16→0x15 bit(s) [0, 1]; byte 26: 0x09→0x08 bit(s) [0]
[14:24:10.088] P-02 rel 0x11/78 B: byte 15: 0x63→0x6C bit(s) [3]; byte 17: 0x04→0xFE bit(s) [3, 4, 5, 6, 7]; byte 18: 0x00→0xFF bit(s) [0, 1, 2, 3, 4, 5, 6, 7]; byte 19: 0xEF→0xFC bit(s) [4]; byte 23: 0xC4→0x5A bit(s) [7]
[14:24:10.103] P-02 rel 0x11/78 B: byte 19: 0xFC→0x06 bit(s) [4, 5, 6, 7]; byte 20: 0xFF→0x00 bit(s) [0, 1, 2, 3, 4, 5, 6, 7]; byte 23: 0x5A→0xEC bit(s) [7]; byte 24: 0x15→0x14 bit(s) [0]
[14:24:10.118] P-02 rel 0x11/78 B: byte 15: 0x6C→0x61 bit(s) [3]; byte 26: 0x08→0x07 bit(s) [0]
[14:24:10.134] P-02 rel 0x11/78 B: byte 15: 0x61→0x3D bit(s) [3, 4, 6]; byte 17: 0xF9→0x03 bit(s) [3, 4, 5, 6, 7]; byte 18: 0xFF→0x00 bit(s) [0, 1, 2, 3, 4, 5, 6, 7]; byte 19: 0x0D→0x10 bit(s) [4]; byte 23: 0x8E→0x4E bit(s) [7]
[14:24:10.148] P-02 rel 0x11/78 B: byte 15: 0x3D→0x1E bit(s) [5]; byte 17: 0x03→0x09 bit(s) [3]; byte 21: 0x9C→0x70 bit(s) [7]
[14:24:10.163] P-02 rel 0x11/78 B: byte 15: 0x1E→0xF7 bit(s) [3, 5, 6, 7]; byte 16: 0x00→0xFF bit(s) [0, 1, 2, 3, 4, 5, 6, 7]; byte 23: 0x6A→0x86 bit(s) [7]
[14:24:10.178] P-02 rel 0x11/78 B: byte 15: 0xF7→0xC7 bit(s) [4, 5]; byte 17: 0x0C→0x11 bit(s) [3, 4]; byte 19: 0x1F→0x26 bit(s) [4, 5]
[14:24:10.193] P-02 rel 0x11/78 B: byte 15: 0xC7→0xA5 bit(s) [5, 6]
[14:24:10.208] P-02 rel 0x11/78 B: byte 15: 0xA5→0x93 bit(s) [4, 5]; byte 19: 0x2F→0x32 bit(s) [4]; byte 23: 0xCC→0x22 bit(s) [7]; byte 24: 0x14→0x15 bit(s) [0]
[14:24:10.223] P-02 rel 0x11/78 B: byte 15: 0x93→0x8C bit(s) [3, 4]; byte 17: 0x14→0x1A bit(s) [3]; byte 21: 0x08→0xF2 bit(s) [7]; byte 22: 0xFA→0xF9 bit(s) [0, 1]; byte 26: 0x07→0x08 bit(s) [0]
[14:24:10.238] P-02 rel 0x11/78 B: byte 19: 0x3A→0x40 bit(s) [4, 5, 6]; byte 23: 0x74→0xBC bit(s) [7]
[14:24:10.253] P-02 rel 0x11/78 B: byte 19: 0x40→0x38 bit(s) [4, 5, 6]
[14:24:10.268] P-02 rel 0x11/78 B: byte 17: 0x1E→0x17 bit(s) [3]; byte 23: 0xF6→0x24 bit(s) [7]; byte 24: 0x15→0x16 bit(s) [0, 1]
[14:24:10.283] P-02 rel 0x11/78 B: byte 15: 0x8D→0x9A bit(s) [4]; byte 23: 0x24→0xE6 bit(s) [7]; byte 24: 0x16→0x15 bit(s) [0, 1]
[14:24:10.298] P-02 rel 0x11/78 B: byte 15: 0x9A→0xB0 bit(s) [3, 5]; byte 17: 0x10→0x0E bit(s) [3, 4]; byte 21: 0xD4→0x1A bit(s) [7]; byte 22: 0xF9→0xFA bit(s) [0, 1]
[14:24:10.342] P-02 rel 0x11/78 B: byte 15: 0xB0→0xC6 bit(s) [4, 5, 6]; byte 19: 0x34→0x21 bit(s) [4]
[14:24:10.358] P-02 rel 0x11/78 B: byte 15: 0xC6→0xDA bit(s) [3, 4]; byte 19: 0x21→0x0F bit(s) [5]; byte 23: 0xBA→0x02 bit(s) [7]; byte 24: 0x15→0x16 bit(s) [0, 1]
[14:24:10.373] P-02 rel 0x11/78 B: byte 15: 0xDA→0x2F bit(s) [4, 5, 6, 7]; byte 16: 0xFF→0x00 bit(s) [0, 1, 2, 3, 4, 5, 6, 7]; byte 17: 0x08→0xFE bit(s) [4, 5, 6, 7]; byte 18: 0x00→0xFF bit(s) [0, 1, 2, 3, 4, 5, 6, 7]; byte 19: 0x0F→0xF7 bit(s) [4, 5, 6, 7]; byte 20: 0x00→0xFF bit(s) [0, 1, 2, 3, 4, 5, 6, 7]; byte 23: 0x02→0xDC bit(s) [7]; byte 24: 0x16→0x15 bit(s) [0, 1]
[14:24:10.388] P-02 rel 0x11/78 B: byte 15: 0x2F→0x33 bit(s) [3, 4]
[14:24:10.403] P-02 rel 0x11/78 B: byte 15: 0x33→0x2E bit(s) [3, 4]; byte 23: 0x92→0x60 bit(s) [7]
[14:24:10.418] P-02 rel 0x11/78 B: byte 15: 0x2E→0x1A bit(s) [4, 5]; byte 17: 0xFA→0x00 bit(s) [3, 4, 5, 6, 7]; byte 18: 0xFF→0x00 bit(s) [0, 1, 2, 3, 4, 5, 6, 7]; byte 26: 0x08→0x07 bit(s) [0]
[14:24:10.462] P-02 rel 0x11/78 B: byte 15: 0x1A→0xFF bit(s) [5, 6, 7]; byte 16: 0x00→0xFF bit(s) [0, 1, 2, 3, 4, 5, 6, 7]; byte 19: 0xF0→0xED bit(s) [4]; byte 23: 0x3C→0xF4 bit(s) [7]; byte 24: 0x15→0x14 bit(s) [0]; byte 26: 0x07→0x08 bit(s) [0]
[14:24:10.478] P-02 rel 0x11/78 B: byte 15: 0xFF→0xF0 bit(s) [3]; byte 23: 0xF4→0x14 bit(s) [7]; byte 24: 0x14→0x15 bit(s) [0]
[14:24:10.522] P-02 rel 0x11/78 B: byte 15: 0xF0→0xFE bit(s) [3]; byte 19: 0xED→0x0A bit(s) [5, 6, 7]; byte 20: 0xFF→0x00 bit(s) [0, 1, 2, 3, 4, 5, 6, 7]; byte 24: 0x15→0x16 bit(s) [0, 1]
[14:24:10.538] P-02 rel 0x11/78 B: byte 15: 0xFE→0x11 bit(s) [3, 5, 6, 7]; byte 16: 0xFF→0x00 bit(s) [0, 1, 2, 3, 4, 5, 6, 7]; byte 19: 0x0A→0x19 bit(s) [4]; byte 23: 0x04→0xD2 bit(s) [7]; byte 24: 0x16→0x15 bit(s) [0, 1]
[14:24:10.553] P-02 rel 0x11/78 B: byte 15: 0x11→0x18 bit(s) [3]; byte 19: 0x19→0x26 bit(s) [4, 5]
[14:24:10.568] P-02 rel 0x11/78 B: byte 15: 0x18→0xEC bit(s) [4, 5, 6, 7]; byte 16: 0x00→0xFF bit(s) [0, 1, 2, 3, 4, 5, 6, 7]; byte 17: 0x07→0x0D bit(s) [3]; byte 19: 0x26→0x0D bit(s) [5]; byte 23: 0x9C→0x40 bit(s) [7]
[14:24:10.583] P-02 rel 0x11/78 B: byte 15: 0xEC→0xF6 bit(s) [3, 4]; byte 23: 0x40→0x9A bit(s) [7]
[14:24:10.598] P-02 rel 0x11/78 B: byte 15: 0xF6→0x0C bit(s) [3, 4, 5, 6, 7]; byte 16: 0xFF→0x00 bit(s) [0, 1, 2, 3, 4, 5, 6, 7]; byte 17: 0x0B→0x02 bit(s) [3]
[14:24:10.613] P-02 rel 0x11/78 B: byte 15: 0x0C→0x13 bit(s) [3, 4]
[14:24:10.628] P-02 rel 0x11/78 B: byte 15: 0x13→0x0E bit(s) [3, 4]; byte 19: 0x02→0xFD bit(s) [4, 5, 6, 7]; byte 20: 0x00→0xFF bit(s) [0, 1, 2, 3, 4, 5, 6, 7]
[14:24:10.643] P-02 rel 0x11/78 B: byte 15: 0x0E→0x07 bit(s) [3]; byte 23: 0x8A→0x6E bit(s) [7]
[14:24:10.658] P-02 rel 0x11/78 B: byte 15: 0x07→0x12 bit(s) [4]; byte 17: 0x01→0xFF bit(s) [3, 4, 5, 6, 7]; byte 18: 0x00→0xFF bit(s) [0, 1, 2, 3, 4, 5, 6, 7]
[14:24:10.673] P-02 rel 0x11/78 B: byte 15: 0x12→0x24 bit(s) [4, 5]; byte 23: 0x6E→0x88 bit(s) [7]
[14:24:10.688] P-02 rel 0x11/78 B: byte 15: 0x24→0x31 bit(s) [4]; byte 19: 0xFE→0x03 bit(s) [4, 5, 6, 7]; byte 20: 0xFF→0x00 bit(s) [0, 1, 2, 3, 4, 5, 6, 7]; byte 23: 0x88→0x70 bit(s) [7]
[14:24:11.003]      … 17 linha(s) suprimida(s) neste segundo
[14:24:11.003] P-02 rel 0x11/78 B: byte 15: 0x02→0xFA bit(s) [3, 4, 5, 6, 7]; byte 16: 0x00→0xFF bit(s) [0, 1, 2, 3, 4, 5, 6, 7]; byte 17: 0xF9→0xF7 bit(s) [3]; byte 19: 0x10→0x0D bit(s) [4]; byte 26: 0x08→0x07 bit(s) [0]
[14:24:11.019] P-02 rel 0x11/78 B: byte 15: 0xFA→0xF5 bit(s) [3]
[14:24:11.034] P-02 rel 0x11/78 B: byte 19: 0x0F→0x13 bit(s) [4]
[14:24:11.049] P-02 rel 0x11/78 B: byte 17: 0xF7→0xFA bit(s) [3]
[14:24:11.063] P-02 rel 0x11/78 B: byte 21: 0x12→0xE0 bit(s) [7]; byte 22: 0xFA→0xF9 bit(s) [0, 1]
[14:24:11.078] P-02 rel 0x11/78 B: byte 15: 0xF5→0xFD bit(s) [3]; byte 19: 0x11→0x08 bit(s) [4]; byte 23: 0x34→0xF6 bit(s) [7]; byte 24: 0x15→0x14 bit(s) [0]
[14:24:11.093] P-02 rel 0x11/78 B: byte 15: 0xFD→0x07 bit(s) [3, 4, 5, 6, 7]; byte 16: 0xFF→0x00 bit(s) [0, 1, 2, 3, 4, 5, 6, 7]; byte 17: 0xFF→0x06 bit(s) [3, 4, 5, 6, 7]; byte 18: 0xFF→0x00 bit(s) [0, 1, 2, 3, 4, 5, 6, 7]; byte 23: 0xF6→0x14 bit(s) [7]; byte 24: 0x14→0x15 bit(s) [0]
[14:24:11.108] P-02 rel 0x11/78 B: byte 17: 0x06→0x0F bit(s) [3]
[14:24:11.123] P-02 rel 0x11/78 B: byte 15: 0x00→0xFE bit(s) [3, 4, 5, 6, 7]; byte 16: 0x00→0xFF bit(s) [0, 1, 2, 3, 4, 5, 6, 7]; byte 17: 0x0F→0x12 bit(s) [3, 4]; byte 21: 0xF6→0x08 bit(s) [7]; byte 22: 0xF9→0xFA bit(s) [0, 1]
[14:24:11.167] P-02 rel 0x11/78 B: byte 17: 0x12→0x0F bit(s) [3, 4]
[14:24:11.183] P-02 rel 0x11/78 B: byte 15: 0xF8→0xF1 bit(s) [3]
[14:24:11.198] P-02 rel 0x11/78 B: byte 15: 0xF1→0xEE bit(s) [3, 4]; byte 26: 0x07→0x08 bit(s) [0]
[14:24:11.213] P-02 rel 0x11/78 B: byte 15: 0xEE→0xFB bit(s) [4]; byte 17: 0x0A→0x04 bit(s) [3]
[14:24:11.258] P-02 rel 0x11/78 B: byte 17: 0x01→0xFE bit(s) [3, 4, 5, 6, 7]; byte 18: 0x00→0xFF bit(s) [0, 1, 2, 3, 4, 5, 6, 7]; byte 19: 0x0D→0x16 bit(s) [4]; byte 23: 0x76→0x84 bit(s) [7]
[14:24:11.273] P-02 rel 0x11/78 B: byte 19: 0x16→0x0F bit(s) [4]; byte 23: 0x84→0x48 bit(s) [7]
[14:24:11.288] P-02 rel 0x11/78 B: byte 15: 0xFA→0xF4 bit(s) [3]
[14:24:11.303] P-02 rel 0x11/78 B: byte 17: 0xFE→0x00 bit(s) [3, 4, 5, 6, 7]; byte 18: 0xFF→0x00 bit(s) [0, 1, 2, 3, 4, 5, 6, 7]
[14:24:11.318] P-02 rel 0x11/78 B: byte 15: 0xF3→0xFC bit(s) [3]; byte 17: 0x00→0xF9 bit(s) [3, 4, 5, 6, 7]; byte 18: 0x00→0xFF bit(s) [0, 1, 2, 3, 4, 5, 6, 7]
[14:24:11.333] P-02 rel 0x11/78 B: byte 17: 0xF9→0xF4 bit(s) [3]; byte 19: 0x01→0xFE bit(s) [4, 5, 6, 7]; byte 20: 0x00→0xFF bit(s) [0, 1, 2, 3, 4, 5, 6, 7]; byte 21: 0x7E→0x9E bit(s) [7]; byte 26: 0x08→0x07 bit(s) [0]
[14:24:11.348] P-02 rel 0x11/78 B: byte 15: 0xF9→0xF3 bit(s) [3]
[14:24:11.363] P-02 rel 0x11/78 B: byte 15: 0xF3→0xEA bit(s) [3, 4]
[14:24:11.378] P-02 rel 0x11/78 B: byte 15: 0xEA→0xE4 bit(s) [3]; byte 17: 0xF7→0xFE bit(s) [3]
[14:24:11.393] P-02 rel 0x11/78 B: byte 15: 0xE4→0xEE bit(s) [3]; byte 17: 0xFE→0x01 bit(s) [3, 4, 5, 6, 7]; byte 18: 0xFF→0x00 bit(s) [0, 1, 2, 3, 4, 5, 6, 7]; byte 21: 0x84→0x66 bit(s) [7]
[14:24:11.408] P-02 rel 0x11/78 B: byte 15: 0xEE→0xF9 bit(s) [4]; byte 26: 0x07→0x08 bit(s) [0]
[14:24:11.423] P-02 rel 0x11/78 B: byte 15: 0xF9→0x06 bit(s) [3, 4, 5, 6, 7]; byte 16: 0xFF→0x00 bit(s) [0, 1, 2, 3, 4, 5, 6, 7]; byte 19: 0xFF→0x09 bit(s) [4, 5, 6, 7]; byte 20: 0xFF→0x00 bit(s) [0, 1, 2, 3, 4, 5, 6, 7]; byte 26: 0x08→0x07 bit(s) [0]
[14:24:11.438] P-02 rel 0x11/78 B: byte 15: 0x06→0x0F bit(s) [3]; byte 23: 0x4E→0xF6 bit(s) [7]; byte 24: 0x15→0x14 bit(s) [0]
[14:24:11.453] P-02 rel 0x11/78 B: byte 15: 0x0F→0x01 bit(s) [3]; byte 17: 0x05→0x09 bit(s) [3]
[14:24:11.468] P-02 rel 0x11/78 B: byte 15: 0x01→0xF4 bit(s) [4, 5, 6, 7]; byte 16: 0x00→0xFF bit(s) [0, 1, 2, 3, 4, 5, 6, 7]
[14:24:11.483] P-02 rel 0x11/78 B: byte 15: 0xF4→0xE4 bit(s) [4]; byte 26: 0x07→0x08 bit(s) [0]
[14:24:11.498] P-02 rel 0x11/78 B: byte 15: 0xE4→0xEE bit(s) [3]; byte 19: 0x01→0xF8 bit(s) [4, 5, 6, 7]; byte 20: 0x00→0xFF bit(s) [0, 1, 2, 3, 4, 5, 6, 7]; byte 21: 0x0C→0xFC bit(s) [7]; byte 22: 0xFA→0xF9 bit(s) [0, 1]
[14:24:11.513] P-02 rel 0x11/78 B: byte 15: 0xEE→0xF4 bit(s) [3, 4]; byte 17: 0x0B→0x06 bit(s) [3]; byte 21: 0xFC→0x2E bit(s) [7]; byte 22: 0xF9→0xFA bit(s) [0, 1]; byte 23: 0xDA→0x2E bit(s) [7]; byte 24: 0x14→0x15 bit(s) [0]; byte 26: 0x08→0x07 bit(s) [0]
[14:24:11.528] P-02 rel 0x11/78 B: byte 26: 0x07→0x08 bit(s) [0]
[14:24:11.543] P-02 rel 0x11/78 B: byte 15: 0xF1→0xE3 bit(s) [4]
[14:24:11.558] P-02 rel 0x11/78 B: byte 15: 0xE3→0xD5 bit(s) [4, 5]; byte 19: 0xFC→0x01 bit(s) [4, 5, 6, 7]; byte 20: 0xFF→0x00 bit(s) [0, 1, 2, 3, 4, 5, 6, 7]; byte 26: 0x08→0x07 bit(s) [0]
[14:24:11.573] P-02 rel 0x11/78 B: byte 17: 0x01→0xFD bit(s) [3, 4, 5, 6, 7]; byte 18: 0x00→0xFF bit(s) [0, 1, 2, 3, 4, 5, 6, 7]; byte 23: 0x72→0xC6 bit(s) [7]; byte 26: 0x07→0x08 bit(s) [0]
[14:24:11.588] P-02 rel 0x11/78 B: byte 15: 0xD5→0xDA bit(s) [3]
[14:24:11.603] P-02 rel 0x11/78 B: byte 15: 0xDA→0xF0 bit(s) [3, 5]; byte 17: 0xFC→0x00 bit(s) [3, 4, 5, 6, 7]; byte 18: 0xFF→0x00 bit(s) [0, 1, 2, 3, 4, 5, 6, 7]; byte 19: 0x0F→0x18 bit(s) [4]; byte 23: 0xEE→0x08 bit(s) [7]; byte 24: 0x15→0x16 bit(s) [0, 1]; byte 26: 0x08→0x07 bit(s) [0]
[14:24:11.618] P-02 rel 0x11/78 B: byte 15: 0xF0→0xFD bit(s) [3]; byte 17: 0x00→0x09 bit(s) [3]; byte 19: 0x18→0x22 bit(s) [4, 5]
[14:24:11.633] P-02 rel 0x11/78 B: byte 15: 0xFD→0x08 bit(s) [4, 5, 6, 7]; byte 16: 0xFF→0x00 bit(s) [0, 1, 2, 3, 4, 5, 6, 7]; byte 17: 0x09→0x13 bit(s) [3, 4]; byte 21: 0x14→0x90 bit(s) [7]; byte 23: 0x04→0xB0 bit(s) [7]; byte 24: 0x16→0x15 bit(s) [0, 1]
[14:24:11.648] P-02 rel 0x11/78 B: byte 15: 0x08→0x17 bit(s) [3, 4]; byte 19: 0x29→0x30 bit(s) [4]; byte 21: 0x90→0x0E bit(s) [7]; byte 23: 0xB0→0x4E bit(s) [7]
[14:24:12.008]      … 20 linha(s) suprimida(s) neste segundo
[14:24:12.008] P-02 rel 0x11/78 B: byte 15: 0xA6→0xAC bit(s) [3]; byte 21: 0x02→0xEE bit(s) [7]; byte 22: 0xFA→0xF9 bit(s) [0, 1]
[14:24:12.052] P-02 rel 0x11/78 B: byte 15: 0xAC→0xB4 bit(s) [3, 4]
[14:24:12.068] P-02 rel 0x11/78 B: byte 15: 0xB4→0xB9 bit(s) [3]
[14:24:12.083] P-02 rel 0x11/78 B: byte 15: 0xB9→0x45 bit(s) [3, 4, 5, 6, 7]; byte 17: 0x02→0xF9 bit(s) [3, 4, 5, 6, 7]; byte 18: 0x00→0xFF bit(s) [0, 1, 2, 3, 4, 5, 6, 7]; byte 21: 0xD8→0x2C bit(s) [7]; byte 22: 0xF9→0xFA bit(s) [0, 1]
[14:24:12.098] P-02 rel 0x11/78 B: byte 15: 0x45→0x10 bit(s) [4, 6]; byte 17: 0xF9→0x01 bit(s) [3, 4, 5, 6, 7]; byte 18: 0xFF→0x00 bit(s) [0, 1, 2, 3, 4, 5, 6, 7]
[14:24:12.113] P-02 rel 0x11/78 B: byte 15: 0x10→0xE8 bit(s) [3, 4, 5, 6, 7]; byte 16: 0xFF→0xFE bit(s) [0]
[14:24:12.128] P-02 rel 0x11/78 B: byte 15: 0xE8→0xBD bit(s) [4, 6]; byte 19: 0x16→0x24 bit(s) [4, 5]; byte 21: 0x32→0xFA bit(s) [7]; byte 23: 0x4E→0xC8 bit(s) [7]; byte 26: 0x08→0x09 bit(s) [0]
[14:24:12.143] P-02 rel 0x11/78 B: byte 15: 0xBD→0xA6 bit(s) [3, 4]; byte 17: 0x06→0x0A bit(s) [3]; byte 19: 0x24→0x3A bit(s) [4]; byte 21: 0xFA→0x70 bit(s) [7]; byte 26: 0x09→0x08 bit(s) [0]
[14:24:12.158] P-02 rel 0x11/78 B: byte 15: 0xA6→0x76 bit(s) [4, 6, 7]; byte 17: 0x0A→0x05 bit(s) [3]; byte 19: 0x3A→0x4C bit(s) [4, 5, 6]; byte 21: 0x70→0x94 bit(s) [7]; byte 23: 0xB2→0x56 bit(s) [7]; byte 24: 0x15→0x16 bit(s) [0, 1]; byte 26: 0x08→0x09 bit(s) [0]
[14:24:12.173] P-02 rel 0x11/78 B: byte 15: 0x76→0x06 bit(s) [4, 5, 6]; byte 17: 0x05→0xE8 bit(s) [3, 5, 6, 7]; byte 18: 0x00→0xFF bit(s) [0, 1, 2, 3, 4, 5, 6, 7]; byte 19: 0x4C→0x6A bit(s) [5]; byte 21: 0x94→0x26 bit(s) [7]; byte 22: 0xFA→0xFB bit(s) [0]; byte 24: 0x16→0x17 bit(s) [0]; byte 26: 0x09→0x0A bit(s) [0]
[14:24:12.188] P-02 rel 0x11/78 B: byte 15: 0x06→0xFA bit(s) [3, 4, 5, 6, 7]; byte 16: 0xFE→0xFD bit(s) [0, 1]; byte 17: 0xE8→0xD3 bit(s) [3, 4, 5]; byte 19: 0x6A→0x74 bit(s) [4]; byte 24: 0x17→0x16 bit(s) [0]
[14:24:12.203] P-02 rel 0x11/78 B: byte 15: 0xFA→0x71 bit(s) [3, 7]; byte 16: 0xFD→0xFE bit(s) [0, 1]; byte 17: 0xD3→0xDE bit(s) [3]; byte 19: 0x74→0x69 bit(s) [4]; byte 26: 0x0A→0x09 bit(s) [0]
[14:24:12.219] P-02 rel 0x11/78 B: byte 15: 0x71→0x90 bit(s) [5, 6, 7]; byte 19: 0x69→0x7C bit(s) [4]; byte 22: 0xFB→0xFA bit(s) [0]; byte 24: 0x16→0x19 bit(s) [0, 1, 2, 3]; byte 26: 0x09→0x0A bit(s) [0]
[14:24:12.234] P-02 rel 0x11/78 B: byte 15: 0x90→0x6F bit(s) [3, 4, 5, 6, 7]; byte 17: 0xDD→0xCD bit(s) [4]; byte 19: 0x7C→0xDA bit(s) [5, 7]; byte 21: 0x3E→0x9A bit(s) [7]; byte 23: 0x6C→0x94 bit(s) [7]; byte 24: 0x19→0x1A bit(s) [0, 1]; byte 26: 0x0A→0x09 bit(s) [0]
[14:24:12.249] P-02 rel 0x11/78 B: byte 15: 0x6F→0xCF bit(s) [5, 7]; byte 17: 0xCD→0xD3 bit(s) [3, 4]; byte 19: 0xDA→0xE2 bit(s) [4, 5]; byte 21: 0x9A→0x04 bit(s) [7]; byte 22: 0xFA→0xFC bit(s) [1, 2]; byte 23: 0x94→0x1A bit(s) [7]; byte 24: 0x1A→0x16 bit(s) [2, 3]; byte 26: 0x09→0x08 bit(s) [0]
[14:24:12.263] P-02 rel 0x11/78 B: byte 15: 0xCF→0x55 bit(s) [3, 4, 7]; byte 16: 0xFE→0xFF bit(s) [0]; byte 17: 0xD3→0xF8 bit(s) [3, 5]; byte 19: 0xE2→0xB5 bit(s) [4, 6]; byte 21: 0x04→0xE6 bit(s) [7]; byte 22: 0xFC→0xFA bit(s) [1, 2]; byte 23: 0x1A→0xDA bit(s) [7]; byte 24: 0x16→0x15 bit(s) [0, 1]
[14:24:12.279] P-02 rel 0x11/78 B: byte 15: 0x55→0xE5 bit(s) [4, 5, 7]; byte 16: 0xFF→0xFE bit(s) [0]; byte 19: 0xB5→0xC4 bit(s) [4, 5, 6]; byte 21: 0xE6→0x5E bit(s) [7]; byte 23: 0xDA→0x6A bit(s) [7]; byte 24: 0x15→0x18 bit(s) [0, 2, 3]
[14:24:12.293] P-02 rel 0x11/78 B: byte 15: 0xE5→0x80 bit(s) [5, 6]; byte 17: 0xF8→0xE5 bit(s) [3, 4]; byte 21: 0x5E→0xF4 bit(s) [7]; byte 22: 0xFA→0xFB bit(s) [0]; byte 24: 0x18→0x16 bit(s) [1, 2, 3]
[14:24:12.308] P-02 rel 0x11/78 B: byte 15: 0x80→0xB9 bit(s) [3, 4, 5]; byte 21: 0xF4→0x5E bit(s) [7]; byte 22: 0xFB→0xF8 bit(s) [0, 1]; byte 24: 0x16→0x18 bit(s) [1, 2, 3]; byte 26: 0x0A→0x09 bit(s) [0]
[14:24:12.323] P-02 rel 0x11/78 B: byte 15: 0xB9→0x22 bit(s) [3, 4, 7]; byte 16: 0xFE→0xFF bit(s) [0]; byte 17: 0xE5→0x07 bit(s) [5, 6, 7]; byte 18: 0xFF→0x00 bit(s) [0, 1, 2, 3, 4, 5, 6, 7]; byte 19: 0xCC→0xB4 bit(s) [4, 5, 6]; byte 23: 0x12→0xA6 bit(s) [7]; byte 24: 0x18→0x17 bit(s) [0, 1, 2, 3]; byte 26: 0x09→0x0A bit(s) [0]
[14:24:12.338] P-02 rel 0x11/78 B: byte 15: 0x22→0x00 bit(s) [5]; byte 17: 0x07→0x13 bit(s) [4]; byte 19: 0xB4→0xA4 bit(s) [4]; byte 22: 0xF8→0xFB bit(s) [0, 1]; byte 26: 0x0A→0x09 bit(s) [0]
[14:24:12.353] P-02 rel 0x11/78 B: byte 15: 0x00→0xA1 bit(s) [5, 7]; byte 16: 0xFF→0xFE bit(s) [0]; byte 17: 0x13→0x1D bit(s) [3]; byte 19: 0xA4→0x93 bit(s) [4, 5]; byte 21: 0x06→0xD6 bit(s) [7]; byte 22: 0xFB→0xFA bit(s) [0]; byte 23: 0xB0→0x00 bit(s) [7]; byte 24: 0x17→0x18 bit(s) [0, 1, 2, 3]
[14:24:12.368] P-02 rel 0x11/78 B: byte 15: 0xA1→0x62 bit(s) [6, 7]; byte 17: 0x1D→0x30 bit(s) [3, 5]; byte 19: 0x93→0x8F bit(s) [4]; byte 23: 0x00→0xDE bit(s) [7]; byte 26: 0x09→0x0A bit(s) [0]
[14:24:12.383] P-02 rel 0x11/78 B: byte 15: 0x62→0x42 bit(s) [5]; byte 19: 0x8F→0x96 bit(s) [4]; byte 21: 0xE8→0x12 bit(s) [7]; byte 22: 0xFA→0xFC bit(s) [1, 2]; byte 26: 0x0A→0x0B bit(s) [0]
[14:24:12.398] P-02 rel 0x11/78 B: byte 17: 0x30→0x28 bit(s) [3, 4]; byte 19: 0x96→0x8C bit(s) [4]; byte 23: 0xCA→0x32 bit(s) [7]
[14:24:12.414] P-02 rel 0x11/78 B: byte 15: 0x45→0x34 bit(s) [4, 5, 6]; byte 17: 0x28→0x13 bit(s) [3, 4, 5]; byte 19: 0x8C→0x6F bit(s) [5, 6, 7]; byte 23: 0x32→0x94 bit(s) [7]; byte 24: 0x18→0x17 bit(s) [0, 1, 2, 3]; byte 26: 0x0B→0x0C bit(s) [0]
[14:24:12.429] P-02 rel 0x11/78 B: byte 15: 0x34→0x21 bit(s) [4]; byte 17: 0x13→0xFF bit(s) [3, 5, 6, 7]; byte 18: 0x00→0xFF bit(s) [0, 1, 2, 3, 4, 5, 6, 7]; byte 19: 0x6F→0x57 bit(s) [4, 5]; byte 23: 0x94→0x5E bit(s) [7]; byte 24: 0x17→0x18 bit(s) [0, 1, 2, 3]; byte 26: 0x0C→0x0D bit(s) [0]
[14:24:12.444] P-02 rel 0x11/78 B: byte 15: 0x21→0x33 bit(s) [4]; byte 17: 0xFF→0xE4 bit(s) [3, 4]; byte 19: 0x57→0x4E bit(s) [4]; byte 24: 0x18→0x1A bit(s) [1]; byte 26: 0x0D→0x0C bit(s) [0]
[14:24:12.458] P-02 rel 0x11/78 B: byte 15: 0x33→0x7A bit(s) [3, 6]; byte 19: 0x4E→0x60 bit(s) [5]; byte 21: 0x02→0xC4 bit(s) [7]; byte 22: 0xFC→0xFB bit(s) [0, 1, 2]; byte 23: 0x38→0xB8 bit(s) [7]; byte 24: 0x1A→0x1B bit(s) [0]; byte 26: 0x0C→0x0B bit(s) [0]
[14:24:12.474] P-02 rel 0x11/78 B: byte 15: 0x7A→0xDE bit(s) [5, 7]; byte 17: 0xE3→0xF9 bit(s) [3, 4]; byte 19: 0x60→0x82 bit(s) [5, 6, 7]; byte 21: 0xC4→0x5A bit(s) [7]; byte 23: 0xB8→0x30 bit(s) [7]; byte 24: 0x1B→0x1D bit(s) [1, 2]
[14:24:12.488] P-02 rel 0x11/78 B: byte 15: 0xDE→0x39 bit(s) [5, 6, 7]; byte 16: 0xFE→0xFF bit(s) [0]; byte 17: 0xF9→0x0C bit(s) [4, 5, 6, 7]; byte 18: 0xFF→0x00 bit(s) [0, 1, 2, 3, 4, 5, 6, 7]; byte 19: 0x82→0xB7 bit(s) [4, 5]; byte 21: 0x5A→0xFE bit(s) [7]; byte 22: 0xFB→0xFA bit(s) [0]; byte 24: 0x1D→0x1E bit(s) [0, 1]; byte 26: 0x0B→0x0A bit(s) [0]
[14:24:12.503] P-02 rel 0x11/78 B: byte 15: 0x39→0xB6 bit(s) [3, 7]; byte 17: 0x0C→0x29 bit(s) [5]; byte 19: 0xB7→0x07 bit(s) [4, 5, 7]; byte 20: 0x00→0x01 bit(s) [0]
[14:24:12.519] P-02 rel 0x11/78 B: byte 15: 0xB6→0xF0 bit(s) [6]; byte 17: 0x29→0x49 bit(s) [5, 6]; byte 19: 0x07→0x2E bit(s) [5]; byte 24: 0x1E→0x1C bit(s) [1]
[14:24:12.534] P-02 rel 0x11/78 B: byte 15: 0xF0→0xED bit(s) [3, 4]; byte 17: 0x49→0x6B bit(s) [5]; byte 19: 0x2E→0x3E bit(s) [4]; byte 24: 0x1C→0x1B bit(s) [0, 1, 2]
[14:24:12.549] P-02 rel 0x11/78 B: byte 15: 0xED→0xDA bit(s) [4, 5]; byte 17: 0x6B→0x77 bit(s) [3, 4]; byte 19: 0x3E→0x40 bit(s) [4, 5, 6]; byte 21: 0xBC→0x60 bit(s) [7]; byte 24: 0x1B→0x1A bit(s) [0]; byte 26: 0x0A→0x0B bit(s) [0]
[14:24:12.563] P-02 rel 0x11/78 B: byte 15: 0xDA→0xC2 bit(s) [3, 4]; byte 17: 0x77→0x69 bit(s) [3, 4]; byte 19: 0x40→0x38 bit(s) [4, 5, 6]; byte 21: 0x60→0xEC bit(s) [7]; byte 22: 0xFA→0xF9 bit(s) [0, 1]; byte 24: 0x1A→0x19 bit(s) [0, 1]; byte 26: 0x0B→0x0C bit(s) [0]
[14:24:12.578] P-02 rel 0x11/78 B: byte 15: 0xC2→0x67 bit(s) [5, 7]; byte 17: 0x69→0x60 bit(s) [3]; byte 19: 0x38→0x27 bit(s) [4]; byte 26: 0x0C→0x0B bit(s) [0]
[14:24:12.593] P-02 rel 0x11/78 B: byte 15: 0x67→0xE0 bit(s) [7]; byte 16: 0xFF→0xFE bit(s) [0]; byte 17: 0x60→0x69 bit(s) [3]; byte 19: 0x27→0x07 bit(s) [5]
[14:24:12.608] P-02 rel 0x11/78 B: byte 15: 0xE0→0x82 bit(s) [5, 6]; byte 17: 0x69→0x82 bit(s) [3, 5, 6, 7]; byte 19: 0x07→0xF4 bit(s) [4, 5, 6, 7]; byte 20: 0x01→0x00 bit(s) [0]
[14:24:12.623] P-02 rel 0x11/78 B: byte 15: 0x82→0x2E bit(s) [3, 5, 7]; byte 17: 0x82→0xBB bit(s) [3, 4, 5]; byte 19: 0xF4→0xE4 bit(s) [4]; byte 21: 0xEE→0x1E bit(s) [7]; byte 22: 0xF9→0xFA bit(s) [0, 1]; byte 23: 0x6A→0xBE bit(s) [7]; byte 24: 0x19→0x1A bit(s) [0, 1]; byte 26: 0x09→0x08 bit(s) [0]
[14:24:13.014]      … 21 linha(s) suprimida(s) neste segundo
[14:24:13.014] P-02 rel 0x11/78 B: byte 15: 0x21→0xD2 bit(s) [4, 5, 6, 7]; byte 17: 0x1E→0x78 bit(s) [5, 6]; byte 19: 0x78→0xE3 bit(s) [4, 7]; byte 21: 0x5E→0x88 bit(s) [7]; byte 22: 0xFE→0xFD bit(s) [0, 1]; byte 26: 0x13→0x12 bit(s) [0]
[14:24:13.028] P-02 rel 0x11/78 B: byte 15: 0xD2→0xCF bit(s) [3, 4]; byte 16: 0xFE→0xFF bit(s) [0]; byte 17: 0x78→0xCF bit(s) [4, 5, 7]; byte 19: 0xE3→0x28 bit(s) [6, 7]; byte 20: 0xFE→0xFF bit(s) [0]; byte 21: 0x88→0x58 bit(s) [7]
[14:24:13.059] P-02 rel 0x11/78 B: byte 15: 0xCF→0xF5 bit(s) [3, 4, 5]; byte 16: 0xFF→0x00 bit(s) [0, 1, 2, 3, 4, 5, 6, 7]; byte 17: 0xCF→0x2A bit(s) [5, 6, 7]; byte 18: 0xFF→0x00 bit(s) [0, 1, 2, 3, 4, 5, 6, 7]; byte 19: 0x28→0x7A bit(s) [4, 6]; byte 21: 0x58→0xB6 bit(s) [7]; byte 22: 0xFD→0xFC bit(s) [0]; byte 24: 0x24→0x23 bit(s) [0, 1, 2]; byte 26: 0x12→0x13 bit(s) [0]
[14:24:13.074] P-02 rel 0x11/78 B: byte 15: 0xF5→0x74 bit(s) [7]; byte 16: 0x00→0x01 bit(s) [0]; byte 17: 0x2A→0x73 bit(s) [3, 4, 6]; byte 19: 0x7A→0xC5 bit(s) [4, 5, 7]; byte 22: 0xFC→0xFB bit(s) [0, 1, 2]; byte 24: 0x23→0x22 bit(s) [0]
[14:24:13.090] P-02 rel 0x11/78 B: byte 15: 0x74→0x98 bit(s) [3, 5, 6, 7]; byte 17: 0x73→0xB6 bit(s) [6, 7]; byte 19: 0xC5→0xE3 bit(s) [5]; byte 22: 0xFB→0xFA bit(s) [0]; byte 24: 0x22→0x1F bit(s) [0, 2, 3, 4, 5]; byte 26: 0x13→0x12 bit(s) [0]
[14:24:13.105] P-02 rel 0x11/78 B: byte 15: 0x98→0x8C bit(s) [4]; byte 17: 0xB6→0x3F bit(s) [3, 7]; byte 18: 0x00→0x01 bit(s) [0]; byte 19: 0xE3→0xD2 bit(s) [4, 5]; byte 21: 0xD0→0x22 bit(s) [7]; byte 23: 0xE4→0x44 bit(s) [7]
[14:24:13.121] P-02 rel 0x11/78 B: byte 15: 0x8C→0x69 bit(s) [5, 6, 7]; byte 17: 0x3F→0x51 bit(s) [3, 5, 6]; byte 19: 0xD2→0xE8 bit(s) [4, 5]; byte 21: 0x22→0xBE bit(s) [7]
[14:24:13.133] P-02 rel 0x11/78 B: byte 15: 0x69→0x53 bit(s) [3, 4, 5]; byte 17: 0x51→0x2A bit(s) [3, 4, 5, 6]; byte 19: 0xE8→0xBE bit(s) [4, 6]; byte 22: 0xFA→0xF8 bit(s) [1]; byte 24: 0x1F→0x1E bit(s) [0]; byte 26: 0x14→0x15 bit(s) [0]
[14:24:13.148] P-02 rel 0x11/78 B: byte 15: 0x53→0x4F bit(s) [3, 4]; byte 17: 0x2A→0x0C bit(s) [5]; byte 19: 0xBE→0xA8 bit(s) [4]; byte 21: 0xF8→0x2A bit(s) [7]; byte 23: 0x04→0xEE bit(s) [7]; byte 24: 0x1E→0x1B bit(s) [0, 2]; byte 26: 0x15→0x14 bit(s) [0]
[14:24:13.163] P-02 rel 0x11/78 B: byte 15: 0x4F→0x45 bit(s) [3]; byte 17: 0x0C→0xF3 bit(s) [3, 4, 5, 6, 7]; byte 18: 0x01→0x00 bit(s) [0]; byte 19: 0xA8→0x78 bit(s) [4, 6, 7]; byte 22: 0xF8→0xF7 bit(s) [0, 1, 2, 3]; byte 24: 0x1B→0x1C bit(s) [0, 1, 2]
[14:24:13.178] P-02 rel 0x11/78 B: byte 17: 0xF3→0x00 bit(s) [4, 5, 6, 7]; byte 18: 0x00→0x01 bit(s) [0]; byte 19: 0x78→0x51 bit(s) [5]
[14:24:13.193] P-02 rel 0x11/78 B: byte 15: 0x41→0x2F bit(s) [3, 5, 6]; byte 17: 0x00→0x15 bit(s) [4]; byte 19: 0x51→0x43 bit(s) [4]; byte 21: 0x10→0x98 bit(s) [7]; byte 23: 0xA4→0x24 bit(s) [7]; byte 24: 0x1C→0x1D bit(s) [0]; byte 26: 0x10→0x11 bit(s) [0]
[14:24:13.208] P-02 rel 0x11/78 B: byte 15: 0x2F→0x32 bit(s) [3, 4]; byte 17: 0x15→0xF5 bit(s) [5, 6, 7]; byte 18: 0x01→0x00 bit(s) [0]; byte 21: 0x98→0x6A bit(s) [7]; byte 22: 0xF7→0xF8 bit(s) [0, 1, 2, 3]; byte 23: 0x24→0xE4 bit(s) [7]; byte 26: 0x11→0x12 bit(s) [0]
[14:24:13.223] P-02 rel 0x11/78 B: byte 15: 0x32→0x2D bit(s) [3, 4]; byte 17: 0xF5→0xBB bit(s) [3, 6]; byte 19: 0x4A→0x5C bit(s) [4]; byte 21: 0x6A→0xE0 bit(s) [7]; byte 23: 0xE4→0x34 bit(s) [7]; byte 26: 0x12→0x13 bit(s) [0]
[14:24:13.238] P-02 rel 0x11/78 B: byte 15: 0x2D→0x14 bit(s) [3, 4, 5]; byte 17: 0xBB→0x95 bit(s) [3, 5]; byte 19: 0x5C→0x4E bit(s) [4]; byte 22: 0xF8→0xF9 bit(s) [0]; byte 24: 0x1D→0x1B bit(s) [1, 2]
[14:24:13.253] P-02 rel 0x11/78 B: byte 15: 0x14→0xEE bit(s) [3, 4, 5, 6, 7]; byte 16: 0x01→0x00 bit(s) [0]; byte 17: 0x95→0x78 bit(s) [3, 5, 6, 7]; byte 22: 0xF9→0xF8 bit(s) [0]; byte 24: 0x1B→0x1D bit(s) [1, 2]
[14:24:13.268] P-02 rel 0x11/78 B: byte 15: 0xEE→0x0E bit(s) [5, 6, 7]; byte 16: 0x00→0x01 bit(s) [0]; byte 17: 0x78→0x72 bit(s) [3]; byte 19: 0x44→0x3C bit(s) [4, 5, 6]; byte 21: 0x80→0x06 bit(s) [7]; byte 22: 0xF8→0xF9 bit(s) [0]; byte 23: 0x5A→0xB2 bit(s) [7]; byte 24: 0x1D→0x1C bit(s) [0]; byte 26: 0x13→0x12 bit(s) [0]
[14:24:13.283] P-02 rel 0x11/78 B: byte 15: 0x0E→0x32 bit(s) [3, 4, 5]; byte 17: 0x72→0x5E bit(s) [3, 5]; byte 23: 0xB2→0x0C bit(s) [7]; byte 24: 0x1C→0x1D bit(s) [0]; byte 26: 0x12→0x13 bit(s) [0]
[14:24:13.298] P-02 rel 0x11/78 B: byte 15: 0x32→0x3C bit(s) [3]; byte 17: 0x5E→0x47 bit(s) [3, 4]; byte 19: 0x38→0x55 bit(s) [5, 6]; byte 21: 0x0A→0xEC bit(s) [7]; byte 22: 0xF9→0xF8 bit(s) [0]; byte 26: 0x13→0x12 bit(s) [0]
[14:24:13.313] P-02 rel 0x11/78 B: byte 15: 0x3C→0x29 bit(s) [4]; byte 17: 0x47→0x3E bit(s) [3, 4, 5, 6]; byte 19: 0x55→0x7C bit(s) [5]; byte 22: 0xF8→0xF9 bit(s) [0]
[14:24:13.328] P-02 rel 0x11/78 B: byte 15: 0x29→0x11 bit(s) [3, 4, 5]; byte 17: 0x3E→0x25 bit(s) [3, 4]; byte 19: 0x7C→0x98 bit(s) [5, 6, 7]; byte 21: 0xD6→0x6E bit(s) [7]; byte 22: 0xF9→0xFA bit(s) [0, 1]
[14:24:13.343] P-02 rel 0x11/78 B: byte 15: 0x11→0xF0 bit(s) [5, 6, 7]; byte 16: 0x01→0x00 bit(s) [0]; byte 17: 0x25→0xF9 bit(s) [3, 4, 6, 7]; byte 18: 0x00→0xFF bit(s) [0, 1, 2, 3, 4, 5, 6, 7]; byte 19: 0x98→0xB8 bit(s) [5]; byte 26: 0x12→0x11 bit(s) [0]
[14:24:13.358] P-02 rel 0x11/78 B: byte 15: 0xF0→0xBA bit(s) [3, 6]; byte 17: 0xF9→0xE4 bit(s) [3, 4]; byte 19: 0xB8→0xC6 bit(s) [4, 5, 6]; byte 21: 0x36→0xD0 bit(s) [7]; byte 22: 0xFA→0xF9 bit(s) [0, 1]; byte 23: 0x0C→0x90 bit(s) [7]; byte 24: 0x1D→0x1C bit(s) [0]
[14:24:13.373] P-02 rel 0x11/78 B: byte 15: 0xBA→0x7E bit(s) [6, 7]; byte 17: 0xE4→0xD0 bit(s) [4, 5]; byte 19: 0xC6→0xEA bit(s) [5]; byte 20: 0xFF→0x00 bit(s) [0, 1, 2, 3, 4, 5, 6, 7]; byte 22: 0xF9→0xFA bit(s) [0, 1]; byte 23: 0x90→0x32 bit(s) [7]; byte 24: 0x1C→0x1D bit(s) [0]
[14:24:13.388] P-02 rel 0x11/78 B: byte 15: 0x7E→0x1C bit(s) [5, 6]; byte 17: 0xD0→0xA6 bit(s) [4, 5, 6]; byte 19: 0xEA→0x0B bit(s) [5, 6, 7]; byte 26: 0x11→0x12 bit(s) [0]
[14:24:13.403] P-02 rel 0x11/78 B: byte 15: 0x1C→0xC5 bit(s) [3, 4, 6, 7]; byte 16: 0x00→0xFF bit(s) [0, 1, 2, 3, 4, 5, 6, 7]; byte 17: 0xA6→0x8D bit(s) [3, 5]; byte 19: 0x0B→0x13 bit(s) [4]; byte 22: 0xFA→0xF9 bit(s) [0, 1]; byte 24: 0x1D→0x1C bit(s) [0]
[14:24:13.418] P-02 rel 0x11/78 B: byte 15: 0xC5→0xE7 bit(s) [5]; byte 17: 0x8D→0xB2 bit(s) [3, 4, 5]; byte 19: 0x13→0x03 bit(s) [4]
[14:24:13.433] P-02 rel 0x11/78 B: byte 15: 0xE7→0x1A bit(s) [3, 4, 5, 6, 7]; byte 16: 0xFF→0x00 bit(s) [0, 1, 2, 3, 4, 5, 6, 7]; byte 17: 0xB2→0xCD bit(s) [3, 4, 5, 6]; byte 19: 0x03→0xFC bit(s) [4, 5, 6, 7]; byte 20: 0x00→0xFF bit(s) [0, 1, 2, 3, 4, 5, 6, 7]; byte 22: 0xF9→0xFA bit(s) [0, 1]
[14:24:13.448] P-02 rel 0x11/78 B: byte 15: 0x1A→0xFF bit(s) [5, 6, 7]; byte 16: 0x00→0xFF bit(s) [0, 1, 2, 3, 4, 5, 6, 7]; byte 17: 0xCD→0xB9 bit(s) [4, 5, 6]; byte 19: 0xFC→0x0C bit(s) [4, 5, 6, 7]; byte 20: 0xFF→0x00 bit(s) [0, 1, 2, 3, 4, 5, 6, 7]; byte 22: 0xFA→0xFB bit(s) [0]; byte 23: 0x42→0x80 bit(s) [7]
[14:24:13.463] P-02 rel 0x11/78 B: byte 15: 0xFF→0xC5 bit(s) [3, 4, 5]; byte 17: 0xB9→0xA1 bit(s) [3, 4]; byte 19: 0x0C→0x14 bit(s) [4]; byte 22: 0xFB→0xF9 bit(s) [1]; byte 24: 0x1C→0x1B bit(s) [0, 1, 2]; byte 26: 0x12→0x11 bit(s) [0]
[14:24:13.478] P-02 rel 0x11/78 B: byte 15: 0xC5→0xBE bit(s) [3, 4, 5, 6]; byte 17: 0xA1→0xCA bit(s) [3, 5, 6]; byte 21: 0xA6→0x74 bit(s) [7]; byte 22: 0xF9→0xFA bit(s) [0, 1]; byte 23: 0xDA→0x48 bit(s) [7]; byte 24: 0x1B→0x1C bit(s) [0, 1, 2]
[14:24:13.493] P-02 rel 0x11/78 B: byte 15: 0xBE→0xF6 bit(s) [3, 6]; byte 17: 0xCA→0xDF bit(s) [4]; byte 19: 0x18→0x0E bit(s) [4]; byte 21: 0x74→0x80 bit(s) [7]; byte 22: 0xFA→0xFB bit(s) [0]; byte 23: 0x48→0x8A bit(s) [7]; byte 24: 0x1C→0x1B bit(s) [0, 1, 2]
[14:24:13.507] P-02 rel 0x11/78 B: byte 15: 0xF6→0x23 bit(s) [4, 6, 7]; byte 16: 0xFF→0x00 bit(s) [0, 1, 2, 3, 4, 5, 6, 7]; byte 17: 0xDF→0xE6 bit(s) [3, 4, 5]; byte 19: 0x0E→0xFC bit(s) [4, 5, 6, 7]; byte 20: 0x00→0xFF bit(s) [0, 1, 2, 3, 4, 5, 6, 7]; byte 21: 0x80→0x46 bit(s) [7]; byte 22: 0xFB→0xFA bit(s) [0]; byte 23: 0x8A→0x52 bit(s) [7]; byte 26: 0x0F→0x10 bit(s) [0]
[14:24:13.524] P-02 rel 0x11/78 B: byte 15: 0x23→0x38 bit(s) [3, 4]; byte 17: 0xE6→0xFA bit(s) [3, 4]; byte 19: 0xFC→0xE7 bit(s) [4]; byte 21: 0x46→0xFE bit(s) [7]; byte 22: 0xFA→0xF9 bit(s) [0, 1]; byte 24: 0x1B→0x1C bit(s) [0, 1, 2]
[14:24:13.538] P-02 rel 0x11/78 B: byte 15: 0x38→0x77 bit(s) [3, 6]; byte 17: 0xFA→0x16 bit(s) [3, 5, 6, 7]; byte 18: 0xFF→0x00 bit(s) [0, 1, 2, 3, 4, 5, 6, 7]; byte 19: 0xE7→0xD2 bit(s) [4, 5]; byte 21: 0xFE→0x4A bit(s) [7]; byte 22: 0xF9→0xFA bit(s) [0, 1]; byte 23: 0x42→0xAA bit(s) [7]; byte 24: 0x1C→0x1B bit(s) [0, 1, 2]
[14:24:13.553] P-02 rel 0x11/78 B: byte 15: 0x77→0x88 bit(s) [3, 4, 5, 6, 7]; byte 17: 0x16→0x19 bit(s) [3]; byte 24: 0x1B→0x1C bit(s) [0, 1, 2]
[14:24:13.568] P-02 rel 0x11/78 B: byte 15: 0x88→0x73 bit(s) [3, 4, 5, 6, 7]; byte 23: 0xA4→0x5C bit(s) [7]
[14:24:13.583] P-02 rel 0x11/78 B: byte 15: 0x73→0x61 bit(s) [4]; byte 17: 0x1C→0x23 bit(s) [3, 4, 5]; byte 19: 0xD7→0xE7 bit(s) [4, 5]
[14:24:13.598] P-02 rel 0x11/78 B: byte 15: 0x61→0x71 bit(s) [4]; byte 19: 0xE7→0xFA bit(s) [4]; byte 21: 0x2E→0xF8 bit(s) [7]; byte 22: 0xFA→0xF9 bit(s) [0, 1]
[14:24:13.613] P-02 rel 0x11/78 B: byte 15: 0x71→0x8E bit(s) [3, 4, 5, 6, 7]; byte 17: 0x20→0x1E bit(s) [3, 4, 5]; byte 19: 0xFA→0x13 bit(s) [5, 6, 7]; byte 20: 0xFF→0x00 bit(s) [0, 1, 2, 3, 4, 5, 6, 7]
[14:24:14.004]      … 24 linha(s) suprimida(s) neste segundo
[14:24:14.004] P-02 rel 0x11/78 B: byte 15: 0x64→0x5E bit(s) [3, 4, 5]; byte 17: 0xF2→0xF8 bit(s) [3]; byte 23: 0xCE→0x66 bit(s) [7]; byte 26: 0x0E→0x0F bit(s) [0]
[14:24:14.018] P-02 rel 0x11/78 B: byte 15: 0x5E→0x35 bit(s) [3, 5, 6]; byte 21: 0x34→0x96 bit(s) [7]; byte 22: 0xFA→0xF9 bit(s) [0, 1]; byte 26: 0x0F→0x0E bit(s) [0]
[14:24:14.033] P-02 rel 0x11/78 B: byte 15: 0x35→0x21 bit(s) [4]; byte 21: 0x96→0x1A bit(s) [7]; byte 22: 0xF9→0xFA bit(s) [0, 1]; byte 23: 0x4C→0xF0 bit(s) [7]; byte 24: 0x1B→0x1A bit(s) [0]; byte 26: 0x0E→0x0F bit(s) [0]
[14:24:14.062] P-02 rel 0x11/78 B: byte 15: 0x21→0x0B bit(s) [3, 5]; byte 17: 0xFA→0xEC bit(s) [4]; byte 19: 0x24→0x1A bit(s) [4, 5]
[14:24:14.079] P-02 rel 0x11/78 B: byte 15: 0x0B→0xFA bit(s) [4, 5, 6, 7]; byte 16: 0x00→0xFF bit(s) [0, 1, 2, 3, 4, 5, 6, 7]; byte 17: 0xEC→0xF0 bit(s) [3, 4]; byte 21: 0x26→0xD8 bit(s) [7]; byte 22: 0xFA→0xF9 bit(s) [0, 1]; byte 23: 0x96→0x36 bit(s) [7]; byte 24: 0x1A→0x1B bit(s) [0]
[14:24:14.093] P-02 rel 0x11/78 B: byte 15: 0xFA→0xD7 bit(s) [3, 5]; byte 23: 0x36→0x8E bit(s) [7]
[14:24:14.109] P-02 rel 0x11/78 B: byte 19: 0x1C→0x21 bit(s) [4, 5]; byte 21: 0xAE→0x50 bit(s) [7]
[14:24:14.124] P-02 rel 0x11/78 B: byte 15: 0xD4→0xE1 bit(s) [4, 5]; byte 17: 0xF0→0xE5 bit(s) [4]; byte 21: 0x50→0xD8 bit(s) [7]; byte 22: 0xF9→0xFA bit(s) [0, 1]; byte 23: 0x9A→0x0A bit(s) [7]; byte 26: 0x0F→0x10 bit(s) [0]
[14:24:14.139] P-02 rel 0x11/78 B: byte 15: 0xE1→0xBB bit(s) [3, 4, 6]; byte 17: 0xE5→0xBE bit(s) [3, 4, 6]; byte 19: 0x2E→0x35 bit(s) [4]; byte 21: 0xD8→0x32 bit(s) [7]; byte 22: 0xFA→0xF9 bit(s) [0, 1]; byte 23: 0x0A→0xBC bit(s) [7]
[14:24:14.154] P-02 rel 0x11/78 B: byte 15: 0xBB→0xC3 bit(s) [3, 4, 5, 6]; byte 17: 0xBE→0xC2 bit(s) [3, 4, 5, 6]; byte 19: 0x35→0x47 bit(s) [4, 5, 6]; byte 21: 0x32→0xAE bit(s) [7]; byte 26: 0x10→0x0F bit(s) [0]
[14:24:14.182] P-02 rel 0x11/78 B: byte 15: 0xC3→0xC9 bit(s) [3]; byte 21: 0xAE→0x00 bit(s) [7]; byte 22: 0xF9→0xFA bit(s) [0, 1]; byte 23: 0xCC→0x0E bit(s) [7]; byte 26: 0x0F→0x0E bit(s) [0]
[14:24:14.212] P-02 rel 0x11/78 B: byte 15: 0xC9→0xBE bit(s) [4, 5, 6]; byte 17: 0xC0→0xCF bit(s) [3]; byte 19: 0x4C→0x39 bit(s) [4, 5, 6]; byte 21: 0x00→0xBC bit(s) [7]; byte 23: 0x0E→0x88 bit(s) [7]; byte 24: 0x1B→0x19 bit(s) [1]
[14:24:14.228] P-02 rel 0x11/78 B: byte 15: 0xBE→0xE1 bit(s) [3, 4, 6]; byte 17: 0xCF→0xD5 bit(s) [3, 4]; byte 19: 0x39→0x27 bit(s) [4]; byte 21: 0xBC→0x7C bit(s) [7]; byte 24: 0x19→0x1A bit(s) [0, 1]; byte 26: 0x10→0x0F bit(s) [0]
[14:24:14.244] P-02 rel 0x11/78 B: byte 15: 0xE1→0xEA bit(s) [3]; byte 17: 0xD5→0xE8 bit(s) [3, 4, 5]; byte 19: 0x27→0x46 bit(s) [5, 6]; byte 22: 0xFA→0xFB bit(s) [0]; byte 23: 0x86→0x6C bit(s) [7]; byte 24: 0x1A→0x1B bit(s) [0]
[14:24:14.258] P-02 rel 0x11/78 B: byte 15: 0xEA→0x01 bit(s) [3, 5, 6, 7]; byte 16: 0xFF→0x00 bit(s) [0, 1, 2, 3, 4, 5, 6, 7]; byte 17: 0xE8→0xE3 bit(s) [3]; byte 19: 0x46→0x2B bit(s) [5, 6]; byte 22: 0xFB→0xFA bit(s) [0]; byte 23: 0x6C→0xD6 bit(s) [7]; byte 26: 0x0F→0x10 bit(s) [0]
[14:24:14.273] P-02 rel 0x11/78 B: byte 15: 0x01→0xED bit(s) [3, 5, 6, 7]; byte 16: 0x00→0xFF bit(s) [0, 1, 2, 3, 4, 5, 6, 7]; byte 17: 0xE3→0xD5 bit(s) [4, 5]; byte 26: 0x10→0x11 bit(s) [0]
[14:24:14.289] P-02 rel 0x11/78 B: byte 15: 0xED→0x13 bit(s) [3, 4, 5, 6, 7]; byte 16: 0xFF→0x00 bit(s) [0, 1, 2, 3, 4, 5, 6, 7]; byte 17: 0xD5→0xCA bit(s) [3, 4]; byte 19: 0x2E→0x4C bit(s) [5, 6]; byte 21: 0x6C→0xC2 bit(s) [7]; byte 24: 0x1B→0x1D bit(s) [1, 2]; byte 26: 0x11→0x10 bit(s) [0]
[14:24:14.303] P-02 rel 0x11/78 B: byte 15: 0x13→0xDB bit(s) [3, 6, 7]; byte 16: 0x00→0xFF bit(s) [0, 1, 2, 3, 4, 5, 6, 7]; byte 17: 0xCA→0xAA bit(s) [5, 6]; byte 19: 0x4C→0x6E bit(s) [5]; byte 22: 0xFA→0xF9 bit(s) [0, 1]; byte 24: 0x1D→0x1C bit(s) [0]
[14:24:14.319] P-02 rel 0x11/78 B: byte 17: 0xAA→0x98 bit(s) [4, 5]; byte 19: 0x6E→0x86 bit(s) [5, 6, 7]; byte 21: 0xC0→0x14 bit(s) [7]; byte 22: 0xF9→0xFA bit(s) [0, 1]; byte 24: 0x1C→0x1B bit(s) [0, 1, 2]; byte 26: 0x10→0x11 bit(s) [0]
[14:24:14.333] P-02 rel 0x11/78 B: byte 15: 0xDE→0x4A bit(s) [4, 7]; byte 16: 0xFF→0x00 bit(s) [0, 1, 2, 3, 4, 5, 6, 7]; byte 17: 0x98→0x8B bit(s) [4]; byte 19: 0x86→0x73 bit(s) [4, 5, 6, 7]; byte 21: 0x14→0xAE bit(s) [7]; byte 22: 0xFA→0xF9 bit(s) [0, 1]; byte 23: 0xF0→0x6C bit(s) [7]
[14:24:14.349] P-02 rel 0x11/78 B: byte 15: 0x4A→0x2E bit(s) [5, 6]; byte 19: 0x73→0x69 bit(s) [4]
[14:24:14.363] P-02 rel 0x11/78 B: byte 15: 0x2E→0xC0 bit(s) [3, 5, 6, 7]; byte 16: 0x00→0xFF bit(s) [0, 1, 2, 3, 4, 5, 6, 7]; byte 17: 0x8F→0x99 bit(s) [4]; byte 19: 0x69→0x58 bit(s) [4, 5]; byte 22: 0xF9→0xFA bit(s) [0, 1]; byte 23: 0x6E→0xDA bit(s) [7]; byte 24: 0x1B→0x19 bit(s) [1]; byte 26: 0x0F→0x0E bit(s) [0]
[14:24:14.379] P-02 rel 0x11/78 B: byte 15: 0xC0→0x88 bit(s) [3, 6]; byte 17: 0x99→0xAB bit(s) [4, 5]; byte 19: 0x58→0x3C bit(s) [5, 6]; byte 21: 0xF6→0x3E bit(s) [7]; byte 22: 0xFA→0xFB bit(s) [0]; byte 23: 0xDA→0x06 bit(s) [7]; byte 24: 0x19→0x1A bit(s) [0, 1]; byte 26: 0x0E→0x0F bit(s) [0]
[14:24:14.393] P-02 rel 0x11/78 B: byte 15: 0x88→0xB1 bit(s) [3, 4, 5]; byte 17: 0xAB→0xC7 bit(s) [3, 5, 6]; byte 19: 0x3C→0x2B bit(s) [4]; byte 23: 0x06→0xAC bit(s) [7]
[14:24:14.409] P-02 rel 0x11/78 B: byte 15: 0xB1→0xEE bit(s) [3, 4, 6]; byte 17: 0xC7→0xDA bit(s) [3, 4]; byte 23: 0xAC→0x12 bit(s) [7]; byte 24: 0x1A→0x1B bit(s) [0]; byte 26: 0x0F→0x0E bit(s) [0]
[14:24:14.424] P-02 rel 0x11/78 B: byte 15: 0xEE→0x23 bit(s) [3, 6, 7]; byte 16: 0xFF→0x00 bit(s) [0, 1, 2, 3, 4, 5, 6, 7]; byte 17: 0xDA→0xE9 bit(s) [4, 5]; byte 21: 0x4C→0xCE bit(s) [7]; byte 22: 0xFB→0xFA bit(s) [0]; byte 23: 0x12→0xC4 bit(s) [7]
[14:24:14.439] P-02 rel 0x11/78 B: byte 15: 0x23→0x57 bit(s) [4, 5, 6]; byte 17: 0xE9→0xF6 bit(s) [3, 4]; byte 26: 0x0E→0x0F bit(s) [0]
[14:24:14.453] P-02 rel 0x11/78 B: byte 15: 0x57→0x5C bit(s) [3]; byte 19: 0x24→0x17 bit(s) [4, 5]
[14:24:14.468] P-02 rel 0x11/78 B: byte 15: 0x5C→0x6B bit(s) [4, 5]
[14:24:14.484] P-02 rel 0x11/78 B: byte 15: 0x6B→0x8F bit(s) [5, 6, 7]; byte 17: 0xF6→0xFB bit(s) [3]; byte 19: 0x13→0x04 bit(s) [4]; byte 23: 0xA2→0x04 bit(s) [7]
[14:24:14.499] P-02 rel 0x11/78 B: byte 15: 0x8F→0xD1 bit(s) [3, 4, 6]; byte 17: 0xFB→0x03 bit(s) [3, 4, 5, 6, 7]; byte 18: 0xFF→0x00 bit(s) [0, 1, 2, 3, 4, 5, 6, 7]; byte 19: 0x04→0xEE bit(s) [5, 6, 7]; byte 20: 0x00→0xFF bit(s) [0, 1, 2, 3, 4, 5, 6, 7]; byte 21: 0xF4→0x7C bit(s) [7]; byte 23: 0x04→0xF8 bit(s) [7]; byte 24: 0x1B→0x1A bit(s) [0]
[14:24:14.513] P-02 rel 0x11/78 B: byte 15: 0xD1→0xA3 bit(s) [4, 5, 6]; byte 19: 0xEE→0xF6 bit(s) [4]; byte 21: 0x7C→0x8E bit(s) [7]; byte 23: 0xF8→0x58 bit(s) [7]; byte 24: 0x1A→0x1C bit(s) [1, 2]
[14:24:14.542] P-02 rel 0x11/78 B: byte 15: 0xA3→0x82 bit(s) [5]; byte 17: 0x04→0x09 bit(s) [3]; byte 24: 0x1C→0x1B bit(s) [0, 1, 2]; byte 26: 0x0F→0x0E bit(s) [0]
[14:24:14.559] P-02 rel 0x11/78 B: byte 15: 0x82→0x6C bit(s) [3, 5, 6, 7]; byte 21: 0x8C→0x28 bit(s) [7]; byte 23: 0x0A→0xBE bit(s) [7]; byte 24: 0x1B→0x1A bit(s) [0]; byte 26: 0x0E→0x0F bit(s) [0]
[14:24:14.573] P-02 rel 0x11/78 B: byte 17: 0x0C→0x07 bit(s) [3]; byte 19: 0xF4→0xED bit(s) [4]
[14:24:14.588] P-02 rel 0x11/78 B: byte 15: 0x6F→0x3E bit(s) [4, 6]; byte 26: 0x0F→0x0E bit(s) [0]
[14:24:14.603] P-02 rel 0x11/78 B: byte 15: 0x3E→0x1C bit(s) [5]; byte 23: 0xE0→0x26 bit(s) [7]; byte 24: 0x1A→0x1B bit(s) [0]
[14:24:14.618] P-02 rel 0x11/78 B: byte 15: 0x1C→0x28 bit(s) [4, 5]; byte 19: 0xEF→0xF7 bit(s) [4]; byte 23: 0x26→0xF8 bit(s) [7]; byte 24: 0x1B→0x1A bit(s) [0]
[14:24:14.633] P-02 rel 0x11/78 B: byte 15: 0x28→0x38 bit(s) [4]; byte 21: 0x6C→0xAA bit(s) [7]
[14:24:14.648] P-02 rel 0x11/78 B: byte 23: 0xEC→0x16 bit(s) [7]; byte 24: 0x1A→0x1B bit(s) [0]
[14:24:15.009]      … 22 linha(s) suprimida(s) neste segundo
[14:24:15.009] P-02 rel 0x11/78 B: byte 15: 0xC0→0xB6 bit(s) [4, 5, 6]; byte 17: 0x17→0x0F bit(s) [3, 4]; byte 24: 0x1A→0x1B bit(s) [0]; byte 26: 0x0E→0x0D bit(s) [0]
[14:24:15.024] P-02 rel 0x11/78 B: byte 15: 0xB6→0xDD bit(s) [3, 5, 6]; byte 17: 0x0F→0x2B bit(s) [5]; byte 23: 0x82→0x16 bit(s) [7]; byte 26: 0x0D→0x0E bit(s) [0]
[14:24:15.039] P-02 rel 0x11/78 B: byte 19: 0xE1→0xCA bit(s) [5]; byte 24: 0x1B→0x1C bit(s) [0, 1, 2]
[14:24:15.054] P-02 rel 0x11/78 B: byte 15: 0xDA→0x8D bit(s) [4, 6]; byte 17: 0x28→0x18 bit(s) [4, 5]; byte 24: 0x1C→0x1A bit(s) [1, 2]
[14:24:15.068] P-02 rel 0x11/78 B: byte 15: 0x8D→0x5C bit(s) [4, 6, 7]; byte 17: 0x18→0x0C bit(s) [4]; byte 19: 0xCC→0xD5 bit(s) [4]; byte 23: 0x60→0xFC bit(s) [7]
[14:24:15.084] P-02 rel 0x11/78 B: byte 15: 0x5C→0x23 bit(s) [3, 4, 5, 6]; byte 17: 0x0C→0xFE bit(s) [4, 5, 6, 7]; byte 18: 0x00→0xFF bit(s) [0, 1, 2, 3, 4, 5, 6, 7]; byte 19: 0xD5→0xE9 bit(s) [4, 5]; byte 23: 0xFC→0x20 bit(s) [7]; byte 24: 0x1A→0x1B bit(s) [0]; byte 26: 0x0E→0x0D bit(s) [0]
[14:24:15.098] P-02 rel 0x11/78 B: byte 15: 0x23→0xBD bit(s) [3, 4, 7]; byte 16: 0x00→0xFF bit(s) [0, 1, 2, 3, 4, 5, 6, 7]; byte 17: 0xFE→0xF3 bit(s) [3]; byte 19: 0xE9→0x03 bit(s) [5, 6, 7]; byte 20: 0xFF→0x00 bit(s) [0, 1, 2, 3, 4, 5, 6, 7]; byte 21: 0x12→0xFC bit(s) [7]; byte 22: 0xFA→0xF9 bit(s) [0, 1]
[14:24:15.114] P-02 rel 0x11/78 B: byte 15: 0xBD→0x4D bit(s) [4, 5, 6, 7]; byte 17: 0xF3→0xEA bit(s) [3, 4]; byte 19: 0x03→0x1E bit(s) [4]; byte 21: 0xFC→0x12 bit(s) [7]; byte 22: 0xF9→0xFA bit(s) [0, 1]
[14:24:15.130] P-02 rel 0x11/78 B: byte 15: 0x4D→0xFB bit(s) [4, 5, 7]; byte 16: 0xFF→0xFE bit(s) [0]; byte 19: 0x1E→0x32 bit(s) [5]; byte 23: 0x06→0xD6 bit(s) [7]; byte 24: 0x1B→0x1A bit(s) [0]
[14:24:15.145] P-02 rel 0x11/78 B: byte 15: 0xFB→0x02 bit(s) [3, 4, 5, 6, 7]; byte 16: 0xFE→0xFF bit(s) [0]; byte 17: 0xEC→0xF1 bit(s) [3, 4]; byte 19: 0x32→0x2F bit(s) [4]; byte 24: 0x1A→0x19 bit(s) [0, 1]; byte 26: 0x0D→0x0E bit(s) [0]
[14:24:15.160] P-02 rel 0x11/78 B: byte 9: 0xD9→0xE0 bit(s) [0]; byte 15: 0x02→0x87 bit(s) [7]; byte 19: 0x2F→0x1C bit(s) [4, 5]
[14:24:15.175] P-02 rel 0x11/78 B: byte 15: 0x87→0x07 bit(s) [7]; byte 16: 0xFF→0x00 bit(s) [0, 1, 2, 3, 4, 5, 6, 7]; byte 19: 0x1C→0x0D bit(s) [4]; byte 21: 0x10→0xA6 bit(s) [7]; byte 24: 0x19→0x1A bit(s) [0, 1]; byte 26: 0x0E→0x0F bit(s) [0]
[14:24:15.189] P-02 rel 0x11/78 B: byte 17: 0xF3→0xEA bit(s) [3, 4]; byte 19: 0x0D→0x10 bit(s) [4]; byte 22: 0xFA→0xF9 bit(s) [0, 1]
[14:24:15.217] P-02 resumo: relatório 0x11 com 78 bytes, 8156 recebido(s); ruído de repouso: byte 9 bits [3, 4, 5, 6, 7]; byte 13 bits [1, 2, 3, 4, 5, 6, 7]; byte 15 bits [0, 1, 2]; byte 17 bits [0, 1, 2]; byte 19 bits [0, 1, 2, 3]; byte 21 bits [1, 2, 3, 4, 5, 6]; byte 23 bits [1, 2, 3, 4, 5, 6]; byte 25 bits [1, 2, 3, 4, 5, 6, 7]; byte 26 bits [1, 2, 3, 4, 5]; byte 74 bits [0, 1, 2, 3, 4, 5, 6, 7]; byte 75 bits [0, 1, 2, 3, 4, 5, 6, 7]; byte 76 bits [0, 1, 2, 3, 4, 5, 6, 7]; byte 77 bits [0, 1, 2, 3, 4, 5, 6, 7]
[14:24:15.217] P-02 rel 0x11/78 B: byte 15: 0x06→0xEF bit(s) [3, 5, 6, 7]; byte 16: 0x00→0xFF bit(s) [0, 1, 2, 3, 4, 5, 6, 7]; byte 17: 0xEA→0xFD bit(s) [4]; byte 19: 0x10→0x05 bit(s) [4]; byte 22: 0xF9→0xFA bit(s) [0, 1]; byte 23: 0x8C→0x62 bit(s) [7]; byte 26: 0x0D→0x0E bit(s) [0]
[14:24:15.235] P-02 rel 0x11/78 B: byte 15: 0xEF→0xD6 bit(s) [3, 4, 5]; byte 17: 0xFD→0x02 bit(s) [3, 4, 5, 6, 7]; byte 18: 0xFF→0x00 bit(s) [0, 1, 2, 3, 4, 5, 6, 7]; byte 19: 0x05→0xFF bit(s) [4, 5, 6, 7]; byte 20: 0x00→0xFF bit(s) [0, 1, 2, 3, 4, 5, 6, 7]; byte 21: 0x9A→0x44 bit(s) [7]; byte 26: 0x0E→0x0D bit(s) [0]
[14:24:15.250] P-02 rel 0x11/78 B: byte 15: 0xD6→0xCB bit(s) [3, 4]; byte 21: 0x44→0xB8 bit(s) [7]
[14:24:15.265] P-02 rel 0x11/78 B: byte 17: 0x04→0x09 bit(s) [3]; byte 19: 0xF8→0xEC bit(s) [4]
[14:24:15.279] P-02 rel 0x11/78 B: byte 15: 0xCE→0xBD bit(s) [4, 5, 6]; byte 21: 0xA4→0x6C bit(s) [7]
[14:24:15.293] P-02 rel 0x11/78 B: byte 17: 0x0E→0x11 bit(s) [3, 4]; byte 23: 0x6A→0xBE bit(s) [7]; byte 26: 0x0D→0x0E bit(s) [0]
[14:24:15.323] P-02 rel 0x11/78 B: byte 15: 0xB9→0xCF bit(s) [4, 5, 6]; byte 17: 0x11→0x0C bit(s) [3, 4]; byte 19: 0xEF→0xF4 bit(s) [4]
[14:24:15.338] P-02 rel 0x11/78 B: byte 15: 0xCF→0xF1 bit(s) [3, 4, 5]
[14:24:15.353] P-02 rel 0x11/78 B: byte 15: 0xF1→0xFB bit(s) [3]; byte 17: 0x0D→0x11 bit(s) [3, 4]; byte 19: 0xF9→0x01 bit(s) [4, 5, 6, 7]; byte 20: 0xFF→0x00 bit(s) [0, 1, 2, 3, 4, 5, 6, 7]
[14:24:15.368] P-02 rel 0x11/78 B: byte 15: 0xFB→0xF3 bit(s) [3]; byte 19: 0x01→0xFC bit(s) [4, 5, 6, 7]; byte 20: 0x00→0xFF bit(s) [0, 1, 2, 3, 4, 5, 6, 7]
[14:24:15.383] P-02 rel 0x11/78 B: byte 15: 0xF3→0xEC bit(s) [3, 4]; byte 17: 0x11→0x0D bit(s) [3, 4]
[14:24:15.427] P-02 rel 0x11/78 B: byte 15: 0xEC→0xF7 bit(s) [3, 4]
[14:24:15.443] P-02 rel 0x11/78 B: byte 15: 0xF7→0x0F bit(s) [3, 4, 5, 6, 7]; byte 16: 0xFF→0x00 bit(s) [0, 1, 2, 3, 4, 5, 6, 7]; byte 17: 0x0D→0x07 bit(s) [3]
[14:24:15.458] P-02 rel 0x11/78 B: byte 15: 0x0F→0x1F bit(s) [4]
[14:24:15.473] P-02 rel 0x11/78 B: byte 15: 0x1F→0x48 bit(s) [4, 6]; byte 17: 0x02→0x0B bit(s) [3]; byte 19: 0xF2→0xEF bit(s) [4]; byte 23: 0x94→0x74 bit(s) [7]; byte 26: 0x0E→0x0D bit(s) [0]
[14:24:15.488] P-02 rel 0x11/78 B: byte 15: 0x48→0x78 bit(s) [4, 5]; byte 17: 0x0B→0x10 bit(s) [3, 4]; byte 26: 0x0D→0x0E bit(s) [0]
[14:24:15.503] P-02 rel 0x11/78 B: byte 9: 0x70→0x79 bit(s) [0]; byte 15: 0x78→0x9F bit(s) [5, 6, 7]; byte 17: 0x10→0x0F bit(s) [3, 4]; byte 26: 0x0E→0x0D bit(s) [0]
[14:24:15.532] P-02 rel 0x11/78 B: byte 23: 0x48→0x98 bit(s) [7]
[14:24:15.548] P-02 rel 0x11/78 B: byte 15: 0x9B→0x86 bit(s) [3, 4]; byte 17: 0x0F→0x15 bit(s) [3, 4]
[14:24:15.563] P-02 rel 0x11/78 B: byte 15: 0x86→0x7A bit(s) [3, 4, 5, 6, 7]; byte 19: 0xEF→0xF4 bit(s) [4]
[14:24:15.578] P-02 rel 0x11/78 B: byte 15: 0x7A→0x5D bit(s) [5]; byte 17: 0x14→0x0F bit(s) [3, 4]; byte 23: 0x96→0x10 bit(s) [7]
[14:24:15.593] P-02 rel 0x11/78 B: byte 15: 0x5D→0x32 bit(s) [3, 5, 6]; byte 21: 0x20→0xFA bit(s) [7]; byte 22: 0xFA→0xF9 bit(s) [0, 1]
[14:24:15.608] P-02 rel 0x11/78 B: byte 15: 0x32→0x08 bit(s) [3, 4, 5]; byte 17: 0x09→0x04 bit(s) [3]; byte 21: 0xFA→0x0C bit(s) [7]; byte 22: 0xF9→0xFA bit(s) [0, 1]; byte 23: 0x16→0xE8 bit(s) [7]; byte 24: 0x1A→0x19 bit(s) [0, 1]
[14:24:15.623] P-02 rel 0x11/78 B: byte 15: 0x08→0xCD bit(s) [6, 7]; byte 16: 0x00→0xFF bit(s) [0, 1, 2, 3, 4, 5, 6, 7]; byte 17: 0x04→0xFA bit(s) [3, 4, 5, 6, 7]; byte 18: 0x00→0xFF bit(s) [0, 1, 2, 3, 4, 5, 6, 7]
[14:24:15.638] P-02 rel 0x11/78 B: byte 15: 0xCD→0x8B bit(s) [6]; byte 17: 0xFA→0xF7 bit(s) [3]; byte 19: 0xFC→0x07 bit(s) [4, 5, 6, 7]; byte 20: 0xFF→0x00 bit(s) [0, 1, 2, 3, 4, 5, 6, 7]; byte 21: 0x10→0xE8 bit(s) [7]; byte 22: 0xFA→0xF9 bit(s) [0, 1]; byte 23: 0xFA→0x7E bit(s) [7]; byte 24: 0x19→0x1A bit(s) [0, 1]
[14:24:15.653] P-02 rel 0x11/78 B: byte 15: 0x8B→0x47 bit(s) [3, 6, 7]; byte 17: 0xF7→0xEF bit(s) [3, 4]; byte 19: 0x07→0x21 bit(s) [5]; byte 23: 0x7E→0xD4 bit(s) [7]
[14:24:15.668] P-02 rel 0x11/78 B: byte 15: 0x47→0x2C bit(s) [3, 5, 6]; byte 19: 0x21→0x30 bit(s) [4]; byte 26: 0x0D→0x0E bit(s) [0]
[14:24:16.012]      … 18 linha(s) suprimida(s) neste segundo
[14:24:16.012] P-02 rel 0x11/78 B: byte 15: 0xD0→0xE1 bit(s) [4, 5]; byte 23: 0x0E→0xE0 bit(s) [7]; byte 24: 0x1B→0x1A bit(s) [0]
[14:24:16.028] P-02 rel 0x11/78 B: byte 19: 0x11→0x0B bit(s) [4]; byte 23: 0xE0→0x08 bit(s) [7]; byte 24: 0x1A→0x1B bit(s) [0]
[14:24:16.043] P-02 rel 0x11/78 B: byte 17: 0x0A→0x07 bit(s) [3]; byte 21: 0x18→0xFE bit(s) [7]; byte 22: 0xFA→0xF9 bit(s) [0, 1]; byte 23: 0x08→0xDE bit(s) [7]; byte 24: 0x1B→0x1A bit(s) [0]
[14:24:16.087] P-02 rel 0x11/78 B: byte 15: 0xE6→0x36 bit(s) [4, 6, 7]; byte 16: 0xFF→0x00 bit(s) [0, 1, 2, 3, 4, 5, 6, 7]; byte 17: 0x07→0xFF bit(s) [3, 4, 5, 6, 7]; byte 18: 0x00→0xFF bit(s) [0, 1, 2, 3, 4, 5, 6, 7]; byte 23: 0xDE→0x58 bit(s) [7]; byte 24: 0x1A→0x1B bit(s) [0]
[14:24:16.103] P-02 rel 0x11/78 B: byte 15: 0x36→0x47 bit(s) [4, 5, 6]; byte 24: 0x1B→0x19 bit(s) [1]
[14:24:16.118] P-02 rel 0x11/78 B: byte 9: 0x80→0x89 bit(s) [0]; byte 15: 0x47→0xA1 bit(s) [5, 6, 7]; byte 17: 0xFC→0x0E bit(s) [4, 5, 6, 7]; byte 18: 0xFF→0x00 bit(s) [0, 1, 2, 3, 4, 5, 6, 7]; byte 22: 0xF9→0xFA bit(s) [0, 1]; byte 23: 0x74→0x9E bit(s) [7]; byte 24: 0x19→0x05 bit(s) [2, 3, 4]
[14:24:16.133] P-02 rel 0x11/78 B: byte 17: 0x0E→0x06 bit(s) [3]; byte 19: 0x05→0xED bit(s) [5, 6, 7]; byte 20: 0x00→0xFF bit(s) [0, 1, 2, 3, 4, 5, 6, 7]; byte 22: 0xFA→0xF9 bit(s) [0, 1]; byte 24: 0x05→0x1A bit(s) [0, 1, 2, 3, 4]; byte 26: 0x0C→0x0D bit(s) [0]
[14:24:16.148] P-02 rel 0x11/78 B: byte 15: 0xA7→0xE4 bit(s) [6]; byte 17: 0x06→0xFE bit(s) [3, 4, 5, 6, 7]; byte 18: 0x00→0xFF bit(s) [0, 1, 2, 3, 4, 5, 6, 7]; byte 19: 0xED→0xFE bit(s) [4]; byte 23: 0x86→0x24 bit(s) [7]; byte 24: 0x1A→0x1B bit(s) [0]; byte 26: 0x0D→0x0E bit(s) [0]
[14:24:16.163] P-02 rel 0x11/78 B: byte 15: 0xE4→0xF9 bit(s) [3, 4]; byte 17: 0xFE→0xF5 bit(s) [3]; byte 19: 0xFE→0x1C bit(s) [5, 6, 7]; byte 20: 0xFF→0x00 bit(s) [0, 1, 2, 3, 4, 5, 6, 7]; byte 21: 0xA6→0x00 bit(s) [7]; byte 22: 0xF9→0xFA bit(s) [0, 1]; byte 23: 0x24→0xA4 bit(s) [7]
[14:24:16.180] P-02 rel 0x11/78 B: byte 15: 0xF9→0xD6 bit(s) [3, 5]; byte 17: 0xF5→0xED bit(s) [3, 4]; byte 19: 0x1C→0x35 bit(s) [5]; byte 21: 0x00→0x94 bit(s) [7]; byte 23: 0xA4→0x7E bit(s) [7]; byte 24: 0x1B→0x1A bit(s) [0]
[14:24:16.195] P-02 rel 0x11/78 B: byte 15: 0xD6→0xAB bit(s) [3, 4, 5, 6]; byte 17: 0xED→0xF9 bit(s) [4]; byte 23: 0x7E→0xD0 bit(s) [7]; byte 24: 0x1A→0x19 bit(s) [0, 1]; byte 26: 0x0E→0x0D bit(s) [0]
[14:24:16.210] P-02 rel 0x11/78 B: byte 15: 0xAB→0x7E bit(s) [4, 6, 7]; byte 17: 0xF9→0x02 bit(s) [3, 4, 5, 6, 7]; byte 18: 0xFF→0x00 bit(s) [0, 1, 2, 3, 4, 5, 6, 7]; byte 19: 0x32→0x28 bit(s) [4]; byte 21: 0x86→0x78 bit(s) [7]
[14:24:16.223] P-02 rel 0x11/78 B: byte 15: 0x7E→0x2B bit(s) [4, 6]; byte 17: 0x02→0x08 bit(s) [3]; byte 19: 0x28→0x1B bit(s) [4, 5]; byte 21: 0x78→0x82 bit(s) [7]; byte 26: 0x0D→0x0C bit(s) [0]
[14:24:16.240] P-02 rel 0x11/78 B: byte 15: 0x2B→0xBD bit(s) [4, 7]; byte 16: 0x00→0xFF bit(s) [0, 1, 2, 3, 4, 5, 6, 7]
[14:24:16.255] P-02 rel 0x11/78 B: byte 15: 0xBD→0x47 bit(s) [3, 4, 5, 6, 7]; byte 19: 0x11→0x09 bit(s) [4]
[14:24:16.270] P-02 rel 0x11/78 B: byte 15: 0x47→0xFA bit(s) [3, 4, 5, 7]; byte 16: 0xFF→0xFE bit(s) [0]; byte 17: 0x0D→0x13 bit(s) [3, 4]
[14:24:16.285] P-02 rel 0x11/78 B: byte 15: 0xFA→0xF0 bit(s) [3]; byte 17: 0x13→0x1A bit(s) [3]; byte 21: 0xA8→0x38 bit(s) [7]; byte 23: 0xEE→0x0E bit(s) [7]; byte 24: 0x19→0x1A bit(s) [0, 1]; byte 26: 0x0C→0x0D bit(s) [0]
[14:24:16.300] P-02 rel 0x11/78 B: byte 15: 0xF0→0x4D bit(s) [3, 4, 5, 7]; byte 16: 0xFE→0xFF bit(s) [0]; byte 17: 0x1A→0x15 bit(s) [3]; byte 19: 0x03→0xF7 bit(s) [4, 5, 6, 7]; byte 20: 0x00→0xFF bit(s) [0, 1, 2, 3, 4, 5, 6, 7]; byte 26: 0x0D→0x0E bit(s) [0]
[14:24:16.315] P-02 rel 0x11/78 B: byte 15: 0x4D→0xC0 bit(s) [3, 7]; byte 17: 0x15→0x03 bit(s) [4]; byte 19: 0xF7→0xED bit(s) [4]; byte 23: 0x26→0x8A bit(s) [7]
[14:24:16.328] P-02 rel 0x11/78 B: byte 9: 0xF1→0xF8 bit(s) [0]; byte 15: 0xC0→0x00 bit(s) [6, 7]; byte 16: 0xFF→0x00 bit(s) [0, 1, 2, 3, 4, 5, 6, 7]; byte 21: 0x00→0xC8 bit(s) [7]; byte 22: 0xFA→0xF9 bit(s) [0, 1]
[14:24:16.345] P-02 rel 0x11/78 B: byte 15: 0x00→0x0E bit(s) [3]; byte 19: 0xED→0xF2 bit(s) [4]; byte 23: 0xA6→0x5E bit(s) [7]
[14:24:16.360] P-02 rel 0x11/78 B: byte 15: 0x0E→0xF3 bit(s) [3, 4, 5, 6, 7]; byte 16: 0x00→0xFF bit(s) [0, 1, 2, 3, 4, 5, 6, 7]; byte 17: 0x06→0x0B bit(s) [3]; byte 19: 0xF2→0xE5 bit(s) [4]; byte 26: 0x0E→0x0D bit(s) [0]
[14:24:16.373] P-02 rel 0x11/78 B: byte 15: 0xF3→0xD8 bit(s) [3, 5]; byte 17: 0x0B→0x10 bit(s) [3, 4]
[14:24:16.388] P-02 rel 0x11/78 B: byte 15: 0xD8→0xCE bit(s) [4]; byte 19: 0xEE→0xF5 bit(s) [4]
[14:24:16.403] P-02 rel 0x11/78 B: byte 15: 0xCE→0xDE bit(s) [4]; byte 17: 0x13→0x0F bit(s) [3, 4]; byte 21: 0xE6→0x0E bit(s) [7]; byte 22: 0xF9→0xFA bit(s) [0, 1]
[14:24:16.418] P-02 rel 0x11/78 B: byte 19: 0xFF→0x09 bit(s) [4, 5, 6, 7]; byte 20: 0xFF→0x00 bit(s) [0, 1, 2, 3, 4, 5, 6, 7]
[14:24:16.433] P-02 rel 0x11/78 B: byte 15: 0xD8→0xC5 bit(s) [3, 4]; byte 17: 0x0B→0x06 bit(s) [3]; byte 26: 0x0D→0x0E bit(s) [0]
[14:24:16.448] P-02 rel 0x11/78 B: byte 17: 0x06→0xFF bit(s) [3, 4, 5, 6, 7]; byte 18: 0x00→0xFF bit(s) [0, 1, 2, 3, 4, 5, 6, 7]; byte 19: 0x0F→0x10 bit(s) [4]; byte 23: 0x76→0xA8 bit(s) [7]
[14:24:16.463] P-02 rel 0x11/78 B: byte 17: 0xFF→0x02 bit(s) [3, 4, 5, 6, 7]; byte 18: 0xFF→0x00 bit(s) [0, 1, 2, 3, 4, 5, 6, 7]; byte 26: 0x0E→0x0D bit(s) [0]
[14:24:16.478] P-02 rel 0x11/78 B: byte 15: 0xC5→0xCC bit(s) [3]; byte 26: 0x0D→0x0E bit(s) [0]
[14:24:16.493] P-02 rel 0x11/78 B: byte 17: 0x04→0x09 bit(s) [3]; byte 19: 0x13→0x0C bit(s) [4]; byte 23: 0xAC→0x6E bit(s) [7]
[14:24:16.509] P-02 rel 0x11/78 B: byte 15: 0xC9→0xD2 bit(s) [3, 4]; byte 23: 0x6E→0x94 bit(s) [7]
[14:24:16.524] P-02 rel 0x11/78 B: byte 15: 0xD2→0xE2 bit(s) [4, 5]
[14:24:16.539] P-02 rel 0x11/78 B: byte 15: 0xE2→0xEC bit(s) [3]; byte 19: 0x04→0xFF bit(s) [4, 5, 6, 7]; byte 20: 0x00→0xFF bit(s) [0, 1, 2, 3, 4, 5, 6, 7]; byte 26: 0x0E→0x0D bit(s) [0]
[14:24:16.554] P-02 rel 0x11/78 B: byte 15: 0xEC→0xE6 bit(s) [3]; byte 17: 0x0F→0x10 bit(s) [3, 4]; byte 19: 0xFF→0x00 bit(s) [4, 5, 6, 7]; byte 20: 0xFF→0x00 bit(s) [0, 1, 2, 3, 4, 5, 6, 7]; byte 21: 0x12→0xFC bit(s) [7]; byte 22: 0xFA→0xF9 bit(s) [0, 1]
[14:24:16.568] P-02 rel 0x11/78 B: byte 19: 0x00→0xFF bit(s) [4, 5, 6, 7]; byte 20: 0x00→0xFF bit(s) [0, 1, 2, 3, 4, 5, 6, 7]; byte 21: 0xFC→0x28 bit(s) [7]; byte 22: 0xF9→0xFA bit(s) [0, 1]; byte 26: 0x0D→0x0E bit(s) [0]
[14:24:16.583] P-02 rel 0x11/78 B: byte 15: 0xE1→0xDF bit(s) [3, 4, 5]; byte 17: 0x11→0x0D bit(s) [3, 4]; byte 19: 0xFF→0x00 bit(s) [4, 5, 6, 7]; byte 20: 0xFF→0x00 bit(s) [0, 1, 2, 3, 4, 5, 6, 7]; byte 21: 0x28→0xEE bit(s) [7]; byte 22: 0xFA→0xF9 bit(s) [0, 1]
[14:24:16.598] P-02 rel 0x11/78 B: byte 15: 0xDF→0xEB bit(s) [4, 5]; byte 21: 0xEE→0x24 bit(s) [7]; byte 22: 0xF9→0xFA bit(s) [0, 1]
[14:24:16.613] P-02 rel 0x11/78 B: byte 26: 0x0E→0x0D bit(s) [0]
[14:24:16.628] P-02 rel 0x11/78 B: byte 23: 0xA0→0x62 bit(s) [7]; byte 26: 0x0D→0x0E bit(s) [0]
[14:24:17.003]      … 24 linha(s) suprimida(s) neste segundo
[14:24:17.003] P-02 rel 0x11/78 B: byte 15: 0xA6→0xF4 bit(s) [4, 6]; byte 19: 0x1B→0x0C bit(s) [4]; byte 23: 0x7A→0xC8 bit(s) [7]
[14:24:17.032] P-02 rel 0x11/78 B: byte 9: 0x61→0x68 bit(s) [0]; byte 15: 0xF4→0xFE bit(s) [3]
[14:24:17.048] P-02 rel 0x11/78 B: byte 15: 0xFE→0xDC bit(s) [5]; byte 17: 0x0C→0x17 bit(s) [3, 4]; byte 19: 0x04→0xFC bit(s) [4, 5, 6, 7]; byte 20: 0x00→0xFF bit(s) [0, 1, 2, 3, 4, 5, 6, 7]; byte 23: 0xBA→0x1C bit(s) [7]; byte 26: 0x0E→0x0D bit(s) [0]
[14:24:17.123] P-02 rel 0x11/78 B: byte 15: 0xDC→0xCF bit(s) [4]; byte 23: 0x1C→0x88 bit(s) [7]; byte 26: 0x0D→0x0E bit(s) [0]
[14:24:17.139] P-02 rel 0x11/78 B: byte 15: 0xCF→0xEC bit(s) [5]; byte 21: 0x18→0xDA bit(s) [7]; byte 22: 0xFA→0xF9 bit(s) [0, 1]
[14:24:17.154] P-02 rel 0x11/78 B: byte 15: 0xEC→0xF3 bit(s) [3, 4]; byte 17: 0x12→0x0C bit(s) [3, 4]; byte 19: 0xF0→0x03 bit(s) [4, 5, 6, 7]; byte 20: 0xFF→0x00 bit(s) [0, 1, 2, 3, 4, 5, 6, 7]; byte 21: 0xDA→0x3E bit(s) [7]; byte 22: 0xF9→0xFA bit(s) [0, 1]; byte 23: 0xB2→0x4C bit(s) [7]
[14:24:17.183] P-02 rel 0x11/78 B: byte 23: 0x50→0xBE bit(s) [7]
[14:24:17.198] P-02 rel 0x11/78 B: byte 17: 0x08→0x07 bit(s) [3]
[14:24:17.213] P-02 rel 0x11/78 B: byte 15: 0xF0→0xEF bit(s) [3, 4]; byte 17: 0x07→0x09 bit(s) [3]
[14:24:17.228] P-02 rel 0x11/78 B: byte 15: 0xEF→0xF7 bit(s) [3, 4]; byte 19: 0x0F→0x11 bit(s) [4]
[14:24:17.243] P-02 rel 0x11/78 B: byte 15: 0xF7→0x07 bit(s) [4, 5, 6, 7]; byte 16: 0xFF→0x00 bit(s) [0, 1, 2, 3, 4, 5, 6, 7]; byte 19: 0x11→0x0E bit(s) [4]
[14:24:17.258] P-02 rel 0x11/78 B: byte 15: 0x07→0x1B bit(s) [3, 4]
[14:24:17.273] P-02 rel 0x11/78 B: byte 15: 0x1B→0x2B bit(s) [4, 5]; byte 23: 0x86→0x7C bit(s) [7]
[14:24:17.303] P-02 rel 0x11/78 B: byte 23: 0x7A→0xB6 bit(s) [7]; byte 26: 0x0E→0x0D bit(s) [0]
[14:24:17.318] P-02 rel 0x11/78 B: byte 15: 0x2D→0x31 bit(s) [3, 4]; byte 17: 0x0D→0x10 bit(s) [3, 4]; byte 26: 0x0D→0x0E bit(s) [0]
[14:24:17.333] P-02 rel 0x11/78 B: byte 15: 0x31→0x2C bit(s) [3, 4]; byte 23: 0xAA→0x64 bit(s) [7]
[14:24:17.348] P-02 rel 0x11/78 B: byte 15: 0x2C→0x15 bit(s) [3, 4, 5]; byte 23: 0x64→0xCC bit(s) [7]
[14:24:17.363] P-02 rel 0x11/78 B: byte 15: 0x15→0x04 bit(s) [4]; byte 17: 0x10→0x0E bit(s) [3, 4]; byte 19: 0x00→0xF8 bit(s) [4, 5, 6, 7]; byte 20: 0x00→0xFF bit(s) [0, 1, 2, 3, 4, 5, 6, 7]
[14:24:17.378] P-02 rel 0x11/78 B: byte 15: 0x04→0x10 bit(s) [4]
[14:24:17.393] P-02 rel 0x11/78 B: byte 26: 0x0E→0x0D bit(s) [0]
[14:24:17.409] P-02 rel 0x11/78 B: byte 15: 0x17→0x1D bit(s) [3]; byte 26: 0x0D→0x0E bit(s) [0]
[14:24:17.423] P-02 rel 0x11/78 B: byte 15: 0x1D→0x2D bit(s) [4, 5]
[14:24:17.439] P-02 rel 0x11/78 B: byte 15: 0x2D→0x35 bit(s) [3, 4]; byte 17: 0x09→0x06 bit(s) [3]; byte 26: 0x0E→0x0D bit(s) [0]
[14:24:17.453] P-02 rel 0x11/78 B: byte 15: 0x35→0x28 bit(s) [3, 4]; byte 19: 0xFD→0x03 bit(s) [4, 5, 6, 7]; byte 20: 0xFF→0x00 bit(s) [0, 1, 2, 3, 4, 5, 6, 7]; byte 21: 0x26→0xF8 bit(s) [7]; byte 22: 0xFA→0xF9 bit(s) [0, 1]; byte 23: 0x90→0x7C bit(s) [7]
[14:24:17.468] P-02 rel 0x11/78 B: byte 15: 0x28→0x1D bit(s) [4, 5]; byte 17: 0x07→0x08 bit(s) [3]; byte 21: 0xF8→0x16 bit(s) [7]; byte 22: 0xF9→0xFA bit(s) [0, 1]
[14:24:17.483] P-02 rel 0x11/78 B: byte 15: 0x1D→0x16 bit(s) [3]; byte 17: 0x08→0x07 bit(s) [3]
[14:24:17.498] P-02 rel 0x11/78 B: byte 15: 0x16→0x25 bit(s) [4, 5]; byte 23: 0x68→0xA4 bit(s) [7]
[14:24:17.514] P-02 rel 0x11/78 B: byte 15: 0x25→0x3B bit(s) [3, 4]; byte 23: 0xA4→0x12 bit(s) [7]
[14:24:17.529] P-02 rel 0x11/78 B: byte 15: 0x3B→0x62 bit(s) [3, 4, 6]; byte 17: 0x02→0xFC bit(s) [3, 4, 5, 6, 7]; byte 18: 0x00→0xFF bit(s) [0, 1, 2, 3, 4, 5, 6, 7]; byte 19: 0x00→0xF1 bit(s) [4, 5, 6, 7]; byte 20: 0x00→0xFF bit(s) [0, 1, 2, 3, 4, 5, 6, 7]; byte 23: 0x12→0xBC bit(s) [7]; byte 24: 0x1A→0x19 bit(s) [0, 1]
[14:24:17.544] P-02 rel 0x11/78 B: byte 15: 0x62→0x3C bit(s) [3, 4, 6]; byte 17: 0xFC→0x12 bit(s) [3, 5, 6, 7]; byte 18: 0xFF→0x00 bit(s) [0, 1, 2, 3, 4, 5, 6, 7]; byte 19: 0xF1→0xE8 bit(s) [4]; byte 26: 0x0D→0x0C bit(s) [0]
[14:24:17.572] P-02 rel 0x11/78 B: byte 15: 0x3C→0xE0 bit(s) [3, 4, 6, 7]; byte 16: 0x00→0xFF bit(s) [0, 1, 2, 3, 4, 5, 6, 7]; byte 26: 0x0C→0x0D bit(s) [0]
[14:24:17.588] P-02 rel 0x11/78 B: byte 15: 0xE0→0xCD bit(s) [3, 5]; byte 17: 0x13→0x19 bit(s) [3]; byte 21: 0x5C→0xA0 bit(s) [7]
[14:24:17.603] P-02 rel 0x11/78 B: byte 15: 0xCD→0xDC bit(s) [4]; byte 23: 0xD2→0x04 bit(s) [7]; byte 24: 0x19→0x1A bit(s) [0, 1]
[14:24:17.620] P-02 rel 0x11/78 B: byte 15: 0xDC→0xF8 bit(s) [5]; byte 17: 0x1B→0x27 bit(s) [3, 4, 5]
[14:24:17.634] P-02 rel 0x11/78 B: byte 15: 0xF8→0xEF bit(s) [4]; byte 17: 0x27→0x2A bit(s) [3]
[14:24:17.648] P-02 rel 0x11/78 B: byte 15: 0xEF→0xE3 bit(s) [3]; byte 21: 0x8E→0x68 bit(s) [7]
[14:24:17.663] P-02 rel 0x11/78 B: byte 17: 0x2E→0x30 bit(s) [3, 4]; byte 23: 0x0A→0xF6 bit(s) [7]; byte 24: 0x1A→0x19 bit(s) [0, 1]
[14:24:17.678] P-02 rel 0x11/78 B: byte 15: 0xE7→0xF2 bit(s) [4]; byte 23: 0xF6→0x1E bit(s) [7]; byte 24: 0x19→0x1A bit(s) [0, 1]
[14:24:17.693] P-02 rel 0x11/78 B: byte 15: 0xF2→0x16 bit(s) [5, 6, 7]; byte 16: 0xFF→0x00 bit(s) [0, 1, 2, 3, 4, 5, 6, 7]; byte 17: 0x30→0x2A bit(s) [3, 4]; byte 19: 0xEE→0xF3 bit(s) [4]; byte 21: 0x20→0xF6 bit(s) [7]; byte 22: 0xFA→0xF9 bit(s) [0, 1]; byte 23: 0x1E→0xAA bit(s) [7]
[14:24:17.709] P-02 rel 0x11/78 B: byte 15: 0x16→0x2B bit(s) [3, 4, 5]; byte 17: 0x2A→0x24 bit(s) [3]
[14:24:18.009]      … 18 linha(s) suprimida(s) neste segundo
[14:24:18.009] P-02 rel 0x11/78 B: byte 15: 0x07→0xFC bit(s) [3, 4, 5, 6, 7]; byte 16: 0x00→0xFF bit(s) [0, 1, 2, 3, 4, 5, 6, 7]
[14:24:18.037] P-02 rel 0x11/78 B: byte 15: 0xFC→0xF4 bit(s) [3]; byte 19: 0xF0→0xEF bit(s) [4]; byte 21: 0x72→0xA8 bit(s) [7]
[14:24:18.053] P-02 rel 0x11/78 B: byte 19: 0xEF→0xF5 bit(s) [4]; byte 23: 0x64→0x92 bit(s) [7]
[14:24:18.082] P-02 rel 0x11/78 B: byte 17: 0x10→0x0D bit(s) [3, 4]; byte 23: 0x92→0x6E bit(s) [7]
[14:24:18.098] P-02 rel 0x11/78 B: byte 15: 0xF0→0xF8 bit(s) [3]
[14:24:18.113] P-02 rel 0x11/78 B: byte 15: 0xF8→0x10 bit(s) [3, 5, 6, 7]; byte 16: 0xFF→0x00 bit(s) [0, 1, 2, 3, 4, 5, 6, 7]; byte 17: 0x0A→0x05 bit(s) [3]
[14:24:18.142] P-02 rel 0x11/78 B: byte 15: 0x10→0x1E bit(s) [3]; byte 17: 0x05→0x08 bit(s) [3]
[14:24:18.158] P-02 rel 0x11/78 B: byte 15: 0x1E→0x15 bit(s) [3]; byte 26: 0x0D→0x0C bit(s) [0]
[14:24:18.173] P-02 rel 0x11/78 B: byte 23: 0x2A→0xDA bit(s) [7]; byte 24: 0x1A→0x19 bit(s) [0, 1]; byte 26: 0x0C→0x0D bit(s) [0]
[14:24:18.188] P-02 rel 0x11/78 B: byte 15: 0x10→0x19 bit(s) [3]; byte 23: 0xDA→0x74 bit(s) [7]; byte 24: 0x19→0x1A bit(s) [0, 1]
[14:24:18.203] P-02 rel 0x11/78 B: byte 15: 0x19→0x2A bit(s) [4, 5]; byte 17: 0x0C→0x07 bit(s) [3]
[14:24:18.218] P-02 rel 0x11/78 B: byte 15: 0x2A→0x35 bit(s) [3, 4]; byte 17: 0x07→0xFE bit(s) [3, 4, 5, 6, 7]; byte 18: 0x00→0xFF bit(s) [0, 1, 2, 3, 4, 5, 6, 7]
[14:24:18.233] P-02 rel 0x11/78 B: byte 15: 0x35→0x29 bit(s) [3, 4]; byte 17: 0xFE→0x05 bit(s) [3, 4, 5, 6, 7]; byte 18: 0xFF→0x00 bit(s) [0, 1, 2, 3, 4, 5, 6, 7]
[14:24:18.248] P-02 rel 0x11/78 B: byte 15: 0x29→0x1E bit(s) [4, 5]; byte 23: 0x04→0xF0 bit(s) [7]; byte 24: 0x1A→0x19 bit(s) [0, 1]
[14:24:18.263] P-02 rel 0x11/78 B: byte 15: 0x1E→0x15 bit(s) [3]; byte 17: 0x05→0x08 bit(s) [3]
[14:24:18.278] P-02 rel 0x11/78 B: byte 15: 0x15→0x0D bit(s) [3, 4]; byte 17: 0x08→0x05 bit(s) [3]
[14:24:18.293] P-02 rel 0x11/78 B: byte 15: 0x0D→0x07 bit(s) [3]; byte 23: 0xF0→0x12 bit(s) [7]; byte 24: 0x19→0x1A bit(s) [0, 1]
[14:24:18.308] P-02 rel 0x11/78 B: byte 15: 0x07→0x0C bit(s) [3]; byte 17: 0x06→0x08 bit(s) [3]
[14:24:18.323] P-02 rel 0x11/78 B: byte 15: 0x0C→0x1C bit(s) [4]; byte 17: 0x08→0x07 bit(s) [3]; byte 19: 0xFD→0x01 bit(s) [4, 5, 6, 7]; byte 20: 0xFF→0x00 bit(s) [0, 1, 2, 3, 4, 5, 6, 7]
[14:24:18.338] P-02 rel 0x11/78 B: byte 15: 0x1C→0x2A bit(s) [4, 5]; byte 17: 0x07→0x09 bit(s) [3]
[14:24:18.353] P-02 rel 0x11/78 B: byte 15: 0x2A→0x21 bit(s) [3]; byte 17: 0x09→0x07 bit(s) [3]; byte 23: 0x52→0xFE bit(s) [7]; byte 24: 0x1A→0x19 bit(s) [0, 1]
[14:24:18.368] P-02 rel 0x11/78 B: byte 15: 0x21→0x1B bit(s) [3, 4, 5]
[14:24:18.383] P-02 rel 0x11/78 B: byte 15: 0x1B→0x17 bit(s) [3]; byte 23: 0xA4→0x72 bit(s) [7]
[14:24:18.398] P-02 rel 0x11/78 B: byte 15: 0x17→0x0F bit(s) [3, 4]; byte 19: 0x02→0xFD bit(s) [4, 5, 6, 7]; byte 20: 0x00→0xFF bit(s) [0, 1, 2, 3, 4, 5, 6, 7]; byte 23: 0x72→0xAA bit(s) [7]
[14:24:18.413] P-02 rel 0x11/78 B: byte 15: 0x0F→0x22 bit(s) [3, 5]; byte 17: 0x03→0x13 bit(s) [4]; byte 19: 0xFD→0x09 bit(s) [4, 5, 6, 7]; byte 20: 0xFF→0x00 bit(s) [0, 1, 2, 3, 4, 5, 6, 7]
[14:24:18.428] P-02 rel 0x11/78 B: byte 15: 0x22→0x1C bit(s) [3, 4, 5]; byte 17: 0x13→0x02 bit(s) [4]; byte 21: 0x9A→0x08 bit(s) [7]; byte 22: 0xF9→0xFA bit(s) [0, 1]; byte 23: 0xA4→0x2E bit(s) [7]; byte 24: 0x19→0x1A bit(s) [0, 1]
[14:24:18.443] P-02 rel 0x11/78 B: byte 17: 0x02→0xFD bit(s) [3, 4, 5, 6, 7]; byte 18: 0x00→0xFF bit(s) [0, 1, 2, 3, 4, 5, 6, 7]; byte 21: 0x08→0xC4 bit(s) [7]; byte 22: 0xFA→0xF9 bit(s) [0, 1]; byte 23: 0x2E→0xF4 bit(s) [7]; byte 24: 0x1A→0x19 bit(s) [0, 1]; byte 26: 0x0D→0x0C bit(s) [0]
[14:24:18.458] P-02 rel 0x11/78 B: byte 15: 0x1B→0x17 bit(s) [3]
[14:24:18.473] P-02 rel 0x11/78 B: byte 15: 0x17→0x18 bit(s) [3]; byte 17: 0xFB→0xF7 bit(s) [3]; byte 19: 0x0D→0x13 bit(s) [4]; byte 26: 0x0C→0x0D bit(s) [0]
[14:24:18.488] P-02 rel 0x11/78 B: byte 15: 0x18→0x0C bit(s) [4]
[14:24:18.504] P-02 rel 0x11/78 B: byte 15: 0x0C→0xFD bit(s) [4, 5, 6, 7]; byte 16: 0x00→0xFF bit(s) [0, 1, 2, 3, 4, 5, 6, 7]
[14:24:18.518] P-02 rel 0x11/78 B: byte 15: 0xFD→0xF1 bit(s) [3]; byte 17: 0xF3→0xEC bit(s) [3, 4]
[14:24:18.533] P-02 rel 0x11/78 B: byte 15: 0xF1→0xEC bit(s) [3, 4]; byte 19: 0x1F→0x25 bit(s) [4, 5]
[14:24:18.548] P-02 rel 0x11/78 B: byte 15: 0xEC→0xE2 bit(s) [3]; byte 17: 0xE9→0xE3 bit(s) [3]
[14:24:18.564] P-02 rel 0x11/78 B: byte 15: 0xE2→0xD3 bit(s) [4, 5]; byte 17: 0xE3→0xDF bit(s) [3, 4, 5]; byte 23: 0xE4→0x0A bit(s) [7]; byte 24: 0x19→0x1A bit(s) [0, 1]; byte 26: 0x0D→0x0C bit(s) [0]
[14:24:18.578] P-02 rel 0x11/78 B: byte 15: 0xD3→0xCC bit(s) [3, 4]; byte 17: 0xDF→0xE5 bit(s) [3, 4, 5]; byte 21: 0xF4→0x1E bit(s) [7]; byte 22: 0xF9→0xFA bit(s) [0, 1]; byte 23: 0x0A→0xE2 bit(s) [7]; byte 24: 0x1A→0x19 bit(s) [0, 1]
[14:24:18.593] P-02 rel 0x11/78 B: byte 15: 0xCC→0xDC bit(s) [4]; byte 21: 0x1E→0xE2 bit(s) [7]; byte 22: 0xFA→0xF9 bit(s) [0, 1]; byte 26: 0x0C→0x0D bit(s) [0]
[14:24:18.609] P-02 rel 0x11/78 B: byte 15: 0xDC→0xF1 bit(s) [3, 5]
[14:24:18.624] P-02 rel 0x11/78 B: byte 15: 0xF1→0xF8 bit(s) [3]; byte 19: 0x21→0x1E bit(s) [4, 5]
[14:24:18.639] P-02 rel 0x11/78 B: byte 15: 0xF8→0xF7 bit(s) [3]; byte 17: 0xE2→0xDC bit(s) [3, 4, 5]; byte 23: 0xD4→0x0C bit(s) [7]; byte 24: 0x19→0x1A bit(s) [0, 1]
[14:24:19.013]      … 18 linha(s) suprimida(s) neste segundo
[14:24:19.013] P-02 rel 0x11/78 B: byte 15: 0x2A→0x24 bit(s) [3]; byte 17: 0x0D→0x10 bit(s) [3, 4]; byte 19: 0xEE→0xF0 bit(s) [4]
[14:24:19.028] P-02 rel 0x11/78 B: byte 15: 0x24→0x1D bit(s) [3, 4, 5]; byte 17: 0x10→0x0F bit(s) [3, 4]
[14:24:19.043] P-02 rel 0x11/78 B: byte 15: 0x1D→0x0B bit(s) [4]
[14:24:19.058] P-02 rel 0x11/78 B: byte 15: 0x0B→0xFC bit(s) [4, 5, 6, 7]; byte 16: 0x00→0xFF bit(s) [0, 1, 2, 3, 4, 5, 6, 7]; byte 17: 0x0B→0x04 bit(s) [3]; byte 19: 0xFF→0x02 bit(s) [4, 5, 6, 7]; byte 20: 0xFF→0x00 bit(s) [0, 1, 2, 3, 4, 5, 6, 7]
[14:24:19.073] P-02 rel 0x11/78 B: byte 15: 0xFC→0xF0 bit(s) [3]
[14:24:19.088] P-02 rel 0x11/78 B: byte 15: 0xF0→0xEA bit(s) [3, 4]
[14:24:19.132] P-02 rel 0x11/78 B: byte 15: 0xEA→0xE0 bit(s) [3]
[14:24:19.148] P-02 rel 0x11/78 B: byte 15: 0xE0→0xDD bit(s) [3, 4, 5]
[14:24:19.163] P-02 rel 0x11/78 B: byte 15: 0xDD→0xFC bit(s) [5]; byte 17: 0x04→0x0B bit(s) [3]; byte 19: 0x07→0x11 bit(s) [4]
[14:24:19.178] P-02 rel 0x11/78 B: byte 15: 0xFC→0xED bit(s) [4]; byte 19: 0x11→0x0F bit(s) [4]
[14:24:19.193] P-02 rel 0x11/78 B: byte 15: 0xED→0xDD bit(s) [4, 5]
[14:24:19.208] P-02 rel 0x11/78 B: byte 15: 0xDD→0xD5 bit(s) [3]
[14:24:19.253] P-02 rel 0x11/78 B: byte 15: 0xD1→0xC7 bit(s) [4]; byte 19: 0x0F→0x11 bit(s) [4]
[14:24:19.268] P-02 rel 0x11/78 B: byte 15: 0xC7→0xBB bit(s) [3, 4, 5, 6]
[14:24:19.298] P-02 rel 0x11/78 B: byte 15: 0xBA→0xC0 bit(s) [3, 4, 5, 6]
[14:24:19.313] P-02 rel 0x11/78 B: byte 23: 0x76→0x8E bit(s) [7]
[14:24:19.329] P-02 rel 0x11/78 B: byte 17: 0x08→0x06 bit(s) [3]
[14:24:19.358] P-02 rel 0x11/78 B: byte 15: 0xC7→0xD2 bit(s) [4]
[14:24:19.373] P-02 rel 0x11/78 B: byte 15: 0xD2→0xCF bit(s) [3, 4]; byte 19: 0x10→0x0A bit(s) [4]; byte 23: 0x8A→0x74 bit(s) [7]
[14:24:19.388] P-02 rel 0x11/78 B: byte 15: 0xCF→0xD1 bit(s) [3, 4]
[14:24:19.403] P-02 rel 0x11/78 B: byte 15: 0xD1→0xCD bit(s) [3, 4]; byte 17: 0x06→0x0B bit(s) [3]; byte 19: 0x03→0xFB bit(s) [4, 5, 6, 7]; byte 20: 0x00→0xFF bit(s) [0, 1, 2, 3, 4, 5, 6, 7]; byte 23: 0x70→0x82 bit(s) [7]
[14:24:19.418] P-02 rel 0x11/78 B: byte 15: 0xCD→0xC2 bit(s) [3]
[14:24:19.433] P-02 rel 0x11/78 B: byte 15: 0xC2→0xAF bit(s) [3, 5, 6]; byte 17: 0x0D→0x10 bit(s) [3, 4]
[14:24:19.463] P-02 rel 0x11/78 B: byte 15: 0xAE→0xA5 bit(s) [3]; byte 19: 0xF4→0xEE bit(s) [4]
[14:24:19.478] P-02 rel 0x11/78 B: byte 15: 0xA5→0xAD bit(s) [3]; byte 17: 0x10→0x0C bit(s) [3, 4]; byte 19: 0xEE→0xF6 bit(s) [4]; byte 26: 0x0C→0x0D bit(s) [0]
[14:24:19.493] P-02 rel 0x11/78 B: byte 15: 0xAD→0xB4 bit(s) [3, 4]; byte 17: 0x0C→0x07 bit(s) [3]
[14:24:19.508] P-02 rel 0x11/78 B: byte 15: 0xB4→0xB8 bit(s) [3]; byte 17: 0x07→0x0A bit(s) [3]; byte 19: 0xFE→0x04 bit(s) [4, 5, 6, 7]; byte 20: 0xFF→0x00 bit(s) [0, 1, 2, 3, 4, 5, 6, 7]
[14:24:19.524] P-02 rel 0x11/78 B: byte 15: 0xB8→0xB3 bit(s) [3]; byte 17: 0x0A→0x01 bit(s) [3]
[14:24:19.538] P-02 rel 0x11/78 B: byte 26: 0x0D→0x0C bit(s) [0]
[14:24:19.553] P-02 rel 0x11/78 B: byte 15: 0xB6→0xBB bit(s) [3]
[14:24:19.568] P-02 rel 0x11/78 B: byte 17: 0x03→0xFF bit(s) [3, 4, 5, 6, 7]; byte 18: 0x00→0xFF bit(s) [0, 1, 2, 3, 4, 5, 6, 7]; byte 26: 0x0C→0x0D bit(s) [0]
[14:24:19.583] P-02 rel 0x11/78 B: byte 15: 0xB8→0xD4 bit(s) [3, 5, 6]; byte 17: 0xFF→0xF2 bit(s) [3]; byte 23: 0xEC→0x1C bit(s) [7]; byte 24: 0x19→0x1A bit(s) [0, 1]
[14:24:19.598] P-02 rel 0x11/78 B: byte 15: 0xD4→0xE7 bit(s) [4, 5]; byte 23: 0x1C→0xE8 bit(s) [7]; byte 24: 0x1A→0x19 bit(s) [0, 1]; byte 26: 0x0D→0x0C bit(s) [0]
[14:24:19.613] P-02 rel 0x11/78 B: byte 15: 0xE7→0xEF bit(s) [3]; byte 23: 0xE8→0x20 bit(s) [7]; byte 24: 0x19→0x1A bit(s) [0, 1]; byte 26: 0x0C→0x0D bit(s) [0]
[14:24:19.628] P-02 rel 0x11/78 B: byte 15: 0xEF→0xFF bit(s) [4]
[14:24:19.644] P-02 rel 0x11/78 B: byte 15: 0xFF→0x0F bit(s) [4, 5, 6, 7]; byte 16: 0xFF→0x00 bit(s) [0, 1, 2, 3, 4, 5, 6, 7]
[14:24:19.659] P-02 rel 0x11/78 B: byte 15: 0x0F→0x25 bit(s) [3, 5]; byte 17: 0xF0→0xEE bit(s) [3, 4]; byte 23: 0x0A→0xF2 bit(s) [7]; byte 24: 0x1A→0x19 bit(s) [0, 1]
[14:24:19.673] P-02 rel 0x11/78 B: byte 15: 0x25→0x2F bit(s) [3]; byte 17: 0xEE→0xF1 bit(s) [3, 4]; byte 19: 0x05→0xFD bit(s) [4, 5, 6, 7]; byte 20: 0x00→0xFF bit(s) [0, 1, 2, 3, 4, 5, 6, 7]; byte 26: 0x0D→0x0C bit(s) [0]
[14:24:19.688] P-02 rel 0x11/78 B: byte 15: 0x2F→0x36 bit(s) [3, 4]
[14:24:19.703] P-02 rel 0x11/78 B: byte 15: 0x36→0x2F bit(s) [3, 4]; byte 17: 0xF5→0xF9 bit(s) [3]
[14:24:20.003]      … 18 linha(s) suprimida(s) neste segundo
[14:24:20.003] P-02 rel 0x11/78 B: byte 15: 0x69→0x93 bit(s) [3, 4, 5, 6, 7]; byte 17: 0x16→0x31 bit(s) [5]; byte 19: 0x3B→0x4D bit(s) [4, 5, 6]; byte 21: 0xEC→0x7C bit(s) [7]
[14:24:20.019] P-02 rel 0x11/78 B: byte 15: 0x93→0xCA bit(s) [3, 4, 6]; byte 17: 0x31→0x49 bit(s) [3, 4, 5, 6]; byte 19: 0x4D→0x65 bit(s) [5]; byte 21: 0x7C→0xD2 bit(s) [7]; byte 26: 0x0C→0x0D bit(s) [0]
[14:24:20.034] P-02 rel 0x11/78 B: byte 17: 0x49→0x3E bit(s) [4, 5, 6]; byte 21: 0xD2→0x14 bit(s) [7]; byte 22: 0xF9→0xFA bit(s) [0, 1]; byte 23: 0xBE→0x7C bit(s) [7]; byte 26: 0x0D→0x0C bit(s) [0]
[14:24:20.049] P-02 rel 0x11/78 B: byte 15: 0xCF→0xB3 bit(s) [3, 4, 5, 6]; byte 17: 0x3E→0x33 bit(s) [3]; byte 19: 0x6B→0x70 bit(s) [4]
[14:24:20.064] P-02 rel 0x11/78 B: byte 15: 0xB3→0xA7 bit(s) [4]; byte 17: 0x33→0x22 bit(s) [4]; byte 21: 0x1A→0xD2 bit(s) [7]; byte 22: 0xFA→0xF9 bit(s) [0, 1]; byte 23: 0x54→0xD6 bit(s) [7]; byte 24: 0x19→0x18 bit(s) [0]; byte 26: 0x0C→0x0B bit(s) [0]
[14:24:20.078] P-02 rel 0x11/78 B: byte 15: 0xA7→0x6F bit(s) [3, 6, 7]
[14:24:20.093] P-02 rel 0x11/78 B: byte 15: 0x6F→0x47 bit(s) [3, 5]; byte 21: 0xE0→0x6C bit(s) [7]; byte 22: 0xF9→0xFA bit(s) [0, 1]
[14:24:20.122] P-02 rel 0x11/78 B: byte 15: 0x47→0x33 bit(s) [4, 5, 6]; byte 17: 0x20→0x19 bit(s) [3, 4, 5]
[14:24:20.138] P-02 rel 0x11/78 B: byte 17: 0x19→0x15 bit(s) [3]; byte 21: 0x7A→0x82 bit(s) [7]
[14:24:20.167] P-02 rel 0x11/78 B: byte 17: 0x15→0x0E bit(s) [3, 4]; byte 19: 0x70→0x6A bit(s) [4]; byte 23: 0xF4→0x26 bit(s) [7]; byte 24: 0x18→0x19 bit(s) [0]
[14:24:20.184] P-02 rel 0x11/78 B: byte 15: 0x32→0x26 bit(s) [4]; byte 19: 0x6A→0x71 bit(s) [4]
[14:24:20.198] P-02 rel 0x11/78 B: byte 15: 0x26→0xF5 bit(s) [4, 6, 7]; byte 16: 0x00→0xFF bit(s) [0, 1, 2, 3, 4, 5, 6, 7]; byte 23: 0x1E→0xC2 bit(s) [7]; byte 24: 0x19→0x18 bit(s) [0]
[14:24:20.213] P-02 rel 0x11/78 B: byte 15: 0xF5→0xE8 bit(s) [3, 4]
[14:24:20.257] P-02 rel 0x11/78 B: byte 15: 0xE8→0xE2 bit(s) [3]; byte 19: 0x79→0x81 bit(s) [4, 5, 6, 7]; byte 23: 0xAC→0x08 bit(s) [7]; byte 24: 0x18→0x19 bit(s) [0]
[14:24:20.273] P-02 rel 0x11/78 B: byte 17: 0x0E→0x17 bit(s) [3, 4]; byte 19: 0x81→0x99 bit(s) [4]
[14:24:20.288] P-02 rel 0x11/78 B: byte 15: 0xE3→0xDB bit(s) [3, 4, 5]; byte 17: 0x17→0x19 bit(s) [3]; byte 19: 0x99→0xB7 bit(s) [5]; byte 23: 0x38→0xDE bit(s) [7]; byte 24: 0x19→0x18 bit(s) [0]
[14:24:20.303] P-02 rel 0x11/78 B: byte 15: 0xDB→0xC5 bit(s) [3, 4]; byte 19: 0xB7→0xEA bit(s) [4, 6]; byte 21: 0xA8→0x0A bit(s) [7]; byte 22: 0xFA→0xFB bit(s) [0]; byte 23: 0xDE→0x3A bit(s) [7]; byte 24: 0x18→0x19 bit(s) [0]; byte 26: 0x0B→0x0C bit(s) [0]
[14:24:20.319] P-02 rel 0x11/78 B: byte 15: 0xC5→0xF6 bit(s) [4, 5]; byte 19: 0xEA→0xFD bit(s) [4]; byte 23: 0x3A→0x90 bit(s) [7]; byte 26: 0x0C→0x0B bit(s) [0]
[14:24:20.334] P-02 rel 0x11/78 B: byte 15: 0xF6→0x41 bit(s) [4, 5, 7]; byte 16: 0xFF→0x00 bit(s) [0, 1, 2, 3, 4, 5, 6, 7]; byte 17: 0x19→0x23 bit(s) [3, 4, 5]; byte 19: 0xFD→0x0F bit(s) [4, 5, 6, 7]; byte 20: 0x00→0x01 bit(s) [0]; byte 21: 0x72→0xD0 bit(s) [7]; byte 26: 0x0B→0x0C bit(s) [0]
[14:24:20.349] P-02 rel 0x11/78 B: byte 15: 0x41→0x69 bit(s) [3, 5]; byte 17: 0x23→0x28 bit(s) [3]; byte 19: 0x0F→0x1B bit(s) [4]
[14:24:20.363] P-02 rel 0x11/78 B: byte 15: 0x69→0x83 bit(s) [3, 5, 6, 7]; byte 17: 0x28→0x30 bit(s) [3, 4]; byte 19: 0x1B→0x28 bit(s) [4, 5]; byte 21: 0xDE→0x6C bit(s) [7]; byte 22: 0xFB→0xFC bit(s) [0, 1, 2]; byte 23: 0xA2→0x70 bit(s) [7]; byte 26: 0x0C→0x0B bit(s) [0]
[14:24:20.378] P-02 rel 0x11/78 B: byte 15: 0x83→0xA6 bit(s) [5]; byte 17: 0x30→0x39 bit(s) [3]; byte 19: 0x28→0x36 bit(s) [4]; byte 26: 0x0B→0x0C bit(s) [0]
[14:24:20.393] P-02 rel 0x11/78 B: byte 15: 0xA6→0x16 bit(s) [4, 5, 7]; byte 16: 0x00→0x01 bit(s) [0]; byte 17: 0x39→0x37 bit(s) [3]; byte 19: 0x36→0x4D bit(s) [4, 5, 6]; byte 22: 0xFC→0xFD bit(s) [0]
[14:24:20.408] P-02 rel 0x11/78 B: byte 15: 0x16→0x43 bit(s) [4, 6]; byte 17: 0x37→0x3B bit(s) [3]; byte 21: 0x2C→0xE0 bit(s) [7]; byte 22: 0xFD→0xFC bit(s) [0]
[14:24:20.424] P-02 rel 0x11/78 B: byte 15: 0x43→0x5E bit(s) [3, 4]; byte 17: 0x3B→0x56 bit(s) [3, 5, 6]; byte 21: 0xE0→0x04 bit(s) [7]; byte 22: 0xFC→0xFD bit(s) [0]; byte 23: 0x38→0x92 bit(s) [7]
[14:24:20.438] P-02 rel 0x11/78 B: byte 17: 0x56→0x74 bit(s) [5]; byte 19: 0x49→0x53 bit(s) [4]; byte 21: 0x04→0xF0 bit(s) [7]; byte 22: 0xFD→0xFC bit(s) [0]; byte 24: 0x19→0x18 bit(s) [0]
[14:24:20.453] P-02 rel 0x11/78 B: byte 15: 0x5B→0x34 bit(s) [3, 5, 6]; byte 21: 0xF0→0x34 bit(s) [7]; byte 22: 0xFC→0xFD bit(s) [0]; byte 23: 0xC4→0x50 bit(s) [7]; byte 26: 0x0A→0x0B bit(s) [0]
[14:24:20.468] P-02 rel 0x11/78 B: byte 15: 0x34→0x25 bit(s) [4]; byte 23: 0x50→0xB0 bit(s) [7]
[14:24:20.483] P-02 rel 0x11/78 B: byte 15: 0x25→0xFE bit(s) [3, 4, 6, 7]; byte 16: 0x01→0x00 bit(s) [0]; byte 17: 0x76→0x6B bit(s) [3, 4]; byte 19: 0x56→0x4F bit(s) [4]; byte 23: 0xB0→0x7C bit(s) [7]
[14:24:20.498] P-02 rel 0x11/78 B: byte 15: 0xFE→0xA5 bit(s) [3, 4, 6]; byte 17: 0x6B→0x55 bit(s) [3, 4, 5]; byte 21: 0x6A→0x90 bit(s) [7]; byte 23: 0x7C→0xF2 bit(s) [7]; byte 26: 0x0B→0x0A bit(s) [0]
[14:24:20.513] P-02 rel 0x11/78 B: byte 15: 0xA5→0x51 bit(s) [4, 5, 6, 7]; byte 17: 0x55→0x38 bit(s) [3, 5, 6]; byte 19: 0x44→0x31 bit(s) [4, 5, 6]
[14:24:20.528] P-02 rel 0x11/78 B: byte 15: 0x51→0x3A bit(s) [3, 5, 6]; byte 17: 0x38→0x33 bit(s) [3]; byte 19: 0x31→0x1D bit(s) [5]
[14:24:20.543] P-02 rel 0x11/78 B: byte 15: 0x3A→0x20 bit(s) [3, 4]; byte 17: 0x33→0x2A bit(s) [3, 4]; byte 19: 0x1D→0xEF bit(s) [4, 5, 6, 7]; byte 20: 0x01→0x00 bit(s) [0]; byte 21: 0x96→0x4E bit(s) [7]; byte 22: 0xFD→0xFE bit(s) [0, 1]; byte 23: 0x8C→0x24 bit(s) [7]
[14:24:20.558] P-02 rel 0x11/78 B: byte 19: 0xEF→0xAF bit(s) [6]; byte 22: 0xFE→0xFF bit(s) [0]; byte 24: 0x18→0x17 bit(s) [0, 1, 2, 3]; byte 26: 0x0A→0x09 bit(s) [0]
[14:24:20.573] P-02 rel 0x11/78 B: byte 15: 0x21→0x39 bit(s) [3, 4]; byte 17: 0x2B→0x48 bit(s) [5, 6]; byte 19: 0xAF→0x60 bit(s) [6, 7]; byte 23: 0x18→0xAA bit(s) [7]
[14:24:20.588] P-02 rel 0x11/78 B: byte 15: 0x39→0xFD bit(s) [6, 7]; byte 16: 0x00→0xFF bit(s) [0, 1, 2, 3, 4, 5, 6, 7]; byte 17: 0x48→0x5A bit(s) [4]; byte 19: 0x60→0x34 bit(s) [4, 6]; byte 23: 0xAA→0x2E bit(s) [7]; byte 24: 0x17→0x18 bit(s) [0, 1, 2, 3]
[14:24:20.603] P-02 rel 0x11/78 B: byte 15: 0xFD→0xD1 bit(s) [3, 5]; byte 17: 0x5A→0x7A bit(s) [5]; byte 19: 0x34→0xEC bit(s) [4, 6, 7]; byte 20: 0x00→0xFF bit(s) [0, 1, 2, 3, 4, 5, 6, 7]; byte 22: 0xFF→0x00 bit(s) [0, 1, 2, 3, 4, 5, 6, 7]; byte 23: 0x2E→0xA0 bit(s) [7]
[14:24:20.619] P-02 rel 0x11/78 B: byte 17: 0x7A→0x95 bit(s) [3, 5, 6, 7]; byte 19: 0xEC→0xAF bit(s) [6]; byte 22: 0x00→0x01 bit(s) [0]; byte 23: 0xA0→0x74 bit(s) [7]
[14:24:20.634] P-02 rel 0x11/78 B: byte 15: 0xD6→0x37 bit(s) [5, 6, 7]; byte 16: 0xFF→0x00 bit(s) [0, 1, 2, 3, 4, 5, 6, 7]; byte 17: 0x95→0xC5 bit(s) [4, 6]; byte 19: 0xAF→0x58 bit(s) [4, 5, 6, 7]; byte 21: 0x30→0xD2 bit(s) [7]; byte 23: 0x74→0xE0 bit(s) [7]; byte 24: 0x18→0x16 bit(s) [1, 2, 3]
[14:24:20.649] P-02 rel 0x11/78 B: byte 15: 0x37→0xDF bit(s) [3, 5, 6, 7]; byte 17: 0xC5→0xE3 bit(s) [5]; byte 19: 0x58→0xF8 bit(s) [5, 7]; byte 20: 0xFF→0xFE bit(s) [0]; byte 23: 0xE0→0x7A bit(s) [7]; byte 26: 0x09→0x0A bit(s) [0]
[14:24:21.008]      … 19 linha(s) suprimida(s) neste segundo
[14:24:21.008] P-02 rel 0x11/78 B: byte 15: 0xB3→0x1E bit(s) [3, 5, 7]; byte 16: 0xFE→0xFF bit(s) [0]; byte 17: 0x32→0xD0 bit(s) [5, 6, 7]; byte 18: 0x00→0xFF bit(s) [0, 1, 2, 3, 4, 5, 6, 7]; byte 19: 0x7B→0x6F bit(s) [4]; byte 21: 0xCE→0x60 bit(s) [7]; byte 22: 0x06→0x07 bit(s) [0]; byte 23: 0x56→0xEE bit(s) [7]
[14:24:21.037] P-02 rel 0x11/78 B: byte 15: 0x1E→0x9A bit(s) [7]; byte 17: 0xD0→0xAA bit(s) [3, 4, 5, 6]
[14:24:21.053] P-02 rel 0x11/78 B: byte 15: 0x9A→0xC9 bit(s) [4, 6]; byte 17: 0xAA→0xB6 bit(s) [3, 4]; byte 19: 0x68→0x56 bit(s) [4, 5]; byte 21: 0x64→0xB4 bit(s) [7]; byte 22: 0x07→0x06 bit(s) [0]; byte 23: 0xEC→0x24 bit(s) [7]; byte 26: 0x05→0x06 bit(s) [0]
[14:24:21.068] P-02 rel 0x11/78 B: byte 15: 0xC9→0xB8 bit(s) [4, 5, 6]; byte 17: 0xB6→0xDE bit(s) [3, 5, 6]; byte 19: 0x56→0x2D bit(s) [4, 5, 6]; byte 21: 0xB4→0x6A bit(s) [7]; byte 22: 0x06→0x05 bit(s) [0, 1]
[14:24:21.083] P-02 rel 0x11/78 B: byte 15: 0xB8→0x76 bit(s) [3, 6, 7]; byte 17: 0xDE→0x1E bit(s) [6, 7]; byte 18: 0xFF→0x00 bit(s) [0, 1, 2, 3, 4, 5, 6, 7]; byte 19: 0x2D→0xCD bit(s) [5, 6, 7]; byte 20: 0x00→0xFF bit(s) [0, 1, 2, 3, 4, 5, 6, 7]; byte 22: 0x05→0x03 bit(s) [1, 2]; byte 23: 0x20→0xCA bit(s) [7]; byte 26: 0x06→0x07 bit(s) [0]
[14:24:21.098] P-02 rel 0x11/78 B: byte 15: 0x76→0x57 bit(s) [5]; byte 17: 0x1E→0x34 bit(s) [3, 5]; byte 19: 0xCD→0xA5 bit(s) [5, 6]; byte 21: 0x40→0xAC bit(s) [7]; byte 22: 0x03→0x02 bit(s) [0]; byte 24: 0x13→0x14 bit(s) [0, 1, 2]
[14:24:21.113] P-02 rel 0x11/78 B: byte 15: 0x57→0x6C bit(s) [3, 4, 5]; byte 17: 0x34→0x48 bit(s) [3, 4, 5, 6]; byte 22: 0x02→0x01 bit(s) [0, 1]; byte 24: 0x14→0x15 bit(s) [0]
[14:24:21.128] P-02 rel 0x11/78 B: byte 15: 0x6C→0x96 bit(s) [3, 4, 5, 6, 7]; byte 17: 0x48→0x56 bit(s) [3, 4]; byte 23: 0xB6→0x26 bit(s) [7]; byte 24: 0x15→0x16 bit(s) [0, 1]
[14:24:21.143] P-02 rel 0x11/78 B: byte 15: 0x96→0xE9 bit(s) [3, 4, 5, 6]; byte 17: 0x56→0x5C bit(s) [3]; byte 19: 0xAF→0xCB bit(s) [5, 6]
[14:24:21.158] P-02 rel 0x11/78 B: byte 15: 0xE9→0x3C bit(s) [4, 6, 7]; byte 16: 0xFF→0x00 bit(s) [0, 1, 2, 3, 4, 5, 6, 7]; byte 17: 0x5C→0x55 bit(s) [3]; byte 19: 0xCB→0xDD bit(s) [4]; byte 23: 0x78→0xB4 bit(s) [7]; byte 24: 0x16→0x15 bit(s) [0, 1]; byte 26: 0x07→0x08 bit(s) [0]
[14:24:21.173] P-02 rel 0x11/78 B: byte 15: 0x3C→0x60 bit(s) [3, 4, 6]; byte 17: 0x55→0x3F bit(s) [3, 5, 6]; byte 19: 0xDD→0xE9 bit(s) [4, 5]; byte 21: 0xC8→0x5E bit(s) [7]; byte 22: 0x01→0x02 bit(s) [0, 1]; byte 23: 0xB4→0x48 bit(s) [7]
[14:24:21.217] P-02 rel 0x11/78 B: byte 15: 0x60→0x5B bit(s) [3, 4, 5]; byte 17: 0x3F→0x2B bit(s) [4]; byte 19: 0xE9→0xF3 bit(s) [4]; byte 23: 0x48→0xF4 bit(s) [7]; byte 24: 0x15→0x14 bit(s) [0]; byte 26: 0x08→0x07 bit(s) [0]
[14:24:21.233] P-02 rel 0x11/78 B: byte 15: 0x5B→0x4B bit(s) [4]; byte 17: 0x2B→0x15 bit(s) [3, 4, 5]; byte 21: 0x4E→0x90 bit(s) [7]; byte 23: 0xF4→0x5A bit(s) [7]
[14:24:21.248] P-02 rel 0x11/78 B: byte 15: 0x4B→0x1E bit(s) [4, 6]; byte 17: 0x15→0x04 bit(s) [4]; byte 19: 0xFE→0x07 bit(s) [4, 5, 6, 7]; byte 20: 0xFF→0x00 bit(s) [0, 1, 2, 3, 4, 5, 6, 7]
[14:24:21.263] P-02 rel 0x11/78 B: byte 15: 0x1E→0xAC bit(s) [4, 5, 7]; byte 16: 0x00→0xFF bit(s) [0, 1, 2, 3, 4, 5, 6, 7]; byte 17: 0x04→0xF5 bit(s) [4, 5, 6, 7]; byte 18: 0x00→0xFF bit(s) [0, 1, 2, 3, 4, 5, 6, 7]; byte 19: 0x07→0xF2 bit(s) [4, 5, 6, 7]; byte 20: 0x00→0xFF bit(s) [0, 1, 2, 3, 4, 5, 6, 7]; byte 22: 0x02→0x03 bit(s) [0]
[14:24:21.278] P-02 rel 0x11/78 B: byte 15: 0xAC→0x9A bit(s) [4, 5]; byte 17: 0xF5→0xF9 bit(s) [3]; byte 21: 0x9A→0x4C bit(s) [7]; byte 23: 0x38→0xA6 bit(s) [7]
[14:24:21.293] P-02 rel 0x11/78 B: byte 15: 0x9A→0xA2 bit(s) [3, 4, 5]; byte 21: 0x4C→0xD8 bit(s) [7]; byte 22: 0x03→0x02 bit(s) [0]
[14:24:21.308] P-02 rel 0x11/78 B: byte 17: 0xF8→0xF6 bit(s) [3]; byte 21: 0xD8→0x7C bit(s) [7]
[14:24:21.323] P-02 rel 0x11/78 B: byte 15: 0xA6→0xB6 bit(s) [4]
[14:24:21.338] P-02 rel 0x11/78 B: byte 15: 0xB6→0xBB bit(s) [3]; byte 17: 0xF7→0xFA bit(s) [3]; byte 19: 0xF0→0xEC bit(s) [4]; byte 21: 0x38→0xDC bit(s) [7]; byte 22: 0x02→0x01 bit(s) [0, 1]; byte 23: 0xBA→0x12 bit(s) [7]; byte 24: 0x14→0x15 bit(s) [0]
[14:24:21.353] P-02 rel 0x11/78 B: byte 15: 0xBB→0xC3 bit(s) [3, 4, 5, 6]; byte 23: 0x12→0xF6 bit(s) [7]; byte 24: 0x15→0x14 bit(s) [0]
[14:24:21.368] P-02 rel 0x11/78 B: byte 15: 0xC3→0xCC bit(s) [3]; byte 23: 0xF6→0x4A bit(s) [7]; byte 24: 0x14→0x15 bit(s) [0]
[14:24:21.383] P-02 rel 0x11/78 B: byte 15: 0xCC→0xE3 bit(s) [3, 5]
[14:24:21.398] P-02 rel 0x11/78 B: byte 15: 0xE3→0xFD bit(s) [3, 4]; byte 19: 0xEF→0xF3 bit(s) [4]
[14:24:21.413] P-02 rel 0x11/78 B: byte 15: 0xFD→0x0B bit(s) [4, 5, 6, 7]; byte 16: 0xFF→0x00 bit(s) [0, 1, 2, 3, 4, 5, 6, 7]; byte 17: 0xFD→0x00 bit(s) [3, 4, 5, 6, 7]; byte 18: 0xFF→0x00 bit(s) [0, 1, 2, 3, 4, 5, 6, 7]; byte 21: 0xFE→0x3C bit(s) [7]; byte 22: 0x01→0x02 bit(s) [0, 1]; byte 23: 0x3A→0xD4 bit(s) [7]; byte 24: 0x15→0x14 bit(s) [0]
[14:24:21.428] P-02 rel 0x11/78 B: byte 15: 0x0B→0x06 bit(s) [3]
[14:24:21.443] P-02 rel 0x11/78 B: byte 15: 0x06→0xF7 bit(s) [4, 5, 6, 7]; byte 16: 0x00→0xFF bit(s) [0, 1, 2, 3, 4, 5, 6, 7]; byte 17: 0x00→0xFF bit(s) [3, 4, 5, 6, 7]; byte 18: 0x00→0xFF bit(s) [0, 1, 2, 3, 4, 5, 6, 7]
[14:24:21.458] P-02 rel 0x11/78 B: byte 15: 0xF7→0xEF bit(s) [3, 4]; byte 21: 0x02→0xEA bit(s) [7]; byte 22: 0x02→0x01 bit(s) [0, 1]
[14:24:21.474] P-02 rel 0x11/78 B: byte 15: 0xEF→0xE7 bit(s) [3]; byte 17: 0xF9→0xF5 bit(s) [3]; byte 19: 0xFD→0x08 bit(s) [4, 5, 6, 7]; byte 20: 0xFF→0x00 bit(s) [0, 1, 2, 3, 4, 5, 6, 7]; byte 21: 0xEA→0x06 bit(s) [7]; byte 22: 0x01→0x02 bit(s) [0, 1]
[14:24:21.502] P-02 rel 0x11/78 B: byte 21: 0x06→0xF4 bit(s) [7]; byte 22: 0x02→0x01 bit(s) [0, 1]
[14:24:21.519] P-02 rel 0x11/78 B: byte 15: 0xE1→0xDB bit(s) [3, 4, 5]; byte 19: 0x09→0x14 bit(s) [4]; byte 21: 0xF4→0x20 bit(s) [7]; byte 22: 0x01→0x02 bit(s) [0, 1]
[14:24:21.534] P-02 rel 0x11/78 B: byte 17: 0xF4→0xED bit(s) [3, 4]
[14:24:21.549] P-02 rel 0x11/78 B: byte 15: 0xDD→0xBE bit(s) [5, 6]
[14:24:21.563] P-02 rel 0x11/78 B: byte 15: 0xBE→0xA9 bit(s) [4]; byte 17: 0xEC→0xF7 bit(s) [3, 4]; byte 19: 0x13→0x0A bit(s) [4]
[14:24:21.579] P-02 rel 0x11/78 B: byte 17: 0xF7→0xFF bit(s) [3]; byte 19: 0x0A→0xFD bit(s) [4, 5, 6, 7]; byte 20: 0x00→0xFF bit(s) [0, 1, 2, 3, 4, 5, 6, 7]; byte 23: 0xDE→0x44 bit(s) [7]; byte 24: 0x14→0x15 bit(s) [0]
[14:24:21.593] P-02 rel 0x11/78 B: byte 15: 0xAE→0xD3 bit(s) [3, 4, 5, 6]; byte 17: 0xFF→0x09 bit(s) [4, 5, 6, 7]; byte 18: 0xFF→0x00 bit(s) [0, 1, 2, 3, 4, 5, 6, 7]
[14:24:21.608] P-02 rel 0x11/78 B: byte 15: 0xD3→0xFB bit(s) [3, 5]; byte 26: 0x07→0x08 bit(s) [0]
[14:24:21.623] P-02 rel 0x11/78 B: byte 15: 0xFB→0x28 bit(s) [4, 6, 7]; byte 16: 0xFF→0x00 bit(s) [0, 1, 2, 3, 4, 5, 6, 7]; byte 17: 0x0E→0x16 bit(s) [3, 4]; byte 19: 0xFC→0x09 bit(s) [4, 5, 6, 7]; byte 20: 0xFF→0x00 bit(s) [0, 1, 2, 3, 4, 5, 6, 7]; byte 21: 0x06→0xD2 bit(s) [7]; byte 22: 0x02→0x01 bit(s) [0, 1]; byte 23: 0x5E→0xFC bit(s) [7]; byte 24: 0x15→0x14 bit(s) [0]
[14:24:21.638] P-02 rel 0x11/78 B: byte 15: 0x28→0x26 bit(s) [3]; byte 17: 0x16→0x1D bit(s) [3]; byte 19: 0x09→0x15 bit(s) [4]; byte 26: 0x08→0x07 bit(s) [0]
[14:24:21.653] P-02 rel 0x11/78 B: byte 15: 0x26→0x0C bit(s) [3, 5]; byte 21: 0xB2→0x06 bit(s) [7]; byte 22: 0x01→0x02 bit(s) [0, 1]; byte 23: 0xDA→0x0E bit(s) [7]; byte 24: 0x14→0x15 bit(s) [0]
[14:24:22.027]      … 19 linha(s) suprimida(s) neste segundo
[14:24:22.027] P-02 rel 0x11/78 B: byte 15: 0x19→0xFD bit(s) [5, 6, 7]; byte 16: 0x00→0xFF bit(s) [0, 1, 2, 3, 4, 5, 6, 7]; byte 23: 0x72→0xA4 bit(s) [7]
[14:24:22.044] P-02 rel 0x11/78 B: byte 15: 0xFD→0xE2 bit(s) [3, 4]; byte 21: 0x54→0xB6 bit(s) [7]
[14:24:22.058] P-02 rel 0x11/78 B: byte 15: 0xE2→0xC7 bit(s) [5]
[14:24:22.073] P-02 rel 0x11/78 B: byte 15: 0xC7→0xA5 bit(s) [5, 6]; byte 17: 0x16→0x0A bit(s) [3, 4]; byte 19: 0x0F→0xF7 bit(s) [4, 5, 6, 7]; byte 20: 0x00→0xFF bit(s) [0, 1, 2, 3, 4, 5, 6, 7]; byte 21: 0xC0→0x76 bit(s) [7]; byte 23: 0xDE→0x12 bit(s) [7]; byte 24: 0x14→0x15 bit(s) [0]
[14:24:22.088] P-02 rel 0x11/78 B: byte 15: 0xA5→0xBB bit(s) [3, 4]; byte 19: 0xF7→0xED bit(s) [4]
[14:24:22.103] P-02 rel 0x11/78 B: byte 15: 0xBB→0xEF bit(s) [4, 6]; byte 17: 0x0D→0x10 bit(s) [3, 4]
[14:24:22.119] P-02 rel 0x11/78 B: byte 15: 0xEF→0x1E bit(s) [4, 5, 6, 7]; byte 16: 0xFF→0x00 bit(s) [0, 1, 2, 3, 4, 5, 6, 7]; byte 17: 0x10→0x1B bit(s) [3]; byte 19: 0xE4→0xF2 bit(s) [4]; byte 23: 0x24→0xDE bit(s) [7]; byte 24: 0x15→0x14 bit(s) [0]
[14:24:22.134] P-02 rel 0x11/78 B: byte 15: 0x1E→0x28 bit(s) [4, 5]; byte 19: 0xF2→0x00 bit(s) [4, 5, 6, 7]; byte 20: 0xFF→0x00 bit(s) [0, 1, 2, 3, 4, 5, 6, 7]
[14:24:22.149] P-02 rel 0x11/78 B: byte 15: 0x28→0x13 bit(s) [3, 4, 5]; byte 23: 0x90→0x56 bit(s) [7]
[14:24:22.163] P-02 rel 0x11/78 B: byte 15: 0x13→0xE9 bit(s) [3, 4, 5, 6, 7]; byte 16: 0x00→0xFF bit(s) [0, 1, 2, 3, 4, 5, 6, 7]; byte 17: 0x1B→0x12 bit(s) [3]; byte 19: 0x0C→0x13 bit(s) [4]; byte 21: 0x00→0x82 bit(s) [7]; byte 26: 0x07→0x06 bit(s) [0]
[14:24:22.178] P-02 rel 0x11/78 B: byte 15: 0xE9→0xD2 bit(s) [3, 4, 5]; byte 17: 0x12→0x06 bit(s) [4]; byte 23: 0x60→0x90 bit(s) [7]; byte 26: 0x06→0x07 bit(s) [0]
[14:24:22.193] P-02 rel 0x11/78 B: byte 17: 0x06→0xFD bit(s) [3, 4, 5, 6, 7]; byte 18: 0x00→0xFF bit(s) [0, 1, 2, 3, 4, 5, 6, 7]; byte 21: 0xFC→0x52 bit(s) [7]; byte 22: 0x02→0x03 bit(s) [0]
[14:24:22.208] P-02 rel 0x11/78 B: byte 15: 0xD7→0xE1 bit(s) [4, 5]; byte 19: 0x13→0x0D bit(s) [4]
[14:24:22.223] P-02 rel 0x11/78 B: byte 15: 0xE1→0xEA bit(s) [3]; byte 21: 0x5C→0x84 bit(s) [7]
[14:24:22.238] P-02 rel 0x11/78 B: byte 15: 0xEA→0xE6 bit(s) [3]; byte 17: 0xFE→0x04 bit(s) [3, 4, 5, 6, 7]; byte 18: 0xFF→0x00 bit(s) [0, 1, 2, 3, 4, 5, 6, 7]; byte 19: 0x04→0xF6 bit(s) [4, 5, 6, 7]; byte 20: 0x00→0xFF bit(s) [0, 1, 2, 3, 4, 5, 6, 7]; byte 21: 0x84→0x0E bit(s) [7]
[14:24:22.267] P-02 rel 0x11/78 B: byte 17: 0x04→0x11 bit(s) [4]; byte 19: 0xF6→0xEC bit(s) [4]; byte 21: 0x0E→0xE8 bit(s) [7]; byte 22: 0x03→0x02 bit(s) [0]; byte 23: 0x86→0x42 bit(s) [7]
[14:24:22.298] P-02 rel 0x11/78 B: byte 15: 0xE1→0xC5 bit(s) [5]; byte 17: 0x17→0x1A bit(s) [3]; byte 19: 0xE5→0xF0 bit(s) [4]; byte 22: 0x02→0x01 bit(s) [0, 1]; byte 23: 0x5E→0xD2 bit(s) [7]
[14:24:22.313] P-02 rel 0x11/78 B: byte 15: 0xC5→0xB1 bit(s) [4, 5, 6]; byte 17: 0x1A→0x17 bit(s) [3]; byte 21: 0xEA→0x0A bit(s) [7]; byte 22: 0x01→0x02 bit(s) [0, 1]; byte 23: 0xD2→0x76 bit(s) [7]; byte 24: 0x14→0x15 bit(s) [0]
[14:24:22.328] P-02 rel 0x11/78 B: byte 19: 0xFA→0x01 bit(s) [4, 5, 6, 7]; byte 20: 0xFF→0x00 bit(s) [0, 1, 2, 3, 4, 5, 6, 7]; byte 23: 0x76→0x84 bit(s) [7]
[14:24:22.343] P-02 rel 0x11/78 B: byte 15: 0xB5→0xCB bit(s) [3, 4, 5, 6]; byte 17: 0x10→0x04 bit(s) [4]
[14:24:22.359] P-02 rel 0x11/78 B: byte 15: 0xCB→0xE7 bit(s) [3, 5]; byte 17: 0x04→0xFF bit(s) [3, 4, 5, 6, 7]; byte 18: 0x00→0xFF bit(s) [0, 1, 2, 3, 4, 5, 6, 7]; byte 23: 0x80→0x5A bit(s) [7]
[14:24:22.373] P-02 rel 0x11/78 B: byte 15: 0xE7→0xF7 bit(s) [4]; byte 17: 0xFF→0xF7 bit(s) [3]; byte 19: 0x0E→0x11 bit(s) [4]
[14:24:22.388] P-02 rel 0x11/78 B: byte 15: 0xF7→0xF9 bit(s) [3]; byte 17: 0xF7→0xF8 bit(s) [3]; byte 19: 0x11→0x0B bit(s) [4]; byte 21: 0x6A→0x98 bit(s) [7]; byte 23: 0x12→0xE8 bit(s) [7]; byte 24: 0x15→0x14 bit(s) [0]
[14:24:22.403] P-02 rel 0x11/78 B: byte 15: 0xF9→0x00 bit(s) [3, 4, 5, 6, 7]; byte 16: 0xFF→0x00 bit(s) [0, 1, 2, 3, 4, 5, 6, 7]
[14:24:22.419] P-02 rel 0x11/78 B: byte 15: 0x00→0x09 bit(s) [3]; byte 17: 0xFC→0x00 bit(s) [3, 4, 5, 6, 7]; byte 18: 0xFF→0x00 bit(s) [0, 1, 2, 3, 4, 5, 6, 7]; byte 19: 0x0F→0x11 bit(s) [4]
[14:24:22.449] P-02 rel 0x11/78 B: byte 17: 0x00→0x09 bit(s) [3]
[14:24:22.463] P-02 rel 0x11/78 B: byte 15: 0x0A→0x02 bit(s) [3]; byte 17: 0x09→0x06 bit(s) [3]; byte 23: 0x88→0x4A bit(s) [7]
[14:24:22.478] P-02 rel 0x11/78 B: byte 15: 0x02→0xEA bit(s) [3, 5, 6, 7]; byte 16: 0x00→0xFF bit(s) [0, 1, 2, 3, 4, 5, 6, 7]
[14:24:22.493] P-02 rel 0x11/78 B: byte 15: 0xEA→0xCD bit(s) [5]; byte 17: 0x00→0xF5 bit(s) [4, 5, 6, 7]; byte 18: 0x00→0xFF bit(s) [0, 1, 2, 3, 4, 5, 6, 7]; byte 21: 0xF0→0x2C bit(s) [7]; byte 22: 0x02→0x03 bit(s) [0]; byte 23: 0x60→0xBC bit(s) [7]
[14:24:22.508] P-02 rel 0x11/78 B: byte 15: 0xCD→0xC7 bit(s) [3]; byte 19: 0x14→0x0F bit(s) [4]; byte 21: 0x2C→0xB2 bit(s) [7]; byte 22: 0x03→0x02 bit(s) [0]
[14:24:22.552] P-02 rel 0x11/78 B: byte 15: 0xC7→0xBE bit(s) [3, 4, 5, 6]
[14:24:22.568] P-02 rel 0x11/78 B: byte 15: 0xBE→0xAA bit(s) [4]; byte 17: 0xF6→0xFD bit(s) [3]; byte 19: 0x06→0xFE bit(s) [4, 5, 6, 7]; byte 20: 0x00→0xFF bit(s) [0, 1, 2, 3, 4, 5, 6, 7]; byte 23: 0xCE→0x1E bit(s) [7]; byte 24: 0x14→0x15 bit(s) [0]
[14:24:22.584] P-02 rel 0x11/78 B: byte 15: 0xAA→0xE9 bit(s) [6]; byte 17: 0xFD→0x06 bit(s) [3, 4, 5, 6, 7]; byte 18: 0xFF→0x00 bit(s) [0, 1, 2, 3, 4, 5, 6, 7]; byte 19: 0xFE→0x0B bit(s) [4, 5, 6, 7]; byte 20: 0xFF→0x00 bit(s) [0, 1, 2, 3, 4, 5, 6, 7]; byte 23: 0x1E→0xA0 bit(s) [7]
[14:24:22.599] P-02 rel 0x11/78 B: byte 15: 0xE9→0x12 bit(s) [3, 4, 5, 6, 7]; byte 16: 0xFF→0x00 bit(s) [0, 1, 2, 3, 4, 5, 6, 7]; byte 19: 0x0B→0x10 bit(s) [4]; byte 21: 0x9E→0x46 bit(s) [7]
[14:24:22.642] P-02 rel 0x11/78 B: byte 15: 0x12→0x19 bit(s) [3]; byte 17: 0x03→0xFE bit(s) [3, 4, 5, 6, 7]; byte 18: 0x00→0xFF bit(s) [0, 1, 2, 3, 4, 5, 6, 7]; byte 23: 0x88→0x22 bit(s) [7]
[14:24:22.658] P-02 rel 0x11/78 B: byte 15: 0x19→0x0A bit(s) [4]; byte 23: 0x22→0xDE bit(s) [7]; byte 24: 0x15→0x14 bit(s) [0]
[14:24:22.673] P-02 rel 0x11/78 B: byte 15: 0x0A→0xF1 bit(s) [3, 4, 5, 6, 7]; byte 16: 0x00→0xFF bit(s) [0, 1, 2, 3, 4, 5, 6, 7]
[14:24:22.689] P-02 rel 0x11/78 B: byte 15: 0xF1→0xC9 bit(s) [3, 4, 5]; byte 17: 0xF8→0x03 bit(s) [3, 4, 5, 6, 7]; byte 18: 0xFF→0x00 bit(s) [0, 1, 2, 3, 4, 5, 6, 7]; byte 19: 0x17→0x23 bit(s) [4, 5]
[14:24:22.704] P-02 rel 0x11/78 B: byte 15: 0xC9→0xD4 bit(s) [3, 4]; byte 17: 0x03→0x0A bit(s) [3]; byte 19: 0x23→0x1F bit(s) [4, 5]; byte 21: 0x72→0x84 bit(s) [7]; byte 23: 0xF8→0x32 bit(s) [7]; byte 24: 0x14→0x15 bit(s) [0]
[14:24:22.719] P-02 rel 0x11/78 B: byte 15: 0xD4→0xEE bit(s) [3, 4, 5]; byte 17: 0x0A→0x04 bit(s) [3]; byte 21: 0x84→0x5C bit(s) [7]
[14:24:23.003]      … 15 linha(s) suprimida(s) neste segundo
[14:24:23.003] P-02 rel 0x11/78 B: byte 15: 0xC7→0xCD bit(s) [3]; byte 17: 0x08→0x07 bit(s) [3]; byte 19: 0x01→0xFE bit(s) [4, 5, 6, 7]; byte 20: 0x00→0xFF bit(s) [0, 1, 2, 3, 4, 5, 6, 7]; byte 23: 0x42→0x8A bit(s) [7]
[14:24:23.019] P-02 rel 0x11/78 B: byte 15: 0xCD→0xE1 bit(s) [3, 5]; byte 21: 0x64→0xB0 bit(s) [7]; byte 23: 0x8A→0x74 bit(s) [7]
[14:24:23.034] P-02 rel 0x11/78 B: byte 15: 0xE1→0xFA bit(s) [3, 4]
[14:24:23.049] P-02 rel 0x11/78 B: byte 15: 0xFA→0x00 bit(s) [3, 4, 5, 6, 7]; byte 16: 0xFF→0x00 bit(s) [0, 1, 2, 3, 4, 5, 6, 7]
[14:24:23.064] P-02 rel 0x11/78 B: byte 15: 0x00→0xF1 bit(s) [4, 5, 6, 7]; byte 16: 0x00→0xFF bit(s) [0, 1, 2, 3, 4, 5, 6, 7]; byte 17: 0x01→0xFD bit(s) [3, 4, 5, 6, 7]; byte 18: 0x00→0xFF bit(s) [0, 1, 2, 3, 4, 5, 6, 7]
[14:24:23.078] P-02 rel 0x11/78 B: byte 15: 0xF1→0xD6 bit(s) [5]
[14:24:23.093] P-02 rel 0x11/78 B: byte 17: 0xF8→0xF4 bit(s) [3]
[14:24:23.108] P-02 rel 0x11/78 B: byte 15: 0xD2→0xDA bit(s) [3]
[14:24:23.123] P-02 rel 0x11/78 B: byte 15: 0xDA→0xE7 bit(s) [3, 4, 5]; byte 17: 0xF5→0xFE bit(s) [3]; byte 19: 0xF2→0xEE bit(s) [4]
[14:24:23.138] P-02 rel 0x11/78 B: byte 15: 0xE7→0xED bit(s) [3]; byte 17: 0xFE→0x04 bit(s) [3, 4, 5, 6, 7]; byte 18: 0xFF→0x00 bit(s) [0, 1, 2, 3, 4, 5, 6, 7]; byte 21: 0x8A→0x78 bit(s) [7]
[14:24:23.153] P-02 rel 0x11/78 B: byte 15: 0xED→0xF4 bit(s) [3, 4]; byte 17: 0x04→0x08 bit(s) [3]; byte 26: 0x07→0x08 bit(s) [0]
[14:24:23.168] P-02 rel 0x11/78 B: byte 15: 0xF4→0xFC bit(s) [3]; byte 17: 0x08→0x03 bit(s) [3]; byte 19: 0xEC→0xF2 bit(s) [4]; byte 26: 0x08→0x07 bit(s) [0]
[14:24:23.183] P-02 rel 0x11/78 B: byte 15: 0xFC→0x04 bit(s) [3, 4, 5, 6, 7]; byte 16: 0xFF→0x00 bit(s) [0, 1, 2, 3, 4, 5, 6, 7]
[14:24:23.198] P-02 rel 0x11/78 B: byte 15: 0x04→0x09 bit(s) [3]; byte 17: 0x03→0xFC bit(s) [3, 4, 5, 6, 7]; byte 18: 0x00→0xFF bit(s) [0, 1, 2, 3, 4, 5, 6, 7]; byte 19: 0xFE→0x06 bit(s) [4, 5, 6, 7]; byte 20: 0xFF→0x00 bit(s) [0, 1, 2, 3, 4, 5, 6, 7]
[14:24:23.213] P-02 rel 0x11/78 B: byte 23: 0x14→0xFC bit(s) [7]; byte 24: 0x15→0x14 bit(s) [0]
[14:24:23.228] P-02 rel 0x11/78 B: byte 15: 0x09→0x00 bit(s) [3]; byte 17: 0xF8→0xF6 bit(s) [3]; byte 21: 0x60→0x8A bit(s) [7]
[14:24:23.243] P-02 rel 0x11/78 B: byte 19: 0x0F→0x13 bit(s) [4]; byte 21: 0x8A→0x66 bit(s) [7]; byte 23: 0xE4→0x0C bit(s) [7]; byte 24: 0x14→0x15 bit(s) [0]
[14:24:23.258] P-02 rel 0x11/78 B: byte 17: 0xF1→0xED bit(s) [3, 4]; byte 23: 0x0C→0xFE bit(s) [7]; byte 24: 0x15→0x14 bit(s) [0]
[14:24:23.273] P-02 rel 0x11/78 B: byte 15: 0x02→0xF8 bit(s) [3, 4, 5, 6, 7]; byte 16: 0x00→0xFF bit(s) [0, 1, 2, 3, 4, 5, 6, 7]; byte 17: 0xED→0xF0 bit(s) [3, 4]; byte 21: 0x54→0xA2 bit(s) [7]; byte 23: 0xFE→0x0A bit(s) [7]; byte 24: 0x14→0x15 bit(s) [0]
[14:24:23.288] P-02 rel 0x11/78 B: byte 15: 0xF8→0xED bit(s) [4]; byte 19: 0x11→0x0C bit(s) [4]; byte 23: 0x0A→0xE6 bit(s) [7]; byte 24: 0x15→0x14 bit(s) [0]
[14:24:23.317] P-02 rel 0x11/78 B: byte 15: 0xED→0xE5 bit(s) [3]; byte 21: 0x86→0x7C bit(s) [7]; byte 23: 0xE6→0x2C bit(s) [7]; byte 24: 0x14→0x15 bit(s) [0]
[14:24:23.334] P-02 rel 0x11/78 B: byte 15: 0xE5→0xD7 bit(s) [4, 5]
[14:24:23.349] P-02 rel 0x11/78 B: byte 15: 0xD7→0xCF bit(s) [3, 4]; byte 17: 0xF7→0xFD bit(s) [3]
[14:24:23.363] P-02 rel 0x11/78 B: byte 15: 0xCF→0xDF bit(s) [4]; byte 19: 0x08→0x11 bit(s) [4]; byte 23: 0x56→0x8A bit(s) [7]
[14:24:23.378] P-02 rel 0x11/78 B: byte 17: 0xF9→0xF6 bit(s) [3]; byte 23: 0x8A→0x68 bit(s) [7]
[14:24:23.393] P-02 rel 0x11/78 B: byte 15: 0xDF→0xD0 bit(s) [3]; byte 17: 0xF6→0xF8 bit(s) [3]
[14:24:23.408] P-02 rel 0x11/78 B: byte 15: 0xD0→0xCC bit(s) [3, 4]; byte 19: 0x11→0x0F bit(s) [4]; byte 26: 0x07→0x08 bit(s) [0]
[14:24:23.423] P-02 rel 0x11/78 B: byte 15: 0xCC→0xD3 bit(s) [3, 4]; byte 17: 0xF9→0xF5 bit(s) [3]; byte 26: 0x08→0x07 bit(s) [0]
[14:24:23.438] P-02 rel 0x11/78 B: byte 15: 0xD3→0xD9 bit(s) [3]; byte 17: 0xF5→0xFC bit(s) [3]; byte 23: 0x7C→0x8E bit(s) [7]
[14:24:23.453] P-02 rel 0x11/78 B: byte 15: 0xD9→0xE1 bit(s) [3, 4, 5]; byte 17: 0xFC→0x01 bit(s) [3, 4, 5, 6, 7]; byte 18: 0xFF→0x00 bit(s) [0, 1, 2, 3, 4, 5, 6, 7]; byte 26: 0x07→0x08 bit(s) [0]
[14:24:23.468] P-02 rel 0x11/78 B: byte 15: 0xE1→0xEE bit(s) [3]
[14:24:23.483] P-02 rel 0x11/78 B: byte 15: 0xEE→0xF7 bit(s) [3, 4]; byte 26: 0x08→0x07 bit(s) [0]
[14:24:23.498] P-02 rel 0x11/78 B: byte 15: 0xF7→0xFA bit(s) [3]; byte 23: 0x8C→0x58 bit(s) [7]
[14:24:23.544] P-02 rel 0x11/78 B: byte 15: 0xFC→0xF3 bit(s) [3]; byte 17: 0x00→0xFB bit(s) [3, 4, 5, 6, 7]; byte 18: 0x00→0xFF bit(s) [0, 1, 2, 3, 4, 5, 6, 7]
[14:24:23.558] P-02 rel 0x11/78 B: byte 15: 0xF3→0xE8 bit(s) [3, 4]; byte 17: 0xFB→0xF6 bit(s) [3]; byte 19: 0x0C→0x10 bit(s) [4]; byte 21: 0x6E→0x82 bit(s) [7]; byte 23: 0x0C→0xF8 bit(s) [7]; byte 24: 0x15→0x14 bit(s) [0]
[14:24:23.573] P-02 rel 0x11/78 B: byte 15: 0xE8→0xE1 bit(s) [3]; byte 23: 0xF8→0x2C bit(s) [7]; byte 24: 0x14→0x15 bit(s) [0]
[14:24:23.588] P-02 rel 0x11/78 B: byte 15: 0xE1→0xDA bit(s) [3, 4, 5]; byte 21: 0xA4→0x78 bit(s) [7]
[14:24:23.603] P-02 rel 0x11/78 B: byte 15: 0xDA→0xE5 bit(s) [3, 4, 5]
[14:24:23.618] P-02 rel 0x11/78 B: byte 26: 0x07→0x08 bit(s) [0]
[14:24:23.633] P-02 rel 0x11/78 B: byte 15: 0xE5→0xD7 bit(s) [4, 5]; byte 17: 0xF4→0xF9 bit(s) [3]; byte 26: 0x08→0x07 bit(s) [0]
[14:24:24.009]      … 22 linha(s) suprimida(s) neste segundo
[14:24:24.009] P-02 rel 0x11/78 B: byte 17: 0x00→0xFA bit(s) [3, 4, 5, 6, 7]; byte 18: 0x00→0xFF bit(s) [0, 1, 2, 3, 4, 5, 6, 7]; byte 19: 0x12→0x0E bit(s) [4]
[14:24:24.023] P-02 rel 0x11/78 B: byte 17: 0xFA→0xF6 bit(s) [3]
[14:24:24.039] P-02 rel 0x11/78 B: byte 15: 0xDF→0xEB bit(s) [4, 5]; byte 17: 0xF6→0xF9 bit(s) [3]
[14:24:24.054] P-02 rel 0x11/78 B: byte 17: 0xF9→0x03 bit(s) [3, 4, 5, 6, 7]; byte 18: 0xFF→0x00 bit(s) [0, 1, 2, 3, 4, 5, 6, 7]; byte 19: 0x01→0xF7 bit(s) [4, 5, 6, 7]; byte 20: 0x00→0xFF bit(s) [0, 1, 2, 3, 4, 5, 6, 7]; byte 21: 0x6C→0x8E bit(s) [7]
[14:24:24.068] P-02 rel 0x11/78 B: byte 15: 0xEE→0xF1 bit(s) [3, 4]; byte 17: 0x03→0x0C bit(s) [3]
[14:24:24.097] P-02 rel 0x11/78 B: byte 15: 0xF1→0xFC bit(s) [3]; byte 17: 0x0C→0x13 bit(s) [3, 4]
[14:24:24.114] P-02 rel 0x11/78 B: byte 17: 0x13→0x1B bit(s) [3]; byte 19: 0xF3→0xEF bit(s) [4]
[14:24:24.130] P-02 rel 0x11/78 B: byte 15: 0xFF→0x00 bit(s) [3, 4, 5, 6, 7]; byte 16: 0xFF→0x00 bit(s) [0, 1, 2, 3, 4, 5, 6, 7]; byte 19: 0xEF→0xF0 bit(s) [4]
[14:24:24.145] P-02 rel 0x11/78 B: byte 17: 0x1E→0x14 bit(s) [3]; byte 23: 0xAC→0x4E bit(s) [7]
[14:24:24.159] P-02 rel 0x11/78 B: byte 15: 0x01→0xF9 bit(s) [3, 4, 5, 6, 7]; byte 16: 0x00→0xFF bit(s) [0, 1, 2, 3, 4, 5, 6, 7]
[14:24:24.173] P-02 rel 0x11/78 B: byte 17: 0x11→0x0D bit(s) [3, 4]; byte 21: 0x84→0x62 bit(s) [7]
[14:24:24.188] P-02 rel 0x11/78 B: byte 19: 0xFF→0x0C bit(s) [4, 5, 6, 7]; byte 20: 0xFF→0x00 bit(s) [0, 1, 2, 3, 4, 5, 6, 7]; byte 23: 0x48→0x82 bit(s) [7]
[14:24:24.203] P-02 rel 0x11/78 B: byte 15: 0xFB→0xEE bit(s) [4]; byte 19: 0x0C→0x15 bit(s) [4]; byte 26: 0x08→0x07 bit(s) [0]
[14:24:24.218] P-02 rel 0x11/78 B: byte 15: 0xEE→0xDD bit(s) [4, 5]; byte 17: 0x08→0xFE bit(s) [4, 5, 6, 7]; byte 18: 0x00→0xFF bit(s) [0, 1, 2, 3, 4, 5, 6, 7]; byte 26: 0x07→0x08 bit(s) [0]
[14:24:24.233] P-02 rel 0x11/78 B: byte 17: 0xFE→0xF7 bit(s) [3]; byte 19: 0x1E→0x20 bit(s) [4, 5]; byte 21: 0x58→0x9A bit(s) [7]
[14:24:24.248] P-02 rel 0x11/78 B: byte 21: 0x9A→0x1C bit(s) [7]; byte 22: 0x02→0x03 bit(s) [0]
[14:24:24.264] P-02 rel 0x11/78 B: byte 15: 0xDD→0xE8 bit(s) [4, 5]; byte 23: 0x88→0x7C bit(s) [7]
[14:24:24.292] P-02 rel 0x11/78 B: byte 15: 0xE8→0xFC bit(s) [4]; byte 21: 0x0C→0xD2 bit(s) [7]; byte 22: 0x03→0x02 bit(s) [0]
[14:24:24.308] P-02 rel 0x11/78 B: byte 15: 0xFC→0xF3 bit(s) [3]; byte 17: 0xF3→0xE5 bit(s) [4]; byte 19: 0x24→0x1C bit(s) [4, 5]; byte 21: 0xD2→0x70 bit(s) [7]
[14:24:24.323] P-02 rel 0x11/78 B: byte 15: 0xF3→0xDC bit(s) [3, 5]; byte 17: 0xE5→0xDB bit(s) [3, 4, 5]; byte 19: 0x1C→0x09 bit(s) [4]; byte 26: 0x08→0x07 bit(s) [0]
[14:24:24.338] P-02 rel 0x11/78 B: byte 19: 0x09→0xEA bit(s) [5, 6, 7]; byte 20: 0x00→0xFF bit(s) [0, 1, 2, 3, 4, 5, 6, 7]; byte 21: 0x34→0xF2 bit(s) [7]; byte 22: 0x02→0x01 bit(s) [0, 1]; byte 24: 0x15→0x16 bit(s) [0, 1]; byte 26: 0x07→0x08 bit(s) [0]
[14:24:24.367] P-02 rel 0x11/78 B: byte 15: 0xDC→0xF0 bit(s) [3, 5]; byte 17: 0xDC→0xF2 bit(s) [3, 5]
[14:24:24.383] P-02 rel 0x11/78 B: byte 15: 0xF0→0xFF bit(s) [3]; byte 17: 0xF2→0xFF bit(s) [3]; byte 19: 0xEE→0xF7 bit(s) [4]; byte 23: 0x0A→0xD4 bit(s) [7]; byte 24: 0x16→0x15 bit(s) [0, 1]
[14:24:24.398] P-02 rel 0x11/78 B: byte 15: 0xFF→0xEB bit(s) [4]; byte 17: 0xFF→0x13 bit(s) [3, 5, 6, 7]; byte 18: 0xFF→0x00 bit(s) [0, 1, 2, 3, 4, 5, 6, 7]; byte 19: 0xF7→0x01 bit(s) [4, 5, 6, 7]; byte 20: 0xFF→0x00 bit(s) [0, 1, 2, 3, 4, 5, 6, 7]
[14:24:24.414] P-02 rel 0x11/78 B: byte 19: 0x01→0xFA bit(s) [4, 5, 6, 7]; byte 20: 0x00→0xFF bit(s) [0, 1, 2, 3, 4, 5, 6, 7]; byte 21: 0xF6→0x38 bit(s) [7]; byte 22: 0x01→0x02 bit(s) [0, 1]; byte 23: 0xDA→0x02 bit(s) [7]; byte 24: 0x15→0x16 bit(s) [0, 1]
[14:24:24.429] P-02 rel 0x11/78 B: byte 15: 0xED→0xFC bit(s) [4]; byte 17: 0x10→0x0C bit(s) [3, 4]; byte 21: 0x38→0x82 bit(s) [7]
[14:24:24.457] P-02 rel 0x11/78 B: byte 17: 0x0C→0x00 bit(s) [3]; byte 23: 0x1E→0xE8 bit(s) [7]; byte 24: 0x16→0x15 bit(s) [0, 1]
[14:24:24.473] P-02 rel 0x11/78 B: byte 15: 0xFB→0x03 bit(s) [3, 4, 5, 6, 7]; byte 16: 0xFF→0x00 bit(s) [0, 1, 2, 3, 4, 5, 6, 7]; byte 17: 0x00→0xFB bit(s) [3, 4, 5, 6, 7]; byte 18: 0x00→0xFF bit(s) [0, 1, 2, 3, 4, 5, 6, 7]; byte 19: 0xFD→0x0A bit(s) [4, 5, 6, 7]; byte 20: 0xFF→0x00 bit(s) [0, 1, 2, 3, 4, 5, 6, 7]; byte 21: 0x96→0x4E bit(s) [7]
[14:24:24.488] P-02 rel 0x11/78 B: byte 15: 0x03→0x18 bit(s) [3, 4]; byte 19: 0x0A→0x11 bit(s) [4]; byte 23: 0xD2→0x6C bit(s) [7]
[14:24:24.503] P-02 rel 0x11/78 B: byte 15: 0x18→0xFA bit(s) [5, 6, 7]; byte 16: 0x00→0xFF bit(s) [0, 1, 2, 3, 4, 5, 6, 7]
[14:24:24.518] P-02 rel 0x11/78 B: byte 15: 0xFA→0xE0 bit(s) [3, 4]; byte 17: 0xF8→0xF7 bit(s) [3]
[14:24:24.533] P-02 rel 0x11/78 B: byte 15: 0xE0→0xCB bit(s) [3, 5]; byte 17: 0xF7→0xFC bit(s) [3]
[14:24:24.549] P-02 rel 0x11/78 B: byte 15: 0xCB→0xC4 bit(s) [3]; byte 17: 0xFC→0x04 bit(s) [3, 4, 5, 6, 7]; byte 18: 0xFF→0x00 bit(s) [0, 1, 2, 3, 4, 5, 6, 7]; byte 23: 0x60→0x92 bit(s) [7]
[14:24:24.563] P-02 rel 0x11/78 B: byte 17: 0x04→0x09 bit(s) [3]; byte 19: 0x12→0x0F bit(s) [4]
[14:24:24.578] P-02 rel 0x11/78 B: byte 15: 0xC4→0xD2 bit(s) [4]; byte 17: 0x09→0x13 bit(s) [3, 4]; byte 23: 0xD8→0x06 bit(s) [7]; byte 24: 0x15→0x16 bit(s) [0, 1]
[14:24:24.593] P-02 rel 0x11/78 B: byte 15: 0xD2→0xE3 bit(s) [4, 5]
[14:24:24.608] P-02 rel 0x11/78 B: byte 15: 0xE3→0xEF bit(s) [3]; byte 19: 0x02→0xFD bit(s) [4, 5, 6, 7]; byte 20: 0x00→0xFF bit(s) [0, 1, 2, 3, 4, 5, 6, 7]
[14:24:24.623] P-02 rel 0x11/78 B: byte 15: 0xEF→0xF7 bit(s) [3, 4]; byte 23: 0x0E→0xFC bit(s) [7]; byte 24: 0x16→0x15 bit(s) [0, 1]
[14:24:24.638] P-02 rel 0x11/78 B: byte 15: 0xF7→0xF9 bit(s) [3]; byte 17: 0x12→0x0B bit(s) [3, 4]; byte 19: 0xFC→0x00 bit(s) [4, 5, 6, 7]; byte 20: 0xFF→0x00 bit(s) [0, 1, 2, 3, 4, 5, 6, 7]
[14:24:24.653] P-02 rel 0x11/78 B: byte 15: 0xF9→0xF0 bit(s) [3]; byte 17: 0x0B→0x04 bit(s) [3]
[14:24:25.014]      … 18 linha(s) suprimida(s) neste segundo
[14:24:25.014] P-02 rel 0x11/78 B: byte 15: 0xED→0xF4 bit(s) [3, 4]
[14:24:25.029] P-02 rel 0x11/78 B: byte 15: 0xF4→0xFA bit(s) [3]
[14:24:25.044] P-02 rel 0x11/78 B: byte 17: 0x05→0xFE bit(s) [3, 4, 5, 6, 7]; byte 18: 0x00→0xFF bit(s) [0, 1, 2, 3, 4, 5, 6, 7]
[14:24:25.058] P-02 rel 0x11/78 B: byte 19: 0x0F→0x12 bit(s) [4]
[14:24:25.073] P-02 rel 0x11/78 B: byte 15: 0xF8→0xF4 bit(s) [3]
[14:24:25.088] P-02 rel 0x11/78 B: byte 17: 0xF8→0xF6 bit(s) [3]
[14:24:25.104] P-02 rel 0x11/78 B: byte 15: 0xF4→0xEF bit(s) [3, 4]
[14:24:25.118] P-02 rel 0x11/78 B: byte 19: 0x13→0x0F bit(s) [4]
[14:24:25.147] P-02 rel 0x11/78 B: byte 17: 0xF7→0xFE bit(s) [3]
[14:24:25.165] P-02 rel 0x11/78 B: byte 17: 0xFE→0x01 bit(s) [3, 4, 5, 6, 7]; byte 18: 0xFF→0x00 bit(s) [0, 1, 2, 3, 4, 5, 6, 7]
[14:24:25.178] P-02 rel 0x11/78 B: byte 15: 0xEF→0xF1 bit(s) [3, 4]
[14:24:25.194] P-02 rel 0x11/78 B: byte 17: 0x02→0xFF bit(s) [3, 4, 5, 6, 7]; byte 18: 0x00→0xFF bit(s) [0, 1, 2, 3, 4, 5, 6, 7]; byte 19: 0x03→0xFF bit(s) [4, 5, 6, 7]; byte 20: 0x00→0xFF bit(s) [0, 1, 2, 3, 4, 5, 6, 7]
[14:24:25.208] P-02 rel 0x11/78 B: byte 15: 0xF5→0xEE bit(s) [3, 4]
[14:24:25.217] P-02 resumo: relatório 0x11 com 78 bytes, 8763 recebido(s); ruído de repouso: byte 9 bits [3, 4, 5, 6, 7]; byte 13 bits [1, 2, 3, 4, 5, 6, 7]; byte 15 bits [0, 1, 2]; byte 17 bits [0, 1, 2]; byte 19 bits [0, 1, 2, 3]; byte 21 bits [1, 2, 3, 4, 5, 6]; byte 23 bits [1, 2, 3, 4, 5, 6]; byte 25 bits [1, 2, 3, 4, 5, 6, 7]; byte 26 bits [1, 2, 3, 4, 5]; byte 74 bits [0, 1, 2, 3, 4, 5, 6, 7]; byte 75 bits [0, 1, 2, 3, 4, 5, 6, 7]; byte 76 bits [0, 1, 2, 3, 4, 5, 6, 7]; byte 77 bits [0, 1, 2, 3, 4, 5, 6, 7]
[14:24:25.223] P-02 rel 0x11/78 B: byte 15: 0xEE→0xE4 bit(s) [3]
[14:24:25.252] P-02 rel 0x11/78 B: byte 17: 0xFF→0x05 bit(s) [3, 4, 5, 6, 7]; byte 18: 0xFF→0x00 bit(s) [0, 1, 2, 3, 4, 5, 6, 7]
[14:24:25.268] P-02 rel 0x11/78 B: byte 15: 0xE6→0xF0 bit(s) [4]
[14:24:25.314] P-02 rel 0x11/78 B: byte 15: 0xF3→0xE7 bit(s) [4]; byte 19: 0xF8→0x03 bit(s) [4, 5, 6, 7]; byte 20: 0xFF→0x00 bit(s) [0, 1, 2, 3, 4, 5, 6, 7]
[14:24:25.344] P-02 rel 0x11/78 B: byte 17: 0x00→0xFD bit(s) [3, 4, 5, 6, 7]; byte 18: 0x00→0xFF bit(s) [0, 1, 2, 3, 4, 5, 6, 7]
[14:24:25.373] P-02 rel 0x11/78 B: byte 15: 0xE7→0xF1 bit(s) [4]
[14:24:25.417] P-02 rel 0x11/78 B: byte 21: 0x78→0x88 bit(s) [7]
[14:24:25.448] P-02 rel 0x11/78 B: byte 15: 0xF3→0xEB bit(s) [3, 4]; byte 21: 0x84→0x5C bit(s) [7]
[14:24:25.463] P-02 rel 0x11/78 B: byte 15: 0xEB→0xD9 bit(s) [4, 5]; byte 17: 0xFA→0xF6 bit(s) [3]
[14:24:25.493] P-02 rel 0x11/78 B: byte 15: 0xDC→0xF2 bit(s) [3, 5]; byte 19: 0x0D→0x18 bit(s) [4]
[14:24:25.508] P-02 rel 0x11/78 B: byte 15: 0xF2→0xEF bit(s) [3, 4]; byte 17: 0xF4→0xF9 bit(s) [3]; byte 21: 0x3A→0xF6 bit(s) [7]; byte 22: 0x02→0x01 bit(s) [0, 1]
[14:24:25.523] P-02 rel 0x11/78 B: byte 15: 0xEF→0xE1 bit(s) [3]; byte 17: 0xF9→0xF5 bit(s) [3]; byte 26: 0x08→0x07 bit(s) [0]
[14:24:25.539] P-02 rel 0x11/78 B: byte 19: 0x11→0x0B bit(s) [4]; byte 23: 0xD4→0x14 bit(s) [7]; byte 24: 0x15→0x16 bit(s) [0, 1]; byte 26: 0x07→0x08 bit(s) [0]
[14:24:25.553] P-02 rel 0x11/78 B: byte 15: 0xE4→0xF0 bit(s) [4]; byte 17: 0xF7→0xFA bit(s) [3]; byte 23: 0x14→0xFC bit(s) [7]; byte 24: 0x16→0x15 bit(s) [0, 1]
[14:24:25.568] P-02 rel 0x11/78 B: byte 15: 0xF0→0xFA bit(s) [3]; byte 19: 0x0D→0x11 bit(s) [4]
[14:24:25.583] P-02 rel 0x11/78 B: byte 17: 0xFF→0x05 bit(s) [3, 4, 5, 6, 7]; byte 18: 0xFF→0x00 bit(s) [0, 1, 2, 3, 4, 5, 6, 7]; byte 21: 0xFC→0x22 bit(s) [7]; byte 22: 0x01→0x02 bit(s) [0, 1]
[14:24:25.598] P-02 rel 0x11/78 B: byte 15: 0xF8→0xE4 bit(s) [3, 4]; byte 19: 0x12→0x0E bit(s) [4]
[14:24:25.614] P-02 rel 0x11/78 B: byte 15: 0xE4→0xDD bit(s) [3, 4, 5]; byte 17: 0x01→0xFA bit(s) [3, 4, 5, 6, 7]; byte 18: 0x00→0xFF bit(s) [0, 1, 2, 3, 4, 5, 6, 7]
[14:24:25.629] P-02 rel 0x11/78 B: byte 17: 0xFA→0xF6 bit(s) [3]; byte 23: 0xD4→0x22 bit(s) [7]; byte 24: 0x15→0x16 bit(s) [0, 1]
[14:24:25.644] P-02 rel 0x11/78 B: byte 15: 0xDD→0xE5 bit(s) [3, 4, 5]
[14:24:25.672] P-02 rel 0x11/78 B: byte 15: 0xE5→0xED bit(s) [3]
[14:24:25.688] P-02 rel 0x11/78 B: byte 15: 0xED→0xF3 bit(s) [3, 4]
[14:24:25.703] P-02 rel 0x11/78 B: byte 15: 0xF3→0xEF bit(s) [3, 4]
[14:24:25.719] P-02 rel 0x11/78 B: byte 17: 0xF6→0xFC bit(s) [3]
[14:24:25.749] P-02 rel 0x11/78 B: byte 17: 0xFD→0x00 bit(s) [3, 4, 5, 6, 7]; byte 18: 0xFF→0x00 bit(s) [0, 1, 2, 3, 4, 5, 6, 7]; byte 23: 0x10→0xDC bit(s) [7]; byte 24: 0x16→0x15 bit(s) [0, 1]
[14:24:25.763] P-02 rel 0x11/78 B: byte 15: 0xEA→0xE6 bit(s) [3]; byte 17: 0x00→0x09 bit(s) [3]; byte 19: 0x01→0xF4 bit(s) [4, 5, 6, 7]; byte 20: 0x00→0xFF bit(s) [0, 1, 2, 3, 4, 5, 6, 7]; byte 21: 0x2A→0x88 bit(s) [7]; byte 23: 0xDC→0x16 bit(s) [7]; byte 24: 0x15→0x16 bit(s) [0, 1]
[14:24:25.778] P-02 rel 0x11/78 B: byte 15: 0xE6→0xF6 bit(s) [4]; byte 21: 0x88→0x66 bit(s) [7]; byte 23: 0x16→0xF2 bit(s) [7]; byte 24: 0x16→0x15 bit(s) [0, 1]
[14:24:26.003]      … 14 linha(s) suprimida(s) neste segundo
[14:24:26.003] P-02 rel 0x11/78 B: byte 15: 0x04→0xEB bit(s) [3, 5, 6, 7]; byte 16: 0x00→0xFF bit(s) [0, 1, 2, 3, 4, 5, 6, 7]; byte 19: 0x11→0x0E bit(s) [4]
[14:24:26.033] P-02 rel 0x11/78 B: byte 15: 0xEB→0xDB bit(s) [4, 5]; byte 17: 0x01→0xFE bit(s) [3, 4, 5, 6, 7]; byte 18: 0x00→0xFF bit(s) [0, 1, 2, 3, 4, 5, 6, 7]
[14:24:26.048] P-02 rel 0x11/78 B: byte 15: 0xDB→0xE0 bit(s) [3, 4, 5]; byte 23: 0xC2→0x08 bit(s) [7]; byte 24: 0x15→0x16 bit(s) [0, 1]
[14:24:26.063] P-02 rel 0x11/78 B: byte 15: 0xE0→0xF0 bit(s) [4]
[14:24:26.078] P-02 rel 0x11/78 B: byte 17: 0xF9→0x02 bit(s) [3, 4, 5, 6, 7]; byte 18: 0xFF→0x00 bit(s) [0, 1, 2, 3, 4, 5, 6, 7]
[14:24:26.107] P-02 rel 0x11/78 B: byte 15: 0xF5→0xEF bit(s) [3, 4]
[14:24:26.139] P-02 rel 0x11/78 B: byte 15: 0xEB→0xF2 bit(s) [3, 4]; byte 17: 0x05→0x09 bit(s) [3]
[14:24:26.154] P-02 rel 0x11/78 B: byte 15: 0xF2→0xFE bit(s) [3]
[14:24:26.182] P-02 rel 0x11/78 B: byte 15: 0xFE→0x04 bit(s) [3, 4, 5, 6, 7]; byte 16: 0xFF→0x00 bit(s) [0, 1, 2, 3, 4, 5, 6, 7]; byte 19: 0x0B→0x13 bit(s) [4]
[14:24:26.198] P-02 rel 0x11/78 B: byte 15: 0x04→0x0A bit(s) [3]; byte 23: 0x22→0xFE bit(s) [7]; byte 24: 0x16→0x15 bit(s) [0, 1]
[14:24:26.229] P-02 rel 0x11/78 B: byte 15: 0x09→0x01 bit(s) [3]; byte 19: 0x11→0x0E bit(s) [4]
[14:24:26.244] P-02 rel 0x11/78 B: byte 15: 0x01→0xFB bit(s) [3, 4, 5, 6, 7]; byte 16: 0x00→0xFF bit(s) [0, 1, 2, 3, 4, 5, 6, 7]
[14:24:26.259] P-02 rel 0x11/78 B: byte 15: 0xFB→0xF2 bit(s) [3]; byte 17: 0x0A→0x07 bit(s) [3]
[14:24:26.273] P-02 rel 0x11/78 B: byte 15: 0xF2→0xEE bit(s) [3, 4]
[14:24:26.303] P-02 rel 0x11/78 B: byte 23: 0xF6→0x02 bit(s) [7]; byte 24: 0x15→0x16 bit(s) [0, 1]
[14:24:26.318] P-02 rel 0x11/78 B: byte 15: 0xED→0xF3 bit(s) [3, 4]
[14:24:26.333] P-02 rel 0x11/78 B: byte 15: 0xF3→0xFA bit(s) [3]; byte 17: 0x06→0x08 bit(s) [3]
[14:24:26.363] P-02 rel 0x11/78 B: byte 15: 0xFF→0x00 bit(s) [3, 4, 5, 6, 7]; byte 16: 0xFF→0x00 bit(s) [0, 1, 2, 3, 4, 5, 6, 7]; byte 19: 0x0F→0x10 bit(s) [4]
[14:24:26.379] P-02 rel 0x11/78 B: byte 15: 0x00→0xF9 bit(s) [3, 4, 5, 6, 7]; byte 16: 0x00→0xFF bit(s) [0, 1, 2, 3, 4, 5, 6, 7]; byte 19: 0x10→0x0E bit(s) [4]; byte 23: 0x1A→0xEA bit(s) [7]; byte 24: 0x16→0x15 bit(s) [0, 1]
[14:24:26.394] P-02 rel 0x11/78 B: byte 23: 0xEA→0x1C bit(s) [7]; byte 24: 0x15→0x16 bit(s) [0, 1]
[14:24:26.409] P-02 rel 0x11/78 B: byte 15: 0xFA→0x07 bit(s) [3, 4, 5, 6, 7]; byte 16: 0xFF→0x00 bit(s) [0, 1, 2, 3, 4, 5, 6, 7]; byte 19: 0x0F→0x11 bit(s) [4]
[14:24:26.423] P-02 rel 0x11/78 B: byte 15: 0x07→0x24 bit(s) [5]; byte 17: 0x0B→0x07 bit(s) [3]; byte 23: 0x4C→0x82 bit(s) [7]
[14:24:26.439] P-02 rel 0x11/78 B: byte 15: 0x24→0x49 bit(s) [3, 5, 6]; byte 23: 0x82→0x3A bit(s) [7]
[14:24:26.468] P-02 rel 0x11/78 B: byte 15: 0x49→0x60 bit(s) [3, 5]
[14:24:26.483] P-02 rel 0x11/78 B: byte 15: 0x60→0x71 bit(s) [4]; byte 23: 0x08→0xEE bit(s) [7]; byte 24: 0x16→0x15 bit(s) [0, 1]
[14:24:26.498] P-02 rel 0x11/78 B: byte 15: 0x71→0x7A bit(s) [3]
[14:24:26.514] P-02 rel 0x11/78 B: byte 15: 0x7A→0x83 bit(s) [3, 4, 5, 6, 7]; byte 17: 0x01→0xFF bit(s) [3, 4, 5, 6, 7]; byte 18: 0x00→0xFF bit(s) [0, 1, 2, 3, 4, 5, 6, 7]; byte 23: 0xC2→0x04 bit(s) [7]; byte 24: 0x15→0x16 bit(s) [0, 1]
[14:24:26.529] P-02 rel 0x11/78 B: byte 15: 0x83→0x9A bit(s) [3, 4]; byte 23: 0x04→0x98 bit(s) [7]; byte 24: 0x16→0x15 bit(s) [0, 1]
[14:24:26.559] P-02 rel 0x11/78 B: byte 15: 0x9A→0x97 bit(s) [3]; byte 21: 0x5E→0xE6 bit(s) [7]; byte 23: 0x98→0x64 bit(s) [7]
[14:24:26.573] P-02 rel 0x11/78 B: byte 15: 0x97→0x8D bit(s) [3, 4]; byte 19: 0x12→0x0F bit(s) [4]; byte 21: 0xE6→0x76 bit(s) [7]; byte 26: 0x08→0x07 bit(s) [0]
[14:24:26.589] P-02 rel 0x11/78 B: byte 15: 0x8D→0x93 bit(s) [3, 4]; byte 19: 0x0F→0x1B bit(s) [4]; byte 23: 0x34→0x88 bit(s) [7]
[14:24:26.617] P-02 rel 0x11/78 B: byte 17: 0xFA→0xF1 bit(s) [3]; byte 21: 0x2A→0xA0 bit(s) [7]; byte 24: 0x15→0x14 bit(s) [0]
[14:24:26.634] P-02 rel 0x11/78 B: byte 15: 0x90→0x7E bit(s) [3, 5, 6, 7]; byte 17: 0xF1→0xEB bit(s) [3, 4]; byte 23: 0xD2→0x5C bit(s) [7]; byte 24: 0x14→0x15 bit(s) [0]
[14:24:26.648] P-02 rel 0x11/78 B: byte 15: 0x7E→0x95 bit(s) [3, 5, 6, 7]; byte 17: 0xEB→0xDE bit(s) [4, 5]; byte 19: 0x1B→0x29 bit(s) [4, 5]; byte 21: 0x8A→0x76 bit(s) [7]; byte 23: 0x5C→0x84 bit(s) [7]
[14:24:26.663] P-02 rel 0x11/78 B: byte 15: 0x95→0xED bit(s) [3, 4, 5, 6]; byte 17: 0xDE→0xE1 bit(s) [3, 4, 5]; byte 19: 0x29→0x1E bit(s) [4, 5]; byte 23: 0x84→0x44 bit(s) [7]
[14:24:26.678] P-02 rel 0x11/78 B: byte 15: 0xED→0x0B bit(s) [5, 6, 7]; byte 16: 0x00→0x01 bit(s) [0]; byte 17: 0xE1→0xEA bit(s) [3]; byte 23: 0x44→0xEE bit(s) [7]
[14:24:26.693] P-02 rel 0x11/78 B: byte 15: 0x0B→0x4A bit(s) [6]; byte 17: 0xEA→0xF3 bit(s) [3, 4]; byte 19: 0x1D→0x21 bit(s) [4, 5]; byte 23: 0xEE→0x4C bit(s) [7]
[14:24:26.709] P-02 rel 0x11/78 B: byte 15: 0x4A→0x7C bit(s) [4, 5]; byte 17: 0xF3→0xFD bit(s) [3]; byte 19: 0x21→0x0E bit(s) [5]; byte 24: 0x15→0x14 bit(s) [0]
[14:24:26.725] P-02 rel 0x11/78 B: byte 15: 0x7C→0x74 bit(s) [3]; byte 17: 0xFD→0x07 bit(s) [3, 4, 5, 6, 7]; byte 18: 0xFF→0x00 bit(s) [0, 1, 2, 3, 4, 5, 6, 7]; byte 19: 0x0E→0xF6 bit(s) [4, 5, 6, 7]; byte 20: 0x00→0xFF bit(s) [0, 1, 2, 3, 4, 5, 6, 7]
[14:24:26.755] P-02 rel 0x11/78 B: byte 15: 0x74→0x89 bit(s) [3, 4, 5, 6, 7]; byte 17: 0x07→0x09 bit(s) [3]; byte 21: 0x40→0xE0 bit(s) [7]; byte 22: 0x02→0x01 bit(s) [0, 1]; byte 23: 0x5E→0xB2 bit(s) [7]; byte 26: 0x07→0x06 bit(s) [0]
[14:24:27.008]      … 14 linha(s) suprimida(s) neste segundo
[14:24:27.008] P-02 rel 0x11/78 B: byte 15: 0xD2→0x09 bit(s) [3, 4, 6, 7]; byte 17: 0xFA→0xED bit(s) [4]; byte 19: 0x0E→0x2F bit(s) [5]; byte 24: 0x10→0x11 bit(s) [0]
[14:24:27.023] P-02 rel 0x11/78 B: byte 15: 0x09→0xD3 bit(s) [3, 4, 6, 7]; byte 16: 0xFF→0xFE bit(s) [0]; byte 19: 0x2F→0x39 bit(s) [4]
[14:24:27.038] P-02 rel 0x11/78 B: byte 15: 0xD3→0xB6 bit(s) [5, 6]; byte 21: 0x72→0x8E bit(s) [7]; byte 26: 0x04→0x05 bit(s) [0]
[14:24:27.054] P-02 rel 0x11/78 B: byte 15: 0xB6→0x9C bit(s) [3, 5]; byte 19: 0x34→0x25 bit(s) [4]; byte 23: 0x64→0x98 bit(s) [7]
[14:24:27.069] P-02 rel 0x11/78 B: byte 15: 0x9C→0x93 bit(s) [3]; byte 17: 0xED→0xF5 bit(s) [3, 4]; byte 19: 0x25→0x18 bit(s) [4, 5]; byte 21: 0x86→0x7A bit(s) [7]; byte 23: 0x98→0x20 bit(s) [7]; byte 24: 0x11→0x12 bit(s) [0, 1]
[14:24:27.097] P-02 rel 0x11/78 B: byte 15: 0x93→0xA7 bit(s) [4, 5]; byte 17: 0xF5→0x01 bit(s) [4, 5, 6, 7]; byte 18: 0xFF→0x00 bit(s) [0, 1, 2, 3, 4, 5, 6, 7]; byte 23: 0x20→0xDE bit(s) [7]
[14:24:27.114] P-02 rel 0x11/78 B: byte 15: 0xA7→0xD8 bit(s) [3, 4, 5, 6]; byte 17: 0x01→0x09 bit(s) [3]; byte 23: 0xDE→0x0A bit(s) [7]; byte 24: 0x12→0x13 bit(s) [0]
[14:24:27.129] P-02 rel 0x11/78 B: byte 15: 0xD8→0xE8 bit(s) [4, 5]; byte 19: 0x14→0x0B bit(s) [4]; byte 23: 0x0A→0xD8 bit(s) [7]; byte 24: 0x13→0x12 bit(s) [0]
[14:24:27.144] P-02 rel 0x11/78 B: byte 15: 0xE8→0xBA bit(s) [4, 6]; byte 24: 0x12→0x13 bit(s) [0]; byte 26: 0x05→0x06 bit(s) [0]
[14:24:27.159] P-02 rel 0x11/78 B: byte 15: 0xBA→0xD4 bit(s) [3, 5, 6]; byte 17: 0x0B→0x05 bit(s) [3]
[14:24:27.173] P-02 rel 0x11/78 B: byte 15: 0xD4→0xF7 bit(s) [5]; byte 19: 0x0B→0x12 bit(s) [4]
[14:24:27.190] P-02 rel 0x11/78 B: byte 15: 0xF7→0x37 bit(s) [6, 7]; byte 16: 0xFE→0xFF bit(s) [0]; byte 19: 0x12→0x0F bit(s) [4]; byte 21: 0x50→0xC0 bit(s) [7]
[14:24:27.205] P-02 rel 0x11/78 B: byte 15: 0x37→0x69 bit(s) [3, 4, 6]; byte 17: 0x03→0xF7 bit(s) [4, 5, 6, 7]; byte 18: 0x00→0xFF bit(s) [0, 1, 2, 3, 4, 5, 6, 7]; byte 21: 0xC0→0x74 bit(s) [7]
[14:24:27.219] P-02 rel 0x11/78 B: byte 15: 0x69→0x5D bit(s) [4, 5]; byte 19: 0x05→0xF6 bit(s) [4, 5, 6, 7]; byte 20: 0x00→0xFF bit(s) [0, 1, 2, 3, 4, 5, 6, 7]; byte 23: 0xAE→0x78 bit(s) [7]
[14:24:27.233] P-02 rel 0x11/78 B: byte 15: 0x5D→0x44 bit(s) [3, 4]; byte 19: 0xF6→0xEB bit(s) [4]
[14:24:27.248] P-02 rel 0x11/78 B: byte 15: 0x44→0x22 bit(s) [5, 6]; byte 23: 0x60→0x90 bit(s) [7]
[14:24:27.264] P-02 rel 0x11/78 B: byte 15: 0x22→0x14 bit(s) [4, 5]; byte 19: 0xE8→0xF6 bit(s) [4]; byte 23: 0x90→0x0A bit(s) [7]; byte 24: 0x13→0x14 bit(s) [0, 1, 2]
[14:24:27.278] P-02 rel 0x11/78 B: byte 15: 0x14→0x29 bit(s) [3, 4, 5]; byte 19: 0xF6→0x04 bit(s) [4, 5, 6, 7]; byte 20: 0xFF→0x00 bit(s) [0, 1, 2, 3, 4, 5, 6, 7]; byte 23: 0x0A→0xE0 bit(s) [7]; byte 24: 0x14→0x13 bit(s) [0, 1, 2]
[14:24:27.293] P-02 rel 0x11/78 B: byte 15: 0x29→0x21 bit(s) [3]; byte 21: 0x78→0xA4 bit(s) [7]; byte 23: 0xE0→0x52 bit(s) [7]; byte 24: 0x13→0x14 bit(s) [0, 1, 2]
[14:24:27.308] P-02 rel 0x11/78 B: byte 15: 0x21→0x18 bit(s) [3, 4, 5]; byte 17: 0xF1→0xED bit(s) [3, 4]
[14:24:27.323] P-02 rel 0x11/78 B: byte 15: 0x18→0x0B bit(s) [4]; byte 19: 0x08→0xFF bit(s) [4, 5, 6, 7]; byte 20: 0x00→0xFF bit(s) [0, 1, 2, 3, 4, 5, 6, 7]
[14:24:27.338] P-02 rel 0x11/78 B: byte 15: 0x0B→0xE9 bit(s) [5, 6, 7]; byte 16: 0xFF→0xFE bit(s) [0]; byte 17: 0xEB→0xDD bit(s) [4, 5]; byte 26: 0x06→0x07 bit(s) [0]
[14:24:27.353] P-02 rel 0x11/78 B: byte 15: 0xE9→0xDB bit(s) [4, 5]; byte 17: 0xDD→0xC9 bit(s) [4]; byte 19: 0xF3→0xE4 bit(s) [4]; byte 21: 0xBE→0x60 bit(s) [7]
[14:24:27.368] P-02 rel 0x11/78 B: byte 15: 0xDB→0xD6 bit(s) [3]; byte 17: 0xC9→0xBA bit(s) [4, 5, 6]; byte 19: 0xE4→0xD8 bit(s) [4, 5]
[14:24:27.383] P-02 rel 0x11/78 B: byte 15: 0xD6→0xE0 bit(s) [4, 5]; byte 19: 0xD8→0xCF bit(s) [4]; byte 23: 0x30→0xD2 bit(s) [7]
[14:24:27.398] P-02 rel 0x11/78 B: byte 15: 0xE0→0x08 bit(s) [3, 5, 6, 7]; byte 16: 0xFE→0xFF bit(s) [0]; byte 19: 0xCF→0xD6 bit(s) [4]; byte 23: 0xD2→0x44 bit(s) [7]; byte 24: 0x14→0x15 bit(s) [0]
[14:24:27.414] P-02 rel 0x11/78 B: byte 15: 0x08→0x1D bit(s) [4]; byte 17: 0xB8→0xAE bit(s) [4]; byte 19: 0xD6→0xE0 bit(s) [4, 5]; byte 21: 0x20→0xF2 bit(s) [7]; byte 22: 0x02→0x01 bit(s) [0, 1]
[14:24:27.429] P-02 rel 0x11/78 B: byte 15: 0x1D→0x2D bit(s) [4, 5]; byte 17: 0xAE→0x9C bit(s) [4, 5]
[14:24:27.444] P-02 rel 0x11/78 B: byte 15: 0x2D→0x47 bit(s) [3, 5, 6]; byte 17: 0x9C→0x90 bit(s) [3]; byte 21: 0xE8→0x2E bit(s) [7]; byte 22: 0x01→0x02 bit(s) [0, 1]
[14:24:27.459] P-02 rel 0x11/78 B: byte 15: 0x47→0x56 bit(s) [4]; byte 17: 0x90→0x85 bit(s) [4]; byte 23: 0x26→0xDA bit(s) [7]; byte 24: 0x15→0x14 bit(s) [0]
[14:24:27.473] P-02 rel 0x11/78 B: byte 15: 0x56→0x4C bit(s) [3, 4]; byte 19: 0xE4→0xDE bit(s) [4, 5]
[14:24:27.488] P-02 rel 0x11/78 B: byte 15: 0x4C→0x37 bit(s) [3, 4, 5, 6]; byte 21: 0x0A→0xE6 bit(s) [7]
[14:24:27.517] P-02 rel 0x11/78 B: byte 15: 0x37→0x1B bit(s) [3, 5]; byte 17: 0x80→0x7A bit(s) [3, 4, 5, 6, 7]; byte 19: 0xD7→0xC7 bit(s) [4]; byte 22: 0x02→0x01 bit(s) [0, 1]; byte 23: 0xD8→0x70 bit(s) [7]; byte 24: 0x14→0x15 bit(s) [0]
[14:24:27.533] P-02 rel 0x11/78 B: byte 15: 0x1B→0x27 bit(s) [3, 4, 5]; byte 17: 0x7A→0x6D bit(s) [4]; byte 19: 0xC7→0xBF bit(s) [4, 5, 6]; byte 23: 0x70→0x84 bit(s) [7]
[14:24:27.548] P-02 rel 0x11/78 B: byte 15: 0x27→0x2D bit(s) [3]; byte 17: 0x6D→0x54 bit(s) [3, 4, 5]; byte 23: 0x84→0x2E bit(s) [7]; byte 24: 0x15→0x16 bit(s) [0, 1]; byte 26: 0x07→0x08 bit(s) [0]
[14:24:27.563] P-02 rel 0x11/78 B: byte 15: 0x2D→0x38 bit(s) [4]; byte 17: 0x54→0x4A bit(s) [3, 4]; byte 21: 0xA6→0x1A bit(s) [7]; byte 23: 0x2E→0xCE bit(s) [7]; byte 24: 0x16→0x15 bit(s) [0, 1]; byte 26: 0x08→0x07 bit(s) [0]
[14:24:27.578] P-02 rel 0x11/78 B: byte 15: 0x38→0x70 bit(s) [3, 6]; byte 17: 0x4A→0x44 bit(s) [3]; byte 19: 0xBD→0xCA bit(s) [4, 5, 6]; byte 26: 0x07→0x08 bit(s) [0]
[14:24:27.607] P-02 rel 0x11/78 B: byte 15: 0x70→0x78 bit(s) [3]; byte 17: 0x44→0x2D bit(s) [3, 5, 6]; byte 19: 0xCA→0xD3 bit(s) [4]; byte 21: 0x4A→0xF2 bit(s) [7]; byte 22: 0x01→0x00 bit(s) [0]; byte 23: 0xEA→0x26 bit(s) [7]; byte 24: 0x15→0x16 bit(s) [0, 1]
[14:24:27.624] P-02 rel 0x11/78 B: byte 15: 0x78→0x63 bit(s) [3, 4]; byte 17: 0x2D→0x11 bit(s) [3, 4, 5]; byte 19: 0xD3→0xEA bit(s) [4, 5]; byte 23: 0x26→0xFA bit(s) [7]; byte 24: 0x16→0x15 bit(s) [0, 1]
[14:24:27.639] P-02 rel 0x11/78 B: byte 15: 0x63→0x5C bit(s) [3, 4, 5]; byte 17: 0x11→0xF8 bit(s) [3, 5, 6, 7]; byte 18: 0xFF→0xFE bit(s) [0]; byte 19: 0xEA→0xFB bit(s) [4]; byte 21: 0xAE→0x58 bit(s) [7]; byte 23: 0xFA→0x1E bit(s) [7]; byte 24: 0x15→0x16 bit(s) [0, 1]
[14:24:28.014]      … 22 linha(s) suprimida(s) neste segundo
[14:24:28.014] P-02 rel 0x11/78 B: byte 15: 0x3E→0x16 bit(s) [3, 5]; byte 17: 0xE9→0x2F bit(s) [6, 7]; byte 18: 0xFD→0xFE bit(s) [0, 1]; byte 19: 0xD8→0xF7 bit(s) [5]; byte 23: 0x74→0xA8 bit(s) [7]; byte 24: 0x15→0x14 bit(s) [0]
[14:24:28.029] P-02 rel 0x11/78 B: byte 15: 0x16→0x3D bit(s) [3, 5]; byte 16: 0x00→0xFE bit(s) [1, 2, 3, 4, 5, 6, 7]; byte 17: 0x2F→0xF3 bit(s) [3, 4, 6, 7]; byte 19: 0xF7→0x98 bit(s) [5, 6]; byte 20: 0x01→0x00 bit(s) [0]; byte 22: 0xFA→0xF9 bit(s) [0, 1]; byte 23: 0xA8→0x08 bit(s) [7]; byte 24: 0x14→0x11 bit(s) [0, 2]; byte 26: 0x09→0x0A bit(s) [0]
[14:24:28.044] P-02 rel 0x11/78 B: byte 15: 0x3D→0xE7 bit(s) [3, 4, 6, 7]; byte 16: 0xFE→0xFB bit(s) [0, 2]; byte 17: 0xF3→0x96 bit(s) [5, 6]; byte 18: 0xFE→0xFF bit(s) [0]; byte 19: 0x98→0xFB bit(s) [5, 6]; byte 20: 0x00→0xFE bit(s) [1, 2, 3, 4, 5, 6, 7]; byte 21: 0x52→0x96 bit(s) [7]; byte 22: 0xF9→0xFA bit(s) [0, 1]; byte 24: 0x11→0x17 bit(s) [1, 2]; byte 26: 0x0A→0x0B bit(s) [0]
[14:24:28.059] P-02 rel 0x11/78 B: byte 15: 0xE7→0xCA bit(s) [3, 5]; byte 16: 0xFB→0xFD bit(s) [1, 2]; byte 17: 0x96→0x34 bit(s) [5, 7]; byte 18: 0xFF→0x00 bit(s) [0, 1, 2, 3, 4, 5, 6, 7]; byte 19: 0xFB→0xEE bit(s) [4]; byte 24: 0x17→0x1A bit(s) [0, 2, 3]; byte 26: 0x0B→0x0A bit(s) [0]
[14:24:28.073] P-02 rel 0x11/78 B: byte 15: 0xCA→0xD1 bit(s) [3, 4]; byte 16: 0xFD→0xFE bit(s) [0, 1]; byte 17: 0x34→0x88 bit(s) [3, 4, 5, 7]; byte 19: 0xEE→0x08 bit(s) [5, 6, 7]; byte 20: 0xFE→0xFF bit(s) [0]; byte 24: 0x1A→0x1B bit(s) [0]; byte 26: 0x0A→0x0B bit(s) [0]
[14:24:28.088] P-02 rel 0x11/78 B: byte 15: 0xD1→0x94 bit(s) [6]; byte 16: 0xFE→0xFF bit(s) [0]; byte 17: 0x88→0xBE bit(s) [4, 5]; byte 19: 0x08→0x59 bit(s) [4, 6]; byte 21: 0xF6→0x04 bit(s) [7]; byte 22: 0xFA→0xFB bit(s) [0]
[14:24:28.103] P-02 rel 0x11/78 B: byte 15: 0x94→0x53 bit(s) [6, 7]; byte 17: 0xBE→0xFE bit(s) [6]; byte 19: 0x59→0x71 bit(s) [5]; byte 21: 0x04→0xDE bit(s) [7]; byte 22: 0xFB→0xF9 bit(s) [1]; byte 24: 0x1B→0x17 bit(s) [2, 3]; byte 26: 0x0B→0x0C bit(s) [0]
[14:24:28.118] P-02 rel 0x11/78 B: byte 15: 0x53→0xE3 bit(s) [4, 5, 7]; byte 16: 0xFF→0xFE bit(s) [0]; byte 17: 0xFE→0x4A bit(s) [4, 5, 7]; byte 18: 0x00→0x01 bit(s) [0]; byte 19: 0x71→0x17 bit(s) [5, 6]; byte 21: 0xDE→0x08 bit(s) [7]; byte 23: 0x62→0x96 bit(s) [7]; byte 24: 0x17→0x18 bit(s) [0, 1, 2, 3]; byte 26: 0x0C→0x0D bit(s) [0]
[14:24:28.133] P-02 rel 0x11/78 B: byte 15: 0xE3→0x77 bit(s) [4, 7]; byte 16: 0xFE→0xFF bit(s) [0]; byte 17: 0x4A→0x73 bit(s) [3, 4, 5]; byte 19: 0x17→0x22 bit(s) [4, 5]; byte 24: 0x18→0x1A bit(s) [1]
[14:24:28.149] P-02 rel 0x11/78 B: byte 15: 0x77→0x22 bit(s) [4, 6]; byte 16: 0xFF→0x00 bit(s) [0, 1, 2, 3, 4, 5, 6, 7]; byte 17: 0x73→0xA5 bit(s) [4, 6, 7]; byte 19: 0x22→0x8E bit(s) [5, 7]; byte 22: 0xF9→0xFA bit(s) [0, 1]; byte 24: 0x1A→0x18 bit(s) [1]
[14:24:28.163] P-02 rel 0x11/78 B: byte 15: 0x22→0x1F bit(s) [3, 4, 5]; byte 17: 0xA5→0x84 bit(s) [5]; byte 19: 0x8E→0xF2 bit(s) [4, 5, 6]; byte 21: 0x40→0xC4 bit(s) [7]; byte 22: 0xFA→0xFC bit(s) [1, 2]; byte 23: 0xC4→0x50 bit(s) [7]; byte 26: 0x0B→0x0A bit(s) [0]
[14:24:28.178] P-02 rel 0x11/78 B: byte 17: 0x84→0xF7 bit(s) [4, 5, 6]; byte 18: 0x01→0x00 bit(s) [0]; byte 19: 0xF2→0x1B bit(s) [5, 6, 7]; byte 20: 0xFF→0x00 bit(s) [0, 1, 2, 3, 4, 5, 6, 7]; byte 21: 0xC4→0x24 bit(s) [7]; byte 22: 0xFC→0xFD bit(s) [0]; byte 26: 0x0A→0x09 bit(s) [0]
[14:24:28.193] P-02 rel 0x11/78 B: byte 15: 0x19→0x39 bit(s) [5]; byte 17: 0xF7→0x70 bit(s) [7]
[14:24:28.208] P-02 rel 0x11/78 B: byte 15: 0x39→0x4C bit(s) [4, 5, 6]; byte 17: 0x70→0xF3 bit(s) [7]; byte 18: 0x00→0xFF bit(s) [0, 1, 2, 3, 4, 5, 6, 7]; byte 23: 0x32→0xAC bit(s) [7]; byte 24: 0x18→0x17 bit(s) [0, 1, 2, 3]; byte 26: 0x09→0x08 bit(s) [0]
[14:24:28.223] P-02 rel 0x11/78 B: byte 15: 0x4C→0x5F bit(s) [4]; byte 17: 0xF3→0xDF bit(s) [3, 5]; byte 19: 0x1A→0x2E bit(s) [4, 5]; byte 21: 0x3C→0xB4 bit(s) [7]; byte 22: 0xFD→0xFC bit(s) [0]; byte 23: 0xAC→0x3C bit(s) [7]; byte 26: 0x08→0x09 bit(s) [0]
[14:24:28.238] P-02 rel 0x11/78 B: byte 15: 0x5F→0x73 bit(s) [3, 5]; byte 17: 0xDF→0xE8 bit(s) [4, 5]; byte 19: 0x2E→0x50 bit(s) [4, 5, 6]; byte 22: 0xFC→0xFB bit(s) [0, 1, 2]; byte 24: 0x17→0x16 bit(s) [0]; byte 26: 0x09→0x0A bit(s) [0]
[14:24:28.253] P-02 rel 0x11/78 B: byte 15: 0x73→0x7C bit(s) [3]; byte 17: 0xE8→0xE5 bit(s) [3]; byte 19: 0x50→0x4D bit(s) [4]; byte 21: 0xAA→0x08 bit(s) [7]; byte 22: 0xFB→0xFC bit(s) [0, 1, 2]; byte 23: 0x6C→0xC2 bit(s) [7]
[14:24:28.268] P-02 rel 0x11/78 B: byte 15: 0x7C→0x38 bit(s) [6]; byte 17: 0xE5→0xEE bit(s) [3]
[14:24:28.283] P-02 rel 0x11/78 B: byte 15: 0x38→0x16 bit(s) [3, 5]; byte 17: 0xEE→0xF3 bit(s) [3, 4]; byte 21: 0x48→0xF4 bit(s) [7]; byte 22: 0xFC→0xFB bit(s) [0, 1, 2]; byte 24: 0x16→0x17 bit(s) [0]; byte 26: 0x0A→0x09 bit(s) [0]
[14:24:28.298] P-02 rel 0x11/78 B: byte 15: 0x16→0xF5 bit(s) [5, 6, 7]; byte 16: 0x00→0xFF bit(s) [0, 1, 2, 3, 4, 5, 6, 7]; byte 17: 0xF3→0x1A bit(s) [3, 5, 6, 7]; byte 18: 0xFF→0x00 bit(s) [0, 1, 2, 3, 4, 5, 6, 7]; byte 21: 0xF4→0x16 bit(s) [7]; byte 24: 0x17→0x18 bit(s) [0, 1, 2, 3]
[14:24:28.314] P-02 rel 0x11/78 B: byte 15: 0xF5→0xD7 bit(s) [5]; byte 17: 0x1A→0x31 bit(s) [3, 5]; byte 19: 0x4B→0x62 bit(s) [5]; byte 21: 0x16→0x8E bit(s) [7]; byte 26: 0x09→0x0A bit(s) [0]
[14:24:28.329] P-02 rel 0x11/78 B: byte 15: 0xD7→0x48 bit(s) [3, 4, 7]; byte 16: 0xFF→0x00 bit(s) [0, 1, 2, 3, 4, 5, 6, 7]; byte 17: 0x31→0x7E bit(s) [3, 6]; byte 19: 0x62→0x9F bit(s) [4, 5, 6, 7]; byte 22: 0xFB→0xFA bit(s) [0]; byte 23: 0xE6→0x7C bit(s) [7]; byte 24: 0x18→0x19 bit(s) [0]
[14:24:28.344] P-02 rel 0x11/78 B: byte 15: 0x48→0xB7 bit(s) [3, 4, 5, 6, 7]; byte 17: 0x7E→0xA1 bit(s) [3, 4, 6, 7]; byte 19: 0x9F→0xB9 bit(s) [5]; byte 22: 0xFA→0xFC bit(s) [1, 2]; byte 24: 0x19→0x18 bit(s) [0]; byte 26: 0x0A→0x0B bit(s) [0]
[14:24:28.358] P-02 rel 0x11/78 B: byte 15: 0xB7→0xE3 bit(s) [4, 6]; byte 17: 0xA1→0x62 bit(s) [6, 7]; byte 19: 0xB9→0x4A bit(s) [4, 5, 6, 7]; byte 22: 0xFC→0xFE bit(s) [1]
[14:24:28.374] P-02 rel 0x11/78 B: byte 15: 0xE3→0xC1 bit(s) [5]; byte 17: 0x62→0x2B bit(s) [3, 6]; byte 19: 0x4A→0x03 bit(s) [6]; byte 21: 0xC4→0x5E bit(s) [7]; byte 22: 0xFE→0xFF bit(s) [0]; byte 23: 0x72→0xB0 bit(s) [7]; byte 26: 0x09→0x08 bit(s) [0]
[14:24:28.389] P-02 rel 0x11/78 B: byte 15: 0xC1→0xCF bit(s) [3]; byte 17: 0x2B→0xF0 bit(s) [3, 4, 6, 7]; byte 18: 0x00→0xFF bit(s) [0, 1, 2, 3, 4, 5, 6, 7]; byte 19: 0x03→0xCC bit(s) [6, 7]; byte 20: 0x00→0xFF bit(s) [0, 1, 2, 3, 4, 5, 6, 7]; byte 23: 0xB0→0x42 bit(s) [7]
[14:24:28.404] P-02 rel 0x11/78 B: byte 15: 0xCF→0x09 bit(s) [6, 7]; byte 16: 0x00→0x01 bit(s) [0]; byte 17: 0xF0→0xDB bit(s) [3, 5]; byte 19: 0xCC→0xAA bit(s) [5, 6]; byte 21: 0x1A→0x9A bit(s) [7]; byte 22: 0xFF→0xFE bit(s) [0]; byte 23: 0x42→0xE4 bit(s) [7]; byte 24: 0x18→0x16 bit(s) [1, 2, 3]
[14:24:28.418] P-02 rel 0x11/78 B: byte 15: 0x09→0xEA bit(s) [5, 6, 7]; byte 16: 0x01→0x00 bit(s) [0]; byte 19: 0xAA→0x7D bit(s) [4, 6, 7]; byte 21: 0x9A→0x1C bit(s) [7]; byte 23: 0xE4→0x38 bit(s) [7]; byte 26: 0x08→0x09 bit(s) [0]
[14:24:28.433] P-02 rel 0x11/78 B: byte 15: 0xEA→0xBC bit(s) [4, 6]; byte 17: 0xDF→0xF5 bit(s) [3, 5]; byte 19: 0x7D→0x5B bit(s) [5]; byte 21: 0x1C→0xB2 bit(s) [7]; byte 22: 0xFE→0xFD bit(s) [0, 1]; byte 23: 0x38→0xD4 bit(s) [7]; byte 24: 0x16→0x15 bit(s) [0, 1]
[14:24:28.448] P-02 rel 0x11/78 B: byte 15: 0xBC→0x78 bit(s) [6, 7]; byte 17: 0xF5→0x05 bit(s) [4, 5, 6, 7]; byte 18: 0xFF→0x00 bit(s) [0, 1, 2, 3, 4, 5, 6, 7]; byte 19: 0x5B→0x35 bit(s) [5, 6]; byte 21: 0xB2→0x18 bit(s) [7]; byte 23: 0xD4→0x0E bit(s) [7]; byte 24: 0x15→0x16 bit(s) [0, 1]
[14:24:28.463] P-02 rel 0x11/78 B: byte 15: 0x78→0x17 bit(s) [3, 5, 6]; byte 17: 0x05→0x1F bit(s) [3, 4]; byte 22: 0xFD→0xFC bit(s) [0]; byte 23: 0x0E→0xFA bit(s) [7]; byte 24: 0x16→0x15 bit(s) [0, 1]; byte 26: 0x09→0x08 bit(s) [0]
[14:24:28.478] P-02 rel 0x11/78 B: byte 15: 0x17→0x1C bit(s) [3]; byte 17: 0x1F→0x6B bit(s) [4, 5, 6]; byte 19: 0x37→0x57 bit(s) [5, 6]; byte 22: 0xFC→0xFB bit(s) [0, 1, 2]; byte 23: 0xFA→0x6C bit(s) [7]; byte 26: 0x08→0x09 bit(s) [0]
[14:24:28.494] P-02 rel 0x11/78 B: byte 15: 0x1C→0x27 bit(s) [3, 4, 5]; byte 19: 0x57→0x42 bit(s) [4]; byte 22: 0xFB→0xFC bit(s) [0, 1, 2]; byte 24: 0x15→0x16 bit(s) [0, 1]
[14:24:28.508] P-02 rel 0x11/78 B: byte 15: 0x27→0x08 bit(s) [3, 5]; byte 17: 0x69→0x53 bit(s) [3, 4, 5]; byte 19: 0x42→0x1A bit(s) [4, 6]; byte 23: 0x5A→0xC2 bit(s) [7]; byte 26: 0x09→0x08 bit(s) [0]
[14:24:28.524] P-02 rel 0x11/78 B: byte 15: 0x08→0xE0 bit(s) [3, 5, 6, 7]; byte 16: 0x00→0xFF bit(s) [0, 1, 2, 3, 4, 5, 6, 7]; byte 17: 0x53→0x37 bit(s) [5, 6]; byte 19: 0x1A→0xF1 bit(s) [5, 6, 7]; byte 20: 0xFF→0xFE bit(s) [0]; byte 21: 0x74→0xC0 bit(s) [7]
[14:24:28.538] P-02 rel 0x11/78 B: byte 15: 0xE0→0xD0 bit(s) [4, 5]; byte 17: 0x37→0x15 bit(s) [5]; byte 19: 0xF1→0xC2 bit(s) [4, 5]; byte 21: 0xC0→0x48 bit(s) [7]; byte 23: 0xAA→0x08 bit(s) [7]; byte 24: 0x16→0x17 bit(s) [0]
[14:24:28.567] P-02 rel 0x11/78 B: byte 15: 0xD0→0xDE bit(s) [3]; byte 17: 0x15→0x0C bit(s) [3, 4]; byte 19: 0xC2→0xB7 bit(s) [4, 5, 6]; byte 21: 0x48→0xEE bit(s) [7]; byte 22: 0xFC→0xFB bit(s) [0, 1, 2]
[14:24:28.583] P-02 rel 0x11/78 B: byte 15: 0xDE→0xF8 bit(s) [5]; byte 17: 0x0C→0x15 bit(s) [3, 4]; byte 21: 0xEE→0x00 bit(s) [7]; byte 22: 0xFB→0xFC bit(s) [0, 1, 2]; byte 23: 0x14→0xF2 bit(s) [7]; byte 24: 0x17→0x16 bit(s) [0]; byte 26: 0x08→0x09 bit(s) [0]
[14:24:28.598] P-02 rel 0x11/78 B: byte 15: 0xF8→0x34 bit(s) [3, 6, 7]; byte 16: 0xFF→0x00 bit(s) [0, 1, 2, 3, 4, 5, 6, 7]; byte 17: 0x15→0x18 bit(s) [3]; byte 19: 0xB9→0xC5 bit(s) [4, 5, 6]; byte 21: 0x00→0xE4 bit(s) [7]; byte 22: 0xFC→0xFB bit(s) [0, 1, 2]
[14:24:28.614] P-02 rel 0x11/78 B: byte 15: 0x34→0x2A bit(s) [3, 4]; byte 17: 0x18→0x16 bit(s) [3]; byte 26: 0x09→0x08 bit(s) [0]
[14:24:29.003]      … 24 linha(s) suprimida(s) neste segundo
[14:24:29.003] P-02 rel 0x11/78 B: byte 15: 0xDC→0x17 bit(s) [3, 6, 7]; byte 16: 0xFF→0x00 bit(s) [0, 1, 2, 3, 4, 5, 6, 7]; byte 17: 0xEE→0xFB bit(s) [4]; byte 19: 0x5F→0x48 bit(s) [4]; byte 26: 0x0A→0x09 bit(s) [0]
[14:24:29.018] P-02 rel 0x11/78 B: byte 15: 0x17→0x63 bit(s) [4, 5, 6]; byte 17: 0xFB→0x0B bit(s) [4, 5, 6, 7]; byte 18: 0xFF→0x00 bit(s) [0, 1, 2, 3, 4, 5, 6, 7]; byte 19: 0x48→0x2D bit(s) [5, 6]; byte 23: 0x3A→0xE0 bit(s) [7]
[14:24:29.034] P-02 rel 0x11/78 B: byte 15: 0x63→0x97 bit(s) [4, 5, 6, 7]; byte 17: 0x0B→0x12 bit(s) [3, 4]; byte 23: 0xE0→0x14 bit(s) [7]; byte 24: 0x15→0x16 bit(s) [0, 1]
[14:24:29.048] P-02 rel 0x11/78 B: byte 15: 0x97→0xA6 bit(s) [4, 5]; byte 19: 0x20→0x0D bit(s) [5]; byte 26: 0x09→0x08 bit(s) [0]
[14:24:29.078] P-02 rel 0x11/78 B: byte 15: 0xA6→0x8A bit(s) [3, 5]; byte 17: 0x17→0x1E bit(s) [3]; byte 19: 0x0D→0xFB bit(s) [4, 5, 6, 7]; byte 20: 0x00→0xFF bit(s) [0, 1, 2, 3, 4, 5, 6, 7]; byte 23: 0x24→0xBA bit(s) [7]; byte 24: 0x16→0x15 bit(s) [0, 1]
[14:24:29.094] P-02 rel 0x11/78 B: byte 15: 0x8A→0x83 bit(s) [3]; byte 17: 0x1E→0x21 bit(s) [3, 4, 5]; byte 19: 0xFB→0xE9 bit(s) [4]; byte 21: 0x1A→0xF2 bit(s) [7]; byte 22: 0xFA→0xF9 bit(s) [0, 1]
[14:24:29.108] P-02 rel 0x11/78 B: byte 15: 0x83→0x7F bit(s) [3, 4, 5, 6, 7]; byte 19: 0xE9→0xD4 bit(s) [4, 5]; byte 21: 0xF2→0x3A bit(s) [7]; byte 22: 0xF9→0xFA bit(s) [0, 1]
[14:24:29.124] P-02 rel 0x11/78 B: byte 15: 0x7F→0xA2 bit(s) [3, 4, 6, 7]; byte 17: 0x23→0x2A bit(s) [3]; byte 19: 0xD4→0xB3 bit(s) [5, 6]; byte 23: 0xD6→0x42 bit(s) [7]; byte 24: 0x15→0x16 bit(s) [0, 1]
[14:24:29.138] P-02 rel 0x11/78 B: byte 15: 0xA2→0x94 bit(s) [4, 5]; byte 19: 0xB3→0xAB bit(s) [4]; byte 21: 0x0E→0xEA bit(s) [7]; byte 22: 0xFA→0xF9 bit(s) [0, 1]
[14:24:29.154] P-02 rel 0x11/78 B: byte 15: 0x94→0x6F bit(s) [3, 4, 5, 6, 7]; byte 17: 0x2E→0x31 bit(s) [3, 4]
[14:24:29.168] P-02 rel 0x11/78 B: byte 15: 0x6F→0x4E bit(s) [5]; byte 17: 0x31→0x2F bit(s) [3, 4]; byte 19: 0xAC→0xB0 bit(s) [4]; byte 23: 0x74→0x80 bit(s) [7]
[14:24:29.183] P-02 rel 0x11/78 B: byte 15: 0x4E→0x3A bit(s) [4, 5, 6]; byte 17: 0x2F→0x30 bit(s) [3, 4]
[14:24:29.198] P-02 rel 0x11/78 B: byte 15: 0x3A→0x37 bit(s) [3]; byte 17: 0x30→0x27 bit(s) [4]; byte 21: 0xA6→0x7A bit(s) [7]; byte 26: 0x08→0x09 bit(s) [0]
[14:24:29.214] P-02 rel 0x11/78 B: byte 19: 0xBC→0xC5 bit(s) [4, 5, 6]; byte 23: 0x94→0x52 bit(s) [7]
[14:24:29.229] P-02 rel 0x11/78 B: byte 17: 0x23→0x1E bit(s) [3, 4, 5]
[14:24:29.244] P-02 rel 0x11/78 B: byte 15: 0x35→0x54 bit(s) [5, 6]; byte 19: 0xCE→0xD9 bit(s) [4]; byte 26: 0x09→0x08 bit(s) [0]
[14:24:29.258] P-02 rel 0x11/78 B: byte 15: 0x54→0x68 bit(s) [3, 4, 5]; byte 17: 0x1B→0x16 bit(s) [3]; byte 19: 0xD9→0xE3 bit(s) [4, 5]
[14:24:29.273] P-02 rel 0x11/78 B: byte 15: 0x68→0x76 bit(s) [3, 4]
[14:24:29.288] P-02 rel 0x11/78 B: byte 15: 0x76→0x7C bit(s) [3]; byte 19: 0xEB→0xF7 bit(s) [4]; byte 23: 0x0C→0xBA bit(s) [7]; byte 24: 0x16→0x15 bit(s) [0, 1]
[14:24:29.303] P-02 rel 0x11/78 B: byte 15: 0x7C→0x69 bit(s) [4]; byte 17: 0x13→0x09 bit(s) [3, 4]; byte 19: 0xF7→0x05 bit(s) [4, 5, 6, 7]; byte 20: 0xFF→0x00 bit(s) [0, 1, 2, 3, 4, 5, 6, 7]; byte 21: 0x6E→0x8A bit(s) [7]
[14:24:29.318] P-02 rel 0x11/78 B: byte 15: 0x69→0x4B bit(s) [5]; byte 17: 0x09→0x07 bit(s) [3]; byte 19: 0x05→0x12 bit(s) [4]; byte 23: 0xA2→0x68 bit(s) [7]
[14:24:29.334] P-02 rel 0x11/78 B: byte 15: 0x4B→0x2E bit(s) [5, 6]
[14:24:29.348] P-02 rel 0x11/78 B: byte 15: 0x2E→0x10 bit(s) [3, 4, 5]; byte 19: 0x1C→0x25 bit(s) [4, 5]
[14:24:29.363] P-02 rel 0x11/78 B: byte 15: 0x10→0xFD bit(s) [3, 5, 6, 7]; byte 16: 0x00→0xFF bit(s) [0, 1, 2, 3, 4, 5, 6, 7]; byte 17: 0x03→0xFF bit(s) [3, 4, 5, 6, 7]; byte 18: 0x00→0xFF bit(s) [0, 1, 2, 3, 4, 5, 6, 7]
[14:24:29.378] P-02 rel 0x11/78 B: byte 15: 0xFD→0xF5 bit(s) [3]
[14:24:29.393] P-02 rel 0x11/78 B: byte 19: 0x2E→0x33 bit(s) [4]; byte 23: 0x7E→0x8A bit(s) [7]
[14:24:29.409] P-02 rel 0x11/78 B: byte 17: 0xFF→0x03 bit(s) [3, 4, 5, 6, 7]; byte 18: 0xFF→0x00 bit(s) [0, 1, 2, 3, 4, 5, 6, 7]; byte 23: 0x8A→0x64 bit(s) [7]
[14:24:29.423] P-02 rel 0x11/78 B: byte 19: 0x3A→0x40 bit(s) [4, 5, 6]
[14:24:29.438] P-02 rel 0x11/78 B: byte 19: 0x40→0x3F bit(s) [4, 5, 6]
[14:24:29.453] P-02 rel 0x11/78 B: byte 15: 0xF1→0xE2 bit(s) [4]; byte 17: 0x06→0x0A bit(s) [3]; byte 19: 0x3F→0x41 bit(s) [4, 5, 6]; byte 21: 0xD2→0x0E bit(s) [7]; byte 22: 0xF9→0xFA bit(s) [0, 1]
[14:24:29.468] P-02 rel 0x11/78 B: byte 15: 0xE2→0xC8 bit(s) [3, 5]; byte 21: 0x0E→0xEA bit(s) [7]; byte 22: 0xFA→0xF9 bit(s) [0, 1]
[14:24:29.483] P-02 rel 0x11/78 B: byte 15: 0xC8→0xC0 bit(s) [3]; byte 17: 0x0A→0x07 bit(s) [3]; byte 23: 0x70→0xAC bit(s) [7]
[14:24:29.498] P-02 rel 0x11/78 B: byte 15: 0xC0→0xB8 bit(s) [3, 4, 5, 6]; byte 17: 0x07→0x09 bit(s) [3]; byte 21: 0xD0→0x06 bit(s) [7]; byte 22: 0xF9→0xFA bit(s) [0, 1]
[14:24:29.514] P-02 rel 0x11/78 B: byte 15: 0xB8→0xAB bit(s) [4]; byte 17: 0x09→0x05 bit(s) [3]; byte 21: 0x06→0xD8 bit(s) [7]; byte 22: 0xFA→0xF9 bit(s) [0, 1]
[14:24:29.529] P-02 rel 0x11/78 B: byte 15: 0xAB→0xA6 bit(s) [3]; byte 21: 0xD8→0x00 bit(s) [7]; byte 22: 0xF9→0xFA bit(s) [0, 1]
[14:24:29.544] P-02 rel 0x11/78 B: byte 15: 0xA6→0xB3 bit(s) [4]
[14:24:29.559] P-02 rel 0x11/78 B: byte 15: 0xB3→0xB9 bit(s) [3]; byte 17: 0x07→0x0B bit(s) [3]
[14:24:29.573] P-02 rel 0x11/78 B: byte 15: 0xB9→0xC0 bit(s) [3, 4, 5, 6]; byte 19: 0x4F→0x52 bit(s) [4]
[14:24:29.617] P-02 rel 0x11/78 B: byte 15: 0xC0→0xC9 bit(s) [3]
[14:24:29.633] P-02 rel 0x11/78 B: byte 15: 0xC9→0xC1 bit(s) [3]; byte 19: 0x57→0x60 bit(s) [4, 5]
[14:24:30.037]      … 22 linha(s) suprimida(s) neste segundo
[14:24:30.038] P-02 rel 0x11/78 B: byte 15: 0x98→0x56 bit(s) [3, 6, 7]; byte 17: 0xFE→0x06 bit(s) [3, 4, 5, 6, 7]; byte 18: 0xFF→0x00 bit(s) [0, 1, 2, 3, 4, 5, 6, 7]; byte 19: 0x97→0x78 bit(s) [5, 6, 7]; byte 26: 0x08→0x09 bit(s) [0]
[14:24:30.055] P-02 rel 0x11/78 B: byte 15: 0x56→0x66 bit(s) [4, 5]; byte 17: 0x06→0x0F bit(s) [3]; byte 19: 0x78→0x5E bit(s) [5]; byte 21: 0xF8→0x0A bit(s) [7]; byte 22: 0xFB→0xFC bit(s) [0, 1, 2]
[14:24:30.070] P-02 rel 0x11/78 B: byte 17: 0x0F→0x17 bit(s) [3, 4]; byte 19: 0x5E→0x4A bit(s) [4]; byte 21: 0x0A→0xEE bit(s) [7]; byte 22: 0xFC→0xFB bit(s) [0, 1, 2]; byte 23: 0xDC→0x12 bit(s) [7]; byte 24: 0x16→0x17 bit(s) [0]
[14:24:30.085] P-02 rel 0x11/78 B: byte 15: 0x64→0x80 bit(s) [5, 6, 7]; byte 17: 0x17→0x31 bit(s) [5]; byte 19: 0x4A→0x1C bit(s) [4, 6]; byte 23: 0x12→0xFA bit(s) [7]; byte 26: 0x09→0x0A bit(s) [0]
[14:24:30.099] P-02 rel 0x11/78 B: byte 15: 0x80→0x7B bit(s) [3, 4, 5, 6, 7]; byte 17: 0x31→0x39 bit(s) [3]
[14:24:30.114] P-02 rel 0x11/78 B: byte 15: 0x7B→0x6A bit(s) [4]; byte 19: 0x1A→0x07 bit(s) [4]; byte 21: 0x82→0x7C bit(s) [7]; byte 26: 0x0A→0x09 bit(s) [0]
[14:24:30.129] P-02 rel 0x11/78 B: byte 15: 0x6A→0x5D bit(s) [4, 5]; byte 17: 0x3A→0x34 bit(s) [3]; byte 19: 0x07→0xF9 bit(s) [4, 5, 6, 7]; byte 20: 0x00→0xFF bit(s) [0, 1, 2, 3, 4, 5, 6, 7]; byte 21: 0x7C→0x8A bit(s) [7]; byte 26: 0x09→0x0A bit(s) [0]
[14:24:30.144] P-02 rel 0x11/78 B: byte 15: 0x5D→0x6C bit(s) [4, 5]; byte 17: 0x34→0x2B bit(s) [3, 4]; byte 19: 0xF9→0xE5 bit(s) [4]
[14:24:30.158] P-02 rel 0x11/78 B: byte 15: 0x6C→0x81 bit(s) [3, 5, 6, 7]; byte 17: 0x2B→0x23 bit(s) [3]; byte 19: 0xE5→0xD2 bit(s) [4, 5]; byte 21: 0x82→0x68 bit(s) [7]; byte 23: 0xF0→0x42 bit(s) [7]; byte 24: 0x17→0x18 bit(s) [0, 1, 2, 3]
[14:24:30.174] P-02 rel 0x11/78 B: byte 15: 0x81→0x9F bit(s) [3, 4]; byte 17: 0x23→0x1F bit(s) [3, 4, 5]; byte 19: 0xD2→0xC7 bit(s) [4]
[14:24:30.188] P-02 rel 0x11/78 B: byte 15: 0x9F→0xBB bit(s) [5]
[14:24:30.203] P-02 rel 0x11/78 B: byte 15: 0xBB→0xD9 bit(s) [5, 6]; byte 17: 0x1A→0x17 bit(s) [3]; byte 19: 0xC1→0xB7 bit(s) [4, 5, 6]
[14:24:30.218] P-02 rel 0x11/78 B: byte 15: 0xD9→0xFB bit(s) [5]
[14:24:30.234] P-02 rel 0x11/78 B: byte 15: 0xFB→0x0D bit(s) [4, 5, 6, 7]; byte 16: 0xFF→0x00 bit(s) [0, 1, 2, 3, 4, 5, 6, 7]; byte 19: 0xB3→0xAF bit(s) [4]; byte 23: 0x0E→0xEC bit(s) [7]; byte 24: 0x18→0x17 bit(s) [0, 1, 2, 3]
[14:24:30.248] P-02 rel 0x11/78 B: byte 15: 0x0D→0x1B bit(s) [4]; byte 17: 0x10→0x0C bit(s) [3, 4]
[14:24:30.279] P-02 rel 0x11/78 B: byte 15: 0x1C→0x21 bit(s) [3, 4, 5]; byte 26: 0x0A→0x09 bit(s) [0]
[14:24:30.293] P-02 rel 0x11/78 B: byte 21: 0x74→0x92 bit(s) [7]
[14:24:30.309] P-02 rel 0x11/78 B: byte 15: 0x21→0x1A bit(s) [3, 4, 5]; byte 23: 0xAE→0x7C bit(s) [7]
[14:24:30.324] P-02 rel 0x11/78 B: byte 15: 0x1A→0x06 bit(s) [3, 4]; byte 23: 0x7C→0x96 bit(s) [7]
[14:24:30.338] P-02 rel 0x11/78 B: byte 15: 0x06→0xFC bit(s) [3, 4, 5, 6, 7]; byte 16: 0x00→0xFF bit(s) [0, 1, 2, 3, 4, 5, 6, 7]; byte 17: 0x08→0x05 bit(s) [3]; byte 23: 0x96→0x5E bit(s) [7]
[14:24:30.368] P-02 rel 0x11/78 B: byte 15: 0xFB→0xF5 bit(s) [3]; byte 17: 0x03→0x09 bit(s) [3]
[14:24:30.383] P-02 rel 0x11/78 B: byte 15: 0xF5→0xF9 bit(s) [3]; byte 21: 0x84→0x7A bit(s) [7]
[14:24:30.399] P-02 rel 0x11/78 B: byte 15: 0xF9→0x02 bit(s) [3, 4, 5, 6, 7]; byte 16: 0xFF→0x00 bit(s) [0, 1, 2, 3, 4, 5, 6, 7]
[14:24:30.414] P-02 rel 0x11/78 B: byte 15: 0x02→0x0D bit(s) [3]; byte 26: 0x09→0x0A bit(s) [0]
[14:24:30.429] P-02 rel 0x11/78 B: byte 15: 0x0D→0x14 bit(s) [3, 4]; byte 19: 0xAC→0xB4 bit(s) [4]; byte 26: 0x0A→0x09 bit(s) [0]
[14:24:30.458] P-02 rel 0x11/78 B: byte 15: 0x11→0x0C bit(s) [3, 4]; byte 19: 0xBC→0xC4 bit(s) [4, 5, 6]; byte 26: 0x09→0x0A bit(s) [0]
[14:24:30.473] P-02 rel 0x11/78 B: byte 21: 0x00→0xFA bit(s) [7]; byte 22: 0xFB→0xFA bit(s) [0]
[14:24:30.488] P-02 rel 0x11/78 B: byte 15: 0x09→0x02 bit(s) [3]; byte 26: 0x0A→0x09 bit(s) [0]
[14:24:30.503] P-02 rel 0x11/78 B: byte 19: 0xCC→0xD3 bit(s) [4]; byte 23: 0x60→0x88 bit(s) [7]; byte 26: 0x09→0x0A bit(s) [0]
[14:24:30.519] P-02 rel 0x11/78 B: byte 15: 0x05→0x0A bit(s) [3]; byte 23: 0x88→0x6A bit(s) [7]; byte 26: 0x0A→0x09 bit(s) [0]
[14:24:30.534] P-02 rel 0x11/78 B: byte 26: 0x09→0x0A bit(s) [0]
[14:24:30.562] P-02 rel 0x11/78 B: byte 17: 0x08→0x07 bit(s) [3]; byte 19: 0xDE→0xE1 bit(s) [4, 5]; byte 26: 0x0A→0x09 bit(s) [0]
[14:24:30.578] P-02 rel 0x11/78 B: byte 15: 0x0F→0x1A bit(s) [4]
[14:24:30.608] P-02 rel 0x11/78 B: byte 15: 0x1A→0x17 bit(s) [3]; byte 19: 0xEE→0xF2 bit(s) [4]
[14:24:30.652] P-02 rel 0x11/78 B: byte 15: 0x13→0x1D bit(s) [3]
[14:24:30.668] P-02 rel 0x11/78 B: byte 15: 0x1D→0x20 bit(s) [3, 4, 5]
[14:24:30.683] P-02 rel 0x11/78 B: byte 15: 0x20→0x16 bit(s) [4, 5]; byte 23: 0x56→0xEE bit(s) [7]; byte 24: 0x17→0x16 bit(s) [0]
[14:24:30.698] P-02 rel 0x11/78 B: byte 15: 0x16→0x0F bit(s) [3, 4]
[14:24:30.714] P-02 rel 0x11/78 B: byte 23: 0xF4→0x30 bit(s) [7]; byte 24: 0x16→0x17 bit(s) [0]
[14:24:30.744] P-02 rel 0x11/78 B: byte 15: 0x08→0x17 bit(s) [3, 4]
[14:24:30.969] P-01 botão "Left Trigger" [leftTrigger]: PRESSIONADO
[14:24:31.014]      … 15 linha(s) suprimida(s) neste segundo
[14:24:31.014] P-02 rel 0x11/78 B: byte 10: 0x2E→0x36 bit(s) [3, 4]; byte 15: 0x26→0x2E bit(s) [3]; byte 21: 0x00→0xE6 bit(s) [7]; byte 22: 0xFB→0xFA bit(s) [0]; byte 23: 0x22→0xFC bit(s) [7]; byte 24: 0x17→0x16 bit(s) [0]
[14:24:31.029] P-02 rel 0x11/78 B: byte 10: 0x36→0x43 bit(s) [0, 2, 4, 5, 6]; byte 17: 0x08→0x06 bit(s) [3]; byte 21: 0xE6→0x00 bit(s) [7]; byte 22: 0xFA→0xFB bit(s) [0]
[14:24:31.045] P-02 rel 0x11/78 B: byte 10: 0x43→0x55 bit(s) [1, 2, 4]; byte 15: 0x2A→0x18 bit(s) [4, 5]; byte 21: 0x00→0xF6 bit(s) [7]; byte 22: 0xFB→0xFA bit(s) [0]
[14:24:31.060] P-02 rel 0x11/78 B: byte 10: 0x55→0x75 bit(s) [5]; byte 15: 0x18→0x0B bit(s) [4]; byte 19: 0x13→0x0D bit(s) [4]; byte 21: 0xF6→0x06 bit(s) [7]; byte 22: 0xFA→0xFB bit(s) [0]
[14:24:31.074] P-02 rel 0x11/78 B: byte 10: 0x75→0x8B bit(s) [1, 2, 3, 4, 5, 6, 7]; byte 15: 0x0B→0x11 bit(s) [3, 4]; byte 21: 0x06→0xDE bit(s) [7]; byte 22: 0xFB→0xFA bit(s) [0]
[14:24:31.090] P-02 rel 0x11/78 B: byte 10: 0x8B→0xE3 bit(s) [3, 5, 6]; byte 15: 0x11→0xF8 bit(s) [3, 5, 6, 7]; byte 16: 0x00→0xFF bit(s) [0, 1, 2, 3, 4, 5, 6, 7]; byte 21: 0xDE→0x38 bit(s) [7]; byte 22: 0xFA→0xFB bit(s) [0]; byte 23: 0xE8→0x76 bit(s) [7]
[14:24:31.105] P-02 rel 0x11/78 B: byte 10: 0xE3→0xFF bit(s) [2, 3, 4]; byte 15: 0xF8→0xD4 bit(s) [3, 5]; byte 23: 0x76→0xD4 bit(s) [7]
[14:24:31.120] P-02 rel 0x11/78 B: byte 21: 0x0C→0xFC bit(s) [7]; byte 22: 0xFB→0xFA bit(s) [0]
[14:24:31.135] P-02 rel 0x11/78 B: byte 15: 0xD1→0xD8 bit(s) [3]; byte 21: 0xFC→0x1A bit(s) [7]; byte 22: 0xFA→0xFB bit(s) [0]
[14:24:31.149] P-02 rel 0x11/78 B: byte 15: 0xD8→0xEC bit(s) [4, 5]; byte 23: 0xFE→0x32 bit(s) [7]; byte 24: 0x16→0x17 bit(s) [0]
[14:24:31.163] P-02 rel 0x11/78 B: byte 15: 0xEC→0x04 bit(s) [3, 5, 6, 7]; byte 16: 0xFF→0x00 bit(s) [0, 1, 2, 3, 4, 5, 6, 7]; byte 17: 0x06→0x0A bit(s) [3]; byte 19: 0x0E→0x14 bit(s) [4]; byte 21: 0x36→0xFE bit(s) [7]; byte 22: 0xFB→0xFA bit(s) [0]
[14:24:31.192] P-02 rel 0x11/78 B: byte 10: 0xFF→0xBF bit(s) [6]; byte 15: 0x04→0xFB bit(s) [3, 4, 5, 6, 7]; byte 16: 0x00→0xFF bit(s) [0, 1, 2, 3, 4, 5, 6, 7]; byte 23: 0x10→0xDC bit(s) [7]; byte 24: 0x17→0x16 bit(s) [0]
[14:24:31.208] P-02 rel 0x11/78 B: byte 10: 0xBF→0x88 bit(s) [0, 1, 2, 4, 5]; byte 15: 0xFB→0xD0 bit(s) [3, 5]; byte 17: 0x08→0x05 bit(s) [3]; byte 21: 0xC0→0x04 bit(s) [7]; byte 22: 0xFA→0xFB bit(s) [0]
[14:24:31.223] P-02 rel 0x11/78 B: byte 10: 0x88→0x1C bit(s) [2, 4, 7]; byte 15: 0xD0→0xA2 bit(s) [4, 5, 6]; byte 17: 0x05→0xFF bit(s) [3, 4, 5, 6, 7]; byte 18: 0x00→0xFF bit(s) [0, 1, 2, 3, 4, 5, 6, 7]
[14:24:31.239] P-02 rel 0x11/78 B: byte 8: 0x04→0x00 bit(s) [2]; byte 10: 0x1C→0x00 bit(s) [2, 3, 4]; byte 15: 0xA2→0xD9 bit(s) [3, 4, 5, 6]; byte 19: 0x11→0x04 bit(s) [4]; byte 21: 0x10→0xEE bit(s) [7]; byte 22: 0xFB→0xFA bit(s) [0]; byte 23: 0xA6→0x60 bit(s) [7]; byte 24: 0x16→0x17 bit(s) [0]; byte 26: 0x09→0x0A bit(s) [0]
[14:24:31.239] P-01 botão "Left Trigger" [leftTrigger]: solto
[14:24:31.253] P-02 rel 0x11/78 B: byte 15: 0xD9→0xD4 bit(s) [3]; byte 23: 0x60→0x86 bit(s) [7]; byte 24: 0x17→0x16 bit(s) [0]; byte 26: 0x0A→0x0B bit(s) [0]
[14:24:31.268] P-02 rel 0x11/78 B: byte 15: 0xD4→0xF9 bit(s) [3, 5]; byte 16: 0xFF→0x00 bit(s) [0, 1, 2, 3, 4, 5, 6, 7]; byte 21: 0xDE→0x2E bit(s) [7]; byte 22: 0xFA→0xFB bit(s) [0]; byte 24: 0x16→0x17 bit(s) [0]; byte 26: 0x0B→0x08 bit(s) [0]
[14:24:31.283] P-02 rel 0x11/78 B: byte 15: 0xF9→0x4F bit(s) [4, 5, 7]; byte 17: 0xF9→0x13 bit(s) [3, 5, 6, 7]; byte 18: 0xFF→0x00 bit(s) [0, 1, 2, 3, 4, 5, 6, 7]; byte 21: 0x2E→0xA2 bit(s) [7]; byte 22: 0xFB→0xFA bit(s) [0]; byte 23: 0xAE→0x28 bit(s) [7]; byte 26: 0x08→0x09 bit(s) [0]
[14:24:31.298] P-02 rel 0x11/78 B: byte 15: 0x4F→0x33 bit(s) [3, 4, 5, 6]; byte 17: 0x13→0x00 bit(s) [4]; byte 21: 0xA2→0x0E bit(s) [7]; byte 22: 0xFA→0xFB bit(s) [0]; byte 23: 0x28→0xAC bit(s) [7]; byte 24: 0x17→0x16 bit(s) [0]; byte 26: 0x09→0x0A bit(s) [0]
[14:24:31.314] P-02 rel 0x11/78 B: byte 8: 0x00→0x08 bit(s) [3]; byte 11: 0x00→0x52 bit(s) [1, 4, 6]; byte 15: 0x33→0x12 bit(s) [5]; byte 23: 0xAC→0x30 bit(s) [7]; byte 24: 0x16→0x17 bit(s) [0]
[14:24:31.314] P-01 botão "Right Trigger" [rightTrigger]: PRESSIONADO
[14:24:31.329] P-02 rel 0x11/78 B: byte 11: 0x52→0x88 bit(s) [1, 3, 4, 6, 7]; byte 15: 0x12→0x20 bit(s) [4, 5]; byte 21: 0x2C→0xFA bit(s) [7]; byte 22: 0xFB→0xFA bit(s) [0]; byte 26: 0x08→0x09 bit(s) [0]
[14:24:31.344] P-02 rel 0x11/78 B: byte 11: 0x88→0x99 bit(s) [0, 4]; byte 23: 0x3E→0xA8 bit(s) [7]; byte 24: 0x17→0x16 bit(s) [0]
[14:24:31.358] P-02 rel 0x11/78 B: byte 11: 0x99→0xA1 bit(s) [3, 4, 5]; byte 15: 0x22→0x02 bit(s) [5]; byte 19: 0x01→0xFC bit(s) [4, 5, 6, 7]; byte 20: 0x00→0xFF bit(s) [0, 1, 2, 3, 4, 5, 6, 7]; byte 21: 0xD2→0x02 bit(s) [7]; byte 22: 0xFA→0xFB bit(s) [0]
[14:24:31.373] P-02 rel 0x11/78 B: byte 11: 0xA1→0xA2 bit(s) [0, 1]; byte 15: 0x02→0xF8 bit(s) [3, 4, 5, 6, 7]; byte 16: 0x00→0xFF bit(s) [0, 1, 2, 3, 4, 5, 6, 7]; byte 21: 0x02→0xEE bit(s) [7]; byte 22: 0xFB→0xFA bit(s) [0]
[14:24:31.388] P-02 rel 0x11/78 B: byte 11: 0xA2→0xA1 bit(s) [0, 1]; byte 15: 0xF8→0xED bit(s) [4]
[14:24:31.403] P-02 rel 0x11/78 B: byte 11: 0xA1→0x97 bit(s) [1, 2, 4, 5]; byte 15: 0xED→0xCE bit(s) [5]; byte 19: 0xFF→0x03 bit(s) [4, 5, 6, 7]; byte 20: 0xFF→0x00 bit(s) [0, 1, 2, 3, 4, 5, 6, 7]
[14:24:31.418] P-02 rel 0x11/78 B: byte 11: 0x97→0x80 bit(s) [0, 1, 2, 4]; byte 15: 0xCE→0xC2 bit(s) [3]; byte 17: 0x01→0xFE bit(s) [3, 4, 5, 6, 7]; byte 18: 0x00→0xFF bit(s) [0, 1, 2, 3, 4, 5, 6, 7]
[14:24:31.433] P-02 rel 0x11/78 B: byte 11: 0x80→0x39 bit(s) [0, 3, 4, 5, 7]; byte 15: 0xC2→0xEC bit(s) [3, 5]; byte 17: 0xFE→0x12 bit(s) [3, 5, 6, 7]; byte 18: 0xFF→0x00 bit(s) [0, 1, 2, 3, 4, 5, 6, 7]; byte 19: 0x0C→0x13 bit(s) [4]; byte 22: 0xFA→0xFB bit(s) [0]; byte 24: 0x16→0x17 bit(s) [0]; byte 26: 0x09→0x08 bit(s) [0]
[14:24:31.448] P-02 rel 0x11/78 B: byte 11: 0x39→0x0B bit(s) [1, 4, 5]; byte 15: 0xEC→0x0C bit(s) [5, 6, 7]; byte 16: 0xFF→0x00 bit(s) [0, 1, 2, 3, 4, 5, 6, 7]; byte 17: 0x12→0xFF bit(s) [3, 5, 6, 7]; byte 18: 0x00→0xFF bit(s) [0, 1, 2, 3, 4, 5, 6, 7]; byte 22: 0xFB→0xFA bit(s) [0]; byte 24: 0x17→0x15 bit(s) [1]; byte 26: 0x08→0x0B bit(s) [0]
[14:24:31.464] P-02 rel 0x11/78 B: byte 8: 0x08→0x00 bit(s) [3]; byte 11: 0x0B→0x00 bit(s) [0, 1, 3]; byte 15: 0x0C→0xEC bit(s) [5, 6, 7]; byte 16: 0x00→0xFF bit(s) [0, 1, 2, 3, 4, 5, 6, 7]; byte 17: 0xFF→0x04 bit(s) [3, 4, 5, 6, 7]; byte 18: 0xFF→0x00 bit(s) [0, 1, 2, 3, 4, 5, 6, 7]; byte 23: 0xC8→0x04 bit(s) [7]; byte 24: 0x15→0x17 bit(s) [1]; byte 26: 0x0B→0x08 bit(s) [0]
[14:24:31.464] P-01 botão "Right Trigger" [rightTrigger]: solto
[14:24:31.478] P-02 rel 0x11/78 B: byte 17: 0x04→0x08 bit(s) [3]; byte 21: 0xFC→0x0A bit(s) [7]; byte 22: 0xFA→0xFB bit(s) [0]; byte 23: 0x04→0xF2 bit(s) [7]; byte 24: 0x17→0x16 bit(s) [0]; byte 26: 0x08→0x09 bit(s) [0]
[14:24:31.494] P-02 rel 0x11/78 B: byte 15: 0xE8→0xE4 bit(s) [3]
[14:24:31.508] P-02 rel 0x11/78 B: byte 15: 0xE4→0xDC bit(s) [3, 4, 5]
[14:24:31.538] P-02 rel 0x11/78 B: byte 15: 0xDC→0xC9 bit(s) [4]; byte 17: 0x0D→0x11 bit(s) [3, 4]
[14:24:31.554] P-02 rel 0x11/78 B: byte 17: 0x11→0x0E bit(s) [3, 4]; byte 23: 0xDC→0x20 bit(s) [7]; byte 24: 0x16→0x17 bit(s) [0]
[14:24:31.568] P-02 rel 0x11/78 B: byte 23: 0x20→0xF6 bit(s) [7]; byte 24: 0x17→0x16 bit(s) [0]
[14:24:31.584] P-02 rel 0x11/78 B: byte 15: 0xC9→0xD5 bit(s) [3, 4]; byte 17: 0x0C→0x07 bit(s) [3]; byte 23: 0xF6→0x2A bit(s) [7]; byte 24: 0x16→0x17 bit(s) [0]
[14:24:31.598] P-02 rel 0x11/78 B: byte 15: 0xD5→0xE7 bit(s) [4, 5]
[14:24:31.614] P-02 rel 0x11/78 B: byte 15: 0xE7→0xED bit(s) [3]
[14:24:31.629] P-02 rel 0x11/78 B: byte 15: 0xED→0xF1 bit(s) [3, 4]; byte 17: 0x05→0x0A bit(s) [3]; byte 19: 0x15→0x0E bit(s) [4]
[14:24:32.003]      … 17 linha(s) suprimida(s) neste segundo
[14:24:32.003] P-02 rel 0x11/78 B: byte 19: 0x13→0x0A bit(s) [4]
[14:24:32.018] P-02 rel 0x11/78 B: byte 15: 0xDE→0xE6 bit(s) [3, 4, 5]
[14:24:32.063] P-02 rel 0x11/78 B: byte 17: 0x06→0x08 bit(s) [3]; byte 21: 0x1A→0xFC bit(s) [7]; byte 22: 0xFB→0xFA bit(s) [0]
[14:24:32.078] P-02 rel 0x11/78 B: byte 15: 0xE7→0xE8 bit(s) [3]; byte 17: 0x08→0x05 bit(s) [3]; byte 21: 0xFC→0x08 bit(s) [7]; byte 22: 0xFA→0xFB bit(s) [0]
[14:24:32.108] P-02 rel 0x11/78 B: byte 19: 0x0E→0x16 bit(s) [4]
[14:24:32.137] P-02 rel 0x11/78 B: byte 15: 0xED→0xF5 bit(s) [3, 4]
[14:24:32.153] P-02 rel 0x11/78 B: byte 15: 0xF5→0xF9 bit(s) [3]; byte 19: 0x1D→0x21 bit(s) [4, 5]
[14:24:32.183] P-02 rel 0x11/78 B: byte 15: 0xF9→0xE9 bit(s) [4]
[14:24:32.198] P-02 rel 0x11/78 B: byte 15: 0xE9→0xFA bit(s) [4]
[14:24:32.214] P-02 rel 0x11/78 B: byte 23: 0x4C→0x82 bit(s) [7]
[14:24:32.229] P-02 rel 0x11/78 B: byte 19: 0x21→0x19 bit(s) [4, 5]; byte 21: 0x56→0x82 bit(s) [7]; byte 23: 0x82→0x4E bit(s) [7]
[14:24:32.244] P-02 rel 0x11/78 B: byte 15: 0xFB→0xED bit(s) [4]; byte 17: 0x02→0xFF bit(s) [3, 4, 5, 6, 7]; byte 18: 0x00→0xFF bit(s) [0, 1, 2, 3, 4, 5, 6, 7]
[14:24:32.258] P-02 rel 0x11/78 B: byte 15: 0xED→0xE1 bit(s) [3]; byte 17: 0xFF→0x01 bit(s) [3, 4, 5, 6, 7]; byte 18: 0xFF→0x00 bit(s) [0, 1, 2, 3, 4, 5, 6, 7]; byte 21: 0xB8→0x60 bit(s) [7]
[14:24:32.273] P-02 rel 0x11/78 B: byte 15: 0xE1→0xD9 bit(s) [3, 4, 5]; byte 19: 0x14→0x0A bit(s) [4]
[14:24:32.303] P-02 rel 0x11/78 B: byte 15: 0xDA→0xE3 bit(s) [3, 4, 5]; byte 21: 0x58→0x88 bit(s) [7]
[14:24:32.318] P-02 rel 0x11/78 B: byte 19: 0x01→0xFF bit(s) [4, 5, 6, 7]; byte 20: 0x00→0xFF bit(s) [0, 1, 2, 3, 4, 5, 6, 7]; byte 21: 0x88→0x56 bit(s) [7]
[14:24:32.333] P-02 rel 0x11/78 B: byte 15: 0xE1→0xD7 bit(s) [4, 5]; byte 17: 0x04→0x08 bit(s) [3]
[14:24:32.348] P-02 rel 0x11/78 B: byte 15: 0xD7→0xCE bit(s) [3, 4]; byte 17: 0x08→0x04 bit(s) [3]
[14:24:32.363] P-02 rel 0x11/78 B: byte 3: 0x80→0x7F bit(s) [0, 1, 2, 3, 4, 5, 6, 7]; byte 15: 0xCE→0xD5 bit(s) [3, 4]; byte 23: 0x46→0x8C bit(s) [7]
[14:24:32.378] P-02 rel 0x11/78 B: byte 3: 0x7F→0x79 bit(s) [1, 2]; byte 4: 0x80→0x7F bit(s) [0, 1, 2, 3, 4, 5, 6, 7]; byte 15: 0xD5→0xDF bit(s) [3]; byte 26: 0x09→0x0A bit(s) [0]
[14:24:32.393] P-02 rel 0x11/78 B: byte 3: 0x79→0x70 bit(s) [0, 3]; byte 4: 0x7F→0x7C bit(s) [0, 1]; byte 15: 0xDF→0xEB bit(s) [4, 5]
[14:24:32.408] P-02 rel 0x11/78 B: byte 3: 0x70→0x64 bit(s) [2, 4]; byte 4: 0x7C→0x79 bit(s) [0, 2]; byte 15: 0xEB→0xFB bit(s) [4]; byte 17: 0x02→0xFF bit(s) [3, 4, 5, 6, 7]; byte 18: 0x00→0xFF bit(s) [0, 1, 2, 3, 4, 5, 6, 7]; byte 23: 0xAA→0x7A bit(s) [7]; byte 26: 0x0A→0x09 bit(s) [0]
[14:24:32.409] P-01 botão "Left Thumbstick Left" [sem propriedade nomeada]: PRESSIONADO
[14:24:32.409] P-01 botão "Left Thumbstick Up" [sem propriedade nomeada]: PRESSIONADO
[14:24:32.423] P-02 rel 0x11/78 B: byte 3: 0x64→0x58 bit(s) [2, 3, 4, 5]; byte 4: 0x79→0x76 bit(s) [0, 1, 2, 3]
[14:24:32.439] P-02 rel 0x11/78 B: byte 3: 0x58→0x4F bit(s) [0, 1, 2, 4]; byte 4: 0x76→0x73 bit(s) [0, 2]; byte 15: 0xFE→0x0E bit(s) [4, 5, 6, 7]; byte 16: 0xFF→0x00 bit(s) [0, 1, 2, 3, 4, 5, 6, 7]; byte 17: 0xFE→0x00 bit(s) [3, 4, 5, 6, 7]; byte 18: 0xFF→0x00 bit(s) [0, 1, 2, 3, 4, 5, 6, 7]
[14:24:32.453] P-02 rel 0x11/78 B: byte 3: 0x4F→0x4C bit(s) [0, 1]; byte 15: 0x0E→0x19 bit(s) [4]
[14:24:32.469] P-02 rel 0x11/78 B: byte 3: 0x4C→0x4B bit(s) [0, 1, 2]; byte 4: 0x73→0x72 bit(s) [0]
[14:24:32.484] P-02 rel 0x11/78 B: byte 4: 0x72→0x73 bit(s) [0]; byte 15: 0x1A→0x14 bit(s) [3]; byte 19: 0xFB→0x01 bit(s) [4, 5, 6, 7]; byte 20: 0xFF→0x00 bit(s) [0, 1, 2, 3, 4, 5, 6, 7]
[14:24:32.498] P-02 rel 0x11/78 B: byte 3: 0x4B→0x51 bit(s) [1, 3, 4]; byte 4: 0x73→0x76 bit(s) [0, 2]; byte 15: 0x14→0x1E bit(s) [3]
[14:24:32.514] P-02 rel 0x11/78 B: byte 3: 0x51→0x5F bit(s) [1, 2, 3]; byte 4: 0x76→0x7C bit(s) [1, 3]; byte 15: 0x1E→0x3D bit(s) [5]; byte 17: 0x05→0x0B bit(s) [3]; byte 19: 0x0C→0x16 bit(s) [4]; byte 21: 0x68→0xA4 bit(s) [7]; byte 26: 0x09→0x0A bit(s) [0]
[14:24:32.529] P-02 rel 0x11/78 B: byte 3: 0x5F→0x76 bit(s) [0, 3, 5]; byte 4: 0x7C→0x80 bit(s) [2, 3, 4, 5, 6, 7]; byte 15: 0x3D→0x42 bit(s) [3, 4, 5, 6]; byte 17: 0x0B→0x06 bit(s) [3]; byte 19: 0x16→0x21 bit(s) [4, 5]; byte 23: 0x5C→0xFE bit(s) [7]; byte 24: 0x17→0x16 bit(s) [0]; byte 26: 0x0A→0x09 bit(s) [0]
[14:24:32.529] P-01 botão "Left Thumbstick Left" [sem propriedade nomeada]: solto
[14:24:32.529] P-01 botão "Left Thumbstick Up" [sem propriedade nomeada]: solto
[14:24:32.544] P-02 rel 0x11/78 B: byte 3: 0x76→0x80 bit(s) [1, 2, 4, 5, 6, 7]; byte 15: 0x42→0x12 bit(s) [4, 6]; byte 19: 0x21→0x1D bit(s) [4, 5]; byte 21: 0xD2→0x02 bit(s) [7]
[14:24:32.558] P-02 rel 0x11/78 B: byte 15: 0x12→0xCF bit(s) [3, 4, 6, 7]; byte 16: 0x00→0xFF bit(s) [0, 1, 2, 3, 4, 5, 6, 7]; byte 19: 0x1D→0x0F bit(s) [4]
[14:24:32.573] P-02 rel 0x11/78 B: byte 15: 0xCF→0xC7 bit(s) [3]; byte 23: 0xE0→0x24 bit(s) [7]; byte 24: 0x16→0x17 bit(s) [0]
[14:24:32.588] P-02 rel 0x11/78 B: byte 15: 0xC7→0xDC bit(s) [3, 4]; byte 23: 0x24→0xAA bit(s) [7]
[14:24:32.603] P-02 rel 0x11/78 B: byte 15: 0xDC→0xED bit(s) [4, 5]; byte 19: 0x0F→0x12 bit(s) [4]; byte 23: 0xAA→0x44 bit(s) [7]
[14:24:32.619] P-02 rel 0x11/78 B: byte 15: 0xED→0xF4 bit(s) [3, 4]
[14:24:32.647] P-02 rel 0x11/78 B: byte 15: 0xF4→0xF9 bit(s) [3]
[14:24:32.663] P-02 rel 0x11/78 B: byte 15: 0xF9→0xF6 bit(s) [3]; byte 19: 0x11→0x0D bit(s) [4]
[14:24:32.678] P-02 rel 0x11/78 B: byte 15: 0xF6→0xFE bit(s) [3]
[14:24:32.708] P-02 rel 0x11/78 B: byte 15: 0xF9→0xF4 bit(s) [3]; byte 19: 0x00→0xFE bit(s) [4, 5, 6, 7]; byte 20: 0x00→0xFF bit(s) [0, 1, 2, 3, 4, 5, 6, 7]; byte 23: 0x34→0xFC bit(s) [7]; byte 24: 0x17→0x16 bit(s) [0]
[14:24:33.008]      … 12 linha(s) suprimida(s) neste segundo
[14:24:33.008] P-02 rel 0x11/78 B: byte 17: 0x09→0x07 bit(s) [3]
[14:24:33.038] P-02 rel 0x11/78 B: byte 15: 0xEA→0xE5 bit(s) [3]
[14:24:33.053] P-02 rel 0x11/78 B: byte 17: 0x07→0x09 bit(s) [3]
[14:24:33.068] P-02 rel 0x11/78 B: byte 15: 0xE1→0xDE bit(s) [3, 4, 5]; byte 17: 0x09→0x05 bit(s) [3]; byte 23: 0x64→0x8E bit(s) [7]
[14:24:33.083] P-02 rel 0x11/78 B: byte 19: 0x0E→0x12 bit(s) [4]; byte 23: 0x8E→0x60 bit(s) [7]
[14:24:33.114] P-02 rel 0x11/78 B: byte 19: 0x11→0x0E bit(s) [4]
[14:24:33.129] P-02 rel 0x11/78 B: byte 15: 0xDF→0xE3 bit(s) [3, 4, 5]
[14:24:33.158] P-02 rel 0x11/78 B: byte 15: 0xE0→0xDD bit(s) [3, 4, 5]
[14:24:33.173] P-02 rel 0x11/78 B: byte 15: 0xDD→0xE2 bit(s) [3, 4, 5]; byte 17: 0x07→0x08 bit(s) [3]
[14:24:33.188] P-02 rel 0x11/78 B: byte 15: 0xE2→0xDB bit(s) [3, 4, 5]
[14:24:33.203] P-02 rel 0x11/78 B: byte 23: 0x5C→0x92 bit(s) [7]
[14:24:33.218] P-02 rel 0x11/78 B: byte 23: 0x92→0x6C bit(s) [7]; byte 26: 0x09→0x0A bit(s) [0]
[14:24:33.233] P-02 rel 0x11/78 B: byte 23: 0x6C→0x84 bit(s) [7]; byte 26: 0x0A→0x09 bit(s) [0]
[14:24:33.248] P-02 rel 0x11/78 B: byte 15: 0xDD→0xD2 bit(s) [3]; byte 17: 0x09→0x04 bit(s) [3]; byte 23: 0x84→0x5E bit(s) [7]
[14:24:33.263] P-02 rel 0x11/78 B: byte 17: 0x04→0x09 bit(s) [3]; byte 23: 0x5E→0x8C bit(s) [7]; byte 26: 0x09→0x0A bit(s) [0]
[14:24:33.278] P-02 rel 0x11/78 B: byte 15: 0xD4→0xE5 bit(s) [4, 5]; byte 17: 0x09→0x06 bit(s) [3]; byte 26: 0x0A→0x09 bit(s) [0]
[14:24:33.293] P-02 rel 0x11/78 B: byte 26: 0x09→0x0A bit(s) [0]
[14:24:33.308] P-02 rel 0x11/78 B: byte 15: 0xE7→0xED bit(s) [3]; byte 23: 0x8E→0x74 bit(s) [7]
[14:24:33.323] P-02 rel 0x11/78 B: byte 23: 0x74→0x86 bit(s) [7]
[14:24:33.338] P-02 rel 0x11/78 B: byte 15: 0xED→0xE7 bit(s) [3]; byte 26: 0x0A→0x09 bit(s) [0]
[14:24:33.369] P-02 rel 0x11/78 B: byte 15: 0xE3→0xE9 bit(s) [3]; byte 26: 0x09→0x0A bit(s) [0]
[14:24:33.383] P-02 rel 0x11/78 B: byte 15: 0xE9→0xF0 bit(s) [3, 4]
[14:24:33.398] P-02 rel 0x11/78 B: byte 15: 0xF0→0xEF bit(s) [3, 4]; byte 23: 0xA0→0x62 bit(s) [7]; byte 26: 0x0A→0x09 bit(s) [0]
[14:24:33.414] P-02 rel 0x11/78 B: byte 26: 0x09→0x0A bit(s) [0]
[14:24:33.429] P-02 rel 0x11/78 B: byte 26: 0x0A→0x09 bit(s) [0]
[14:24:33.444] P-02 rel 0x11/78 B: byte 15: 0xEA→0xE4 bit(s) [3]; byte 23: 0x74→0x82 bit(s) [7]; byte 26: 0x09→0x0A bit(s) [0]
[14:24:33.459] P-02 rel 0x11/78 B: byte 26: 0x0A→0x09 bit(s) [0]
[14:24:33.488] P-02 rel 0x11/78 B: byte 26: 0x09→0x0A bit(s) [0]
[14:24:33.503] P-02 rel 0x11/78 B: byte 17: 0x06→0x08 bit(s) [3]
[14:24:33.519] P-02 rel 0x11/78 B: byte 15: 0xE5→0xDF bit(s) [3, 4, 5]; byte 23: 0x9C→0x6C bit(s) [7]
[14:24:33.534] P-02 rel 0x11/78 B: byte 26: 0x0A→0x09 bit(s) [0]
[14:24:33.549] P-02 rel 0x11/78 B: byte 15: 0xDB→0xD6 bit(s) [3]; byte 23: 0x76→0x9E bit(s) [7]; byte 26: 0x09→0x0A bit(s) [0]
[14:24:33.563] P-02 rel 0x11/78 B: byte 15: 0xD6→0xDF bit(s) [3]; byte 17: 0x08→0x06 bit(s) [3]
[14:24:33.578] P-02 rel 0x11/78 B: byte 15: 0xDF→0xEA bit(s) [4, 5]
[14:24:33.593] P-02 rel 0x11/78 B: byte 15: 0xEA→0xE4 bit(s) [3]; byte 19: 0x0E→0x10 bit(s) [4]; byte 21: 0x74→0x84 bit(s) [7]; byte 26: 0x0A→0x09 bit(s) [0]
[14:24:33.608] P-02 rel 0x11/78 B: byte 15: 0xE4→0xDF bit(s) [3, 4, 5]; byte 19: 0x10→0x0E bit(s) [4]; byte 21: 0x84→0x62 bit(s) [7]; byte 23: 0xB6→0x64 bit(s) [7]; byte 26: 0x09→0x0A bit(s) [0]
[14:24:33.623] P-02 rel 0x11/78 B: byte 15: 0xDF→0xD7 bit(s) [3]; byte 23: 0x64→0x96 bit(s) [7]
[14:24:33.638] P-02 rel 0x11/78 B: byte 15: 0xD7→0xDA bit(s) [3]
[14:24:33.669] P-02 rel 0x11/78 B: byte 15: 0xDF→0xE7 bit(s) [3, 4, 5]; byte 19: 0x02→0xFD bit(s) [4, 5, 6, 7]; byte 20: 0x00→0xFF bit(s) [0, 1, 2, 3, 4, 5, 6, 7]
[14:24:33.684] P-02 rel 0x11/78 B: byte 15: 0xE7→0xEF bit(s) [3]
[14:24:34.028]      … 14 linha(s) suprimida(s) neste segundo
[14:24:34.028] P-02 rel 0x11/78 B: byte 15: 0x71→0x5A bit(s) [3, 5]; byte 17: 0xFC→0x05 bit(s) [3, 4, 5, 6, 7]; byte 18: 0xFF→0x00 bit(s) [0, 1, 2, 3, 4, 5, 6, 7]; byte 19: 0x31→0x2C bit(s) [4]; byte 22: 0xFB→0xFC bit(s) [0, 1, 2]; byte 23: 0xE8→0x6C bit(s) [7]; byte 26: 0x0A→0x0B bit(s) [0]
[14:24:34.044] P-02 rel 0x11/78 B: byte 15: 0x5A→0xA3 bit(s) [3, 4, 5, 6, 7]; byte 19: 0x2C→0x1A bit(s) [4, 5]; byte 21: 0x0E→0xD4 bit(s) [7]; byte 22: 0xFC→0xFB bit(s) [0, 1, 2]; byte 24: 0x18→0x19 bit(s) [0]
[14:24:34.059] P-02 rel 0x11/78 B: byte 15: 0xA3→0x22 bit(s) [7]; byte 16: 0xFF→0x00 bit(s) [0, 1, 2, 3, 4, 5, 6, 7]; byte 19: 0x1A→0xFA bit(s) [5, 6, 7]; byte 20: 0x00→0xFF bit(s) [0, 1, 2, 3, 4, 5, 6, 7]; byte 23: 0x28→0xAC bit(s) [7]; byte 24: 0x19→0x18 bit(s) [0]
[14:24:34.073] P-02 rel 0x11/78 B: byte 15: 0x22→0x15 bit(s) [4, 5]; byte 17: 0x01→0xF9 bit(s) [3, 4, 5, 6, 7]; byte 18: 0x00→0xFF bit(s) [0, 1, 2, 3, 4, 5, 6, 7]; byte 21: 0x88→0x76 bit(s) [7]
[14:24:34.088] P-02 rel 0x11/78 B: byte 15: 0x15→0x0A bit(s) [3, 4]; byte 23: 0x82→0x6E bit(s) [7]; byte 26: 0x0B→0x0A bit(s) [0]
[14:24:34.104] P-02 rel 0x11/78 B: byte 15: 0x0A→0x01 bit(s) [3]; byte 21: 0x7A→0xA4 bit(s) [7]; byte 26: 0x0A→0x0B bit(s) [0]
[14:24:34.119] P-02 rel 0x11/78 B: byte 15: 0x01→0xFD bit(s) [3, 4, 5, 6, 7]; byte 16: 0x00→0xFF bit(s) [0, 1, 2, 3, 4, 5, 6, 7]; byte 26: 0x0B→0x0A bit(s) [0]
[14:24:34.134] P-02 rel 0x11/78 B: byte 15: 0xFD→0xF3 bit(s) [3]
[14:24:34.149] P-02 rel 0x11/78 B: byte 15: 0xF3→0xE5 bit(s) [4]; byte 19: 0xF9→0x01 bit(s) [4, 5, 6, 7]; byte 20: 0xFF→0x00 bit(s) [0, 1, 2, 3, 4, 5, 6, 7]; byte 26: 0x0A→0x0B bit(s) [0]
[14:24:34.163] P-02 rel 0x11/78 B: byte 17: 0xFC→0x02 bit(s) [3, 4, 5, 6, 7]; byte 18: 0xFF→0x00 bit(s) [0, 1, 2, 3, 4, 5, 6, 7]
[14:24:34.178] P-02 rel 0x11/78 B: byte 15: 0xE3→0xDC bit(s) [3, 4, 5]
[14:24:34.193] P-02 rel 0x11/78 B: byte 15: 0xDC→0xD7 bit(s) [3]; byte 17: 0x07→0x0A bit(s) [3]; byte 21: 0x92→0x76 bit(s) [7]
[14:24:34.209] P-02 rel 0x11/78 B: byte 15: 0xD7→0xD9 bit(s) [3]; byte 23: 0x70→0x92 bit(s) [7]
[14:24:34.224] P-02 rel 0x11/78 B: byte 17: 0x0B→0x06 bit(s) [3]; byte 19: 0x0E→0x10 bit(s) [4]; byte 21: 0x6C→0x8E bit(s) [7]
[14:24:34.239] P-02 rel 0x11/78 B: byte 19: 0x10→0x0E bit(s) [4]
[14:24:34.253] P-02 rel 0x11/78 B: byte 15: 0xDF→0xE2 bit(s) [3, 4, 5]; byte 17: 0x04→0x08 bit(s) [3]; byte 19: 0x0E→0x12 bit(s) [4]
[14:24:34.268] P-02 rel 0x11/78 B: byte 17: 0x08→0x07 bit(s) [3]
[14:24:34.284] P-02 rel 0x11/78 B: byte 19: 0x10→0x0F bit(s) [4]
[14:24:34.299] P-02 rel 0x11/78 B: byte 23: 0x86→0x78 bit(s) [7]
[14:24:34.314] P-02 rel 0x11/78 B: byte 15: 0xE2→0xD8 bit(s) [3, 4, 5]
[14:24:34.328] P-02 rel 0x11/78 B: byte 15: 0xD8→0xB4 bit(s) [3, 5, 6]
[14:24:34.344] P-02 rel 0x11/78 B: byte 15: 0xB4→0xBC bit(s) [3]; byte 17: 0x04→0xFB bit(s) [3, 4, 5, 6, 7]; byte 18: 0x00→0xFF bit(s) [0, 1, 2, 3, 4, 5, 6, 7]; byte 19: 0x0E→0xFB bit(s) [4, 5, 6, 7]; byte 20: 0x00→0xFF bit(s) [0, 1, 2, 3, 4, 5, 6, 7]; byte 21: 0xA0→0x74 bit(s) [7]; byte 23: 0x2A→0xCA bit(s) [7]
[14:24:34.359] P-02 rel 0x11/78 B: byte 15: 0xBC→0xCD bit(s) [4, 5, 6]; byte 17: 0xFB→0x01 bit(s) [3, 4, 5, 6, 7]; byte 18: 0xFF→0x00 bit(s) [0, 1, 2, 3, 4, 5, 6, 7]; byte 21: 0x74→0x92 bit(s) [7]
[14:24:34.373] P-02 rel 0x11/78 B: byte 15: 0xCD→0xD1 bit(s) [3, 4]; byte 19: 0xFD→0x01 bit(s) [4, 5, 6, 7]; byte 20: 0xFF→0x00 bit(s) [0, 1, 2, 3, 4, 5, 6, 7]
[14:24:34.388] P-02 rel 0x11/78 B: byte 15: 0xD1→0xDF bit(s) [3]
[14:24:34.403] P-02 rel 0x11/78 B: byte 15: 0xDF→0xE9 bit(s) [4, 5]; byte 17: 0x03→0xFE bit(s) [3, 4, 5, 6, 7]; byte 18: 0x00→0xFF bit(s) [0, 1, 2, 3, 4, 5, 6, 7]
[14:24:34.419] P-02 rel 0x11/78 B: byte 15: 0xE9→0xE4 bit(s) [3]; byte 17: 0xFE→0x01 bit(s) [3, 4, 5, 6, 7]; byte 18: 0xFF→0x00 bit(s) [0, 1, 2, 3, 4, 5, 6, 7]
[14:24:34.449] P-02 rel 0x11/78 B: byte 21: 0x9A→0x6E bit(s) [7]
[14:24:34.464] P-02 rel 0x11/78 B: byte 15: 0xE3→0xEF bit(s) [3]; byte 17: 0x07→0x0D bit(s) [3]; byte 23: 0xC6→0x0C bit(s) [7]; byte 24: 0x18→0x19 bit(s) [0]
[14:24:34.478] P-02 rel 0x11/78 B: byte 15: 0xEF→0xFF bit(s) [4]; byte 23: 0x0C→0xEA bit(s) [7]; byte 24: 0x19→0x18 bit(s) [0]
[14:24:34.494] P-02 rel 0x11/78 B: byte 15: 0xFF→0x09 bit(s) [4, 5, 6, 7]; byte 16: 0xFF→0x00 bit(s) [0, 1, 2, 3, 4, 5, 6, 7]; byte 17: 0x0C→0x12 bit(s) [3, 4]
[14:24:34.508] P-02 rel 0x11/78 B: byte 15: 0x09→0x13 bit(s) [3, 4]
[14:24:34.523] P-02 rel 0x11/78 B: byte 17: 0x14→0x22 bit(s) [4, 5]; byte 19: 0x00→0xFB bit(s) [4, 5, 6, 7]; byte 20: 0x00→0xFF bit(s) [0, 1, 2, 3, 4, 5, 6, 7]; byte 21: 0x72→0x90 bit(s) [7]
[14:24:34.538] P-02 rel 0x11/78 B: byte 15: 0x13→0x1E bit(s) [3]
[14:24:34.569] P-02 rel 0x11/78 B: byte 15: 0x1F→0x16 bit(s) [3]; byte 17: 0x21→0x11 bit(s) [4, 5]; byte 21: 0xB2→0x4E bit(s) [7]; byte 26: 0x0B→0x0A bit(s) [0]
[14:24:34.584] P-02 rel 0x11/78 B: byte 15: 0x16→0x08 bit(s) [3, 4]; byte 17: 0x11→0x0A bit(s) [3, 4]; byte 26: 0x0A→0x0B bit(s) [0]
[14:24:34.599] P-02 rel 0x11/78 B: byte 15: 0x08→0x00 bit(s) [3]; byte 19: 0xFC→0x00 bit(s) [4, 5, 6, 7]; byte 20: 0xFF→0x00 bit(s) [0, 1, 2, 3, 4, 5, 6, 7]; byte 21: 0x74→0x8A bit(s) [7]
[14:24:34.613] P-02 rel 0x11/78 B: byte 21: 0x8A→0x7E bit(s) [7]
[14:24:34.628] P-02 rel 0x11/78 B: byte 17: 0x08→0x07 bit(s) [3]; byte 19: 0x00→0xFF bit(s) [4, 5, 6, 7]; byte 20: 0x00→0xFF bit(s) [0, 1, 2, 3, 4, 5, 6, 7]; byte 21: 0x7E→0x8C bit(s) [7]; byte 23: 0x8C→0x7A bit(s) [7]
[14:24:34.644] P-02 rel 0x11/78 B: byte 15: 0x05→0xFC bit(s) [3, 4, 5, 6, 7]; byte 16: 0x00→0xFF bit(s) [0, 1, 2, 3, 4, 5, 6, 7]; byte 17: 0x07→0x0A bit(s) [3]; byte 19: 0xFF→0x03 bit(s) [4, 5, 6, 7]; byte 20: 0xFF→0x00 bit(s) [0, 1, 2, 3, 4, 5, 6, 7]; byte 23: 0x7A→0x88 bit(s) [7]
[14:24:35.003]      … 18 linha(s) suprimida(s) neste segundo
[14:24:35.004] P-02 rel 0x11/78 B: byte 15: 0xD9→0xD2 bit(s) [3]; byte 19: 0x0E→0x11 bit(s) [4]
[14:24:35.019] P-02 rel 0x11/78 B: byte 15: 0xD2→0xCE bit(s) [3, 4]; byte 17: 0x06→0x08 bit(s) [3]
[14:24:35.034] P-02 rel 0x11/78 B: byte 15: 0xCE→0xC5 bit(s) [3]
[14:24:35.049] P-02 rel 0x11/78 B: byte 15: 0xC5→0xB7 bit(s) [4, 5, 6]
[14:24:35.063] P-02 rel 0x11/78 B: byte 15: 0xB7→0xAF bit(s) [3, 4]; byte 17: 0x0B→0x10 bit(s) [3, 4]; byte 23: 0x8A→0x6A bit(s) [7]
[14:24:35.078] P-02 rel 0x11/78 B: byte 15: 0xAF→0x9B bit(s) [4, 5]; byte 23: 0x6A→0xB2 bit(s) [7]
[14:24:35.093] P-02 rel 0x11/78 B: byte 15: 0x9B→0x8A bit(s) [4]
[14:24:35.108] P-02 rel 0x11/78 B: byte 15: 0x8A→0x6B bit(s) [5, 6, 7]; byte 19: 0x1D→0x22 bit(s) [4, 5]; byte 21: 0xA4→0x76 bit(s) [7]
[14:24:35.124] P-02 rel 0x11/78 B: byte 15: 0x6B→0x57 bit(s) [3, 4, 5]; byte 17: 0x14→0x1A bit(s) [3]; byte 21: 0x76→0xAE bit(s) [7]
[14:24:35.138] P-02 rel 0x11/78 B: byte 15: 0x57→0x4F bit(s) [3, 4]; byte 17: 0x1A→0x22 bit(s) [3, 4, 5]
[14:24:35.153] P-02 rel 0x11/78 B: byte 15: 0x4F→0x39 bit(s) [4, 5, 6]; byte 17: 0x22→0x1F bit(s) [3, 4, 5]
[14:24:35.168] P-02 rel 0x11/78 B: byte 15: 0x39→0x0D bit(s) [4, 5]
[14:24:35.183] P-02 rel 0x11/78 B: byte 15: 0x0D→0xE1 bit(s) [3, 5, 6, 7]; byte 16: 0xFF→0xFE bit(s) [0]; byte 17: 0x1A→0x14 bit(s) [3]
[14:24:35.198] P-02 rel 0x11/78 B: byte 15: 0xE1→0xBE bit(s) [3, 4, 6]
[14:24:35.213] P-02 rel 0x11/78 B: byte 15: 0xBE→0x9D bit(s) [5]; byte 17: 0x13→0x0D bit(s) [3, 4]
[14:24:35.220] P-02 resumo: relatório 0x11 com 78 bytes, 9384 recebido(s); ruído de repouso: byte 9 bits [3, 4, 5, 6, 7]; byte 13 bits [1, 2, 3, 4, 5, 6, 7]; byte 15 bits [0, 1, 2]; byte 17 bits [0, 1, 2]; byte 19 bits [0, 1, 2, 3]; byte 21 bits [1, 2, 3, 4, 5, 6]; byte 23 bits [1, 2, 3, 4, 5, 6]; byte 25 bits [1, 2, 3, 4, 5, 6, 7]; byte 26 bits [1, 2, 3, 4, 5]; byte 74 bits [0, 1, 2, 3, 4, 5, 6, 7]; byte 75 bits [0, 1, 2, 3, 4, 5, 6, 7]; byte 76 bits [0, 1, 2, 3, 4, 5, 6, 7]; byte 77 bits [0, 1, 2, 3, 4, 5, 6, 7]
[14:24:35.228] P-02 rel 0x11/78 B: byte 15: 0x9D→0x91 bit(s) [3]; byte 17: 0x0D→0x02 bit(s) [3]; byte 19: 0x2E→0x3C bit(s) [4]; byte 21: 0xC0→0x0E bit(s) [7]; byte 22: 0xFB→0xFC bit(s) [0, 1, 2]; byte 26: 0x0B→0x0C bit(s) [0]
[14:24:35.244] P-02 rel 0x11/78 B: byte 15: 0x91→0x81 bit(s) [4]; byte 17: 0x02→0xF6 bit(s) [4, 5, 6, 7]; byte 18: 0x00→0xFF bit(s) [0, 1, 2, 3, 4, 5, 6, 7]; byte 19: 0x3C→0x57 bit(s) [5, 6]
[14:24:35.258] P-02 rel 0x11/78 B: byte 15: 0x81→0x71 bit(s) [4, 5, 6, 7]; byte 17: 0xF6→0xEC bit(s) [3, 4]; byte 19: 0x57→0x75 bit(s) [5]; byte 21: 0x5A→0x92 bit(s) [7]
[14:24:35.287] P-02 rel 0x11/78 B: byte 15: 0x71→0x32 bit(s) [6]; byte 19: 0x75→0x9A bit(s) [5, 6, 7]
[14:24:35.303] P-02 rel 0x11/78 B: byte 15: 0x32→0xAA bit(s) [3, 4, 7]; byte 16: 0xFE→0xFD bit(s) [0, 1]; byte 17: 0xEB→0xE7 bit(s) [3]; byte 19: 0x9A→0xDE bit(s) [6]; byte 23: 0xDA→0x1E bit(s) [7]
[14:24:35.319] P-02 rel 0x11/78 B: byte 15: 0xAA→0x0D bit(s) [5, 7]; byte 17: 0xE7→0xE8 bit(s) [3]; byte 19: 0xDE→0x1F bit(s) [6, 7]; byte 20: 0x00→0x01 bit(s) [0]; byte 23: 0x1E→0xDE bit(s) [7]; byte 24: 0x18→0x17 bit(s) [0, 1, 2, 3]
[14:24:35.334] P-02 rel 0x11/78 B: byte 15: 0x0D→0xE0 bit(s) [3, 5, 6, 7]; byte 16: 0xFD→0xFB bit(s) [1, 2]; byte 17: 0xE8→0xE1 bit(s) [3]; byte 19: 0x1F→0xB0 bit(s) [5, 7]; byte 21: 0x82→0x34 bit(s) [7]; byte 22: 0xFC→0xFD bit(s) [0]; byte 26: 0x0C→0x0D bit(s) [0]
[14:24:35.349] P-02 rel 0x11/78 B: byte 15: 0xE0→0xC4 bit(s) [5]; byte 19: 0xB0→0xA9 bit(s) [4]; byte 22: 0xFD→0xFB bit(s) [1, 2]; byte 24: 0x17→0x14 bit(s) [0, 1]
[14:24:35.363] P-02 rel 0x11/78 B: byte 15: 0xC4→0xB0 bit(s) [4, 5, 6]; byte 17: 0xE0→0x3F bit(s) [3, 4, 6, 7]; byte 18: 0xFF→0x00 bit(s) [0, 1, 2, 3, 4, 5, 6, 7]; byte 19: 0xA9→0xBB bit(s) [4]; byte 22: 0xFB→0xFF bit(s) [2]; byte 23: 0xEE→0x2C bit(s) [7]; byte 24: 0x14→0x19 bit(s) [0, 2, 3]
[14:24:35.378] P-02 rel 0x11/78 B: byte 15: 0xB0→0x4B bit(s) [3, 4, 5, 6, 7]; byte 17: 0x3F→0x82 bit(s) [3, 4, 5, 7]; byte 19: 0xBB→0xA2 bit(s) [4]; byte 21: 0x44→0x86 bit(s) [7]; byte 24: 0x19→0x18 bit(s) [0]; byte 26: 0x09→0x0E bit(s) [0]
[14:24:35.394] P-02 rel 0x11/78 B: byte 15: 0x4B→0x0E bit(s) [6]; byte 19: 0xA2→0x76 bit(s) [4, 6, 7]; byte 23: 0x24→0xD2 bit(s) [7]; byte 26: 0x0E→0x0F bit(s) [0]
[14:24:35.409] P-02 rel 0x11/78 B: byte 15: 0x0E→0x14 bit(s) [3, 4]; byte 17: 0x84→0xAC bit(s) [3, 5]; byte 19: 0x76→0x6A bit(s) [4]; byte 21: 0xF8→0x0E bit(s) [7]; byte 22: 0xFF→0x01 bit(s) [1, 2, 3, 4, 5, 6, 7]; byte 24: 0x18→0x1C bit(s) [2]; byte 26: 0x0F→0x10 bit(s) [0]
[14:24:35.424] P-02 rel 0x11/78 B: byte 15: 0x14→0x08 bit(s) [3, 4]; byte 17: 0xAC→0xC3 bit(s) [3, 5, 6]; byte 21: 0x0E→0xEA bit(s) [7]; byte 24: 0x1C→0x1F bit(s) [0, 1]; byte 26: 0x10→0x13 bit(s) [0]
[14:24:35.438] P-02 rel 0x11/78 B: byte 15: 0x08→0xE4 bit(s) [3, 5, 6, 7]; byte 16: 0xFB→0xFA bit(s) [0]; byte 17: 0xC3→0xB6 bit(s) [4, 5, 6]; byte 19: 0x6F→0xA4 bit(s) [6, 7]; byte 21: 0xEA→0x66 bit(s) [7]; byte 22: 0x01→0x02 bit(s) [0, 1]; byte 23: 0xC8→0x5E bit(s) [7]; byte 24: 0x1F→0x23 bit(s) [2, 3, 4, 5]
[14:24:35.454] P-02 rel 0x11/78 B: byte 15: 0xE4→0x16 bit(s) [4, 5, 6, 7]; byte 16: 0xFA→0xFB bit(s) [0]; byte 17: 0xB6→0x97 bit(s) [5]; byte 19: 0xA4→0xD1 bit(s) [4, 5, 6]; byte 22: 0x02→0x01 bit(s) [0, 1]; byte 23: 0x5E→0xF4 bit(s) [7]; byte 24: 0x23→0x22 bit(s) [0]
[14:24:35.468] P-02 rel 0x11/78 B: byte 15: 0x16→0x0A bit(s) [3, 4]; byte 16: 0xFB→0xFC bit(s) [0, 1, 2]; byte 19: 0xD1→0xED bit(s) [4, 5]; byte 21: 0x0C→0x86 bit(s) [7]; byte 22: 0x01→0x00 bit(s) [0]; byte 24: 0x22→0x21 bit(s) [0, 1]
[14:24:35.484] P-02 rel 0x11/78 B: byte 15: 0x0A→0x2D bit(s) [5]; byte 16: 0xFC→0xFD bit(s) [0]; byte 17: 0x95→0x82 bit(s) [4]; byte 19: 0xED→0xA6 bit(s) [6]; byte 21: 0x86→0x68 bit(s) [7]; byte 22: 0x00→0xFF bit(s) [0, 1, 2, 3, 4, 5, 6, 7]; byte 24: 0x21→0x1E bit(s) [0, 1, 2, 3, 4, 5]
[14:24:35.499] P-02 rel 0x11/78 B: byte 15: 0x2D→0xDF bit(s) [4, 5, 6, 7]; byte 17: 0x82→0x5F bit(s) [3, 4, 6, 7]; byte 19: 0xA6→0x0C bit(s) [5, 7]; byte 21: 0x68→0xE8 bit(s) [7]; byte 22: 0xFF→0xFD bit(s) [1]
[14:24:35.514] P-02 rel 0x11/78 B: byte 15: 0xDF→0x1A bit(s) [6, 7]; byte 16: 0xFD→0xFE bit(s) [0, 1]; byte 17: 0x5F→0x3A bit(s) [5, 6]; byte 19: 0x0C→0xB0 bit(s) [4, 5, 7]; byte 20: 0x01→0x00 bit(s) [0]; byte 21: 0xE8→0x6C bit(s) [7]; byte 22: 0xFD→0xFC bit(s) [0]; byte 23: 0xBE→0x14 bit(s) [7]; byte 24: 0x1E→0x20 bit(s) [1, 2, 3, 4, 5]; byte 26: 0x17→0x18 bit(s) [0]
[14:24:35.528] P-02 rel 0x11/78 B: byte 15: 0x1A→0x51 bit(s) [3, 6]; byte 17: 0x3A→0xF0 bit(s) [3, 6, 7]; byte 18: 0x00→0xFF bit(s) [0, 1, 2, 3, 4, 5, 6, 7]; byte 19: 0xB0→0x48 bit(s) [4, 5, 6, 7]; byte 21: 0x6C→0x9E bit(s) [7]; byte 22: 0xFC→0xFB bit(s) [0, 1, 2]; byte 23: 0x14→0xEA bit(s) [7]; byte 24: 0x20→0x21 bit(s) [0]; byte 26: 0x18→0x19 bit(s) [0]
[14:24:35.543] P-02 rel 0x11/78 B: byte 15: 0x51→0xCE bit(s) [3, 4, 7]; byte 17: 0xF0→0xA9 bit(s) [3, 4, 6]; byte 19: 0x48→0x22 bit(s) [5, 6]; byte 22: 0xFB→0xFA bit(s) [0]; byte 23: 0xEA→0x4A bit(s) [7]; byte 24: 0x21→0x23 bit(s) [1]
[14:24:35.558] P-02 rel 0x11/78 B: byte 15: 0xCE→0x97 bit(s) [3, 4, 6]; byte 16: 0xFE→0xFF bit(s) [0]; byte 17: 0xA9→0x5F bit(s) [4, 5, 6, 7]; byte 19: 0x22→0xD3 bit(s) [4, 5, 6, 7]; byte 20: 0x00→0xFF bit(s) [0, 1, 2, 3, 4, 5, 6, 7]; byte 21: 0xCE→0x0E bit(s) [7]; byte 23: 0x4A→0x84 bit(s) [7]; byte 24: 0x23→0x1E bit(s) [0, 2, 3, 4, 5]; byte 26: 0x19→0x1A bit(s) [0]
[14:24:35.573] P-02 rel 0x11/78 B: byte 15: 0x97→0xAC bit(s) [3, 4, 5]; byte 16: 0xFF→0x00 bit(s) [0, 1, 2, 3, 4, 5, 6, 7]; byte 17: 0x5F→0x10 bit(s) [3, 6]; byte 19: 0xD3→0x72 bit(s) [5, 7]; byte 22: 0xFA→0xFB bit(s) [0]; byte 23: 0x84→0x4A bit(s) [7]; byte 24: 0x1E→0x1D bit(s) [0, 1]
[14:24:35.589] P-02 rel 0x11/78 B: byte 15: 0xAC→0x90 bit(s) [3, 4, 5]; byte 16: 0x00→0x02 bit(s) [1]; byte 17: 0x10→0xD3 bit(s) [6, 7]; byte 18: 0xFF→0xFE bit(s) [0]; byte 19: 0x72→0x18 bit(s) [5, 6]; byte 23: 0x4A→0x8A bit(s) [7]; byte 24: 0x1D→0x1E bit(s) [0, 1]
[14:24:35.603] P-02 rel 0x11/78 B: byte 15: 0x90→0xF9 bit(s) [3, 5, 6]; byte 16: 0x02→0x03 bit(s) [0]; byte 17: 0xD3→0xC6 bit(s) [4]; byte 19: 0x18→0xD4 bit(s) [6, 7]; byte 20: 0xFF→0xFE bit(s) [0]; byte 21: 0x66→0x9C bit(s) [7]; byte 24: 0x1E→0x1B bit(s) [0, 2]; byte 26: 0x18→0x17 bit(s) [0]
[14:24:36.008]      … 25 linha(s) suprimida(s) neste segundo
[14:24:36.009] P-02 rel 0x11/78 B: byte 15: 0x92→0xFA bit(s) [3, 5, 6]; byte 16: 0xFF→0xFE bit(s) [0]; byte 17: 0x4B→0x98 bit(s) [4, 6, 7]; byte 19: 0x26→0x74 bit(s) [4, 6]; byte 20: 0x00→0xFF bit(s) [0, 1, 2, 3, 4, 5, 6, 7]; byte 21: 0xCE→0x34 bit(s) [7]; byte 24: 0x1D→0x1E bit(s) [0, 1]; byte 26: 0x1A→0x1D bit(s) [0]
[14:24:36.024] P-02 rel 0x11/78 B: byte 15: 0xFA→0x7B bit(s) [7]; byte 17: 0x98→0xAD bit(s) [4, 5]; byte 19: 0x74→0x2E bit(s) [4, 6]; byte 22: 0x01→0x00 bit(s) [0]; byte 23: 0x64→0x86 bit(s) [7]; byte 24: 0x1E→0x20 bit(s) [1, 2, 3, 4, 5]; byte 26: 0x1D→0x1E bit(s) [0]
[14:24:36.038] P-02 rel 0x11/78 B: byte 15: 0x7B→0x8A bit(s) [4, 5, 6, 7]; byte 17: 0xAD→0x97 bit(s) [3, 4, 5]; byte 19: 0x2E→0x4F bit(s) [5, 6]; byte 21: 0x0C→0xFE bit(s) [7]; byte 22: 0x00→0xFE bit(s) [1, 2, 3, 4, 5, 6, 7]; byte 24: 0x20→0x21 bit(s) [0]; byte 26: 0x1E→0x1F bit(s) [0]
[14:24:36.054] P-02 rel 0x11/78 B: byte 15: 0x8A→0xF1 bit(s) [3, 4, 5, 6]; byte 17: 0x97→0x7A bit(s) [3, 5, 6, 7]; byte 19: 0x4F→0x8C bit(s) [6, 7]; byte 21: 0xFE→0x3A bit(s) [7]
[14:24:36.069] P-02 rel 0x11/78 B: byte 15: 0xF1→0xBC bit(s) [3, 6]; byte 16: 0xFE→0xFF bit(s) [0]; byte 17: 0x7A→0x40 bit(s) [3, 4, 5]; byte 19: 0x8C→0xF9 bit(s) [4, 5, 6]; byte 21: 0x3A→0x88 bit(s) [7]; byte 22: 0xFE→0xFD bit(s) [0, 1]; byte 26: 0x1F→0x20 bit(s) [0]
[14:24:36.083] P-02 rel 0x11/78 B: byte 15: 0xBC→0x74 bit(s) [3, 6, 7]; byte 16: 0xFF→0x00 bit(s) [0, 1, 2, 3, 4, 5, 6, 7]; byte 17: 0x40→0xF7 bit(s) [4, 5, 7]; byte 18: 0x00→0xFF bit(s) [0, 1, 2, 3, 4, 5, 6, 7]; byte 19: 0xF9→0x4F bit(s) [4, 5, 7]; byte 20: 0xFF→0x00 bit(s) [0, 1, 2, 3, 4, 5, 6, 7]; byte 24: 0x21→0x20 bit(s) [0]
[14:24:36.098] P-02 rel 0x11/78 B: byte 15: 0x74→0xE8 bit(s) [3, 4, 7]; byte 17: 0xF7→0xBD bit(s) [3, 6]; byte 19: 0x4F→0x8A bit(s) [6, 7]; byte 23: 0x9E→0x56 bit(s) [7]; byte 26: 0x20→0x1F bit(s) [0]
[14:24:36.113] P-02 rel 0x11/78 B: byte 15: 0xE8→0x0C bit(s) [5, 6, 7]; byte 16: 0x00→0x01 bit(s) [0]; byte 17: 0xBD→0xA9 bit(s) [4]; byte 19: 0x8A→0xAC bit(s) [5]; byte 21: 0xF0→0x3C bit(s) [7]; byte 22: 0xFD→0xFE bit(s) [0, 1]
[14:24:36.128] P-02 rel 0x11/78 B: byte 15: 0x0C→0x02 bit(s) [3]; byte 19: 0xAC→0xC5 bit(s) [5, 6]; byte 26: 0x1F→0x1E bit(s) [0]
[14:24:36.143] P-02 rel 0x11/78 B: byte 15: 0x02→0x92 bit(s) [4, 7]; byte 16: 0x01→0x00 bit(s) [0]; byte 17: 0xAD→0xD1 bit(s) [3, 4, 5, 6]; byte 19: 0xC5→0x97 bit(s) [4, 6]; byte 21: 0x66→0xF4 bit(s) [7]; byte 24: 0x20→0x1F bit(s) [0, 1, 2, 3, 4, 5]; byte 26: 0x1E→0x1D bit(s) [0]
[14:24:36.158] P-02 rel 0x11/78 B: byte 15: 0x92→0x0C bit(s) [3, 4, 7]; byte 17: 0xD1→0xFA bit(s) [3, 5]; byte 19: 0x97→0x3D bit(s) [5, 7]; byte 21: 0xF4→0x40 bit(s) [7]; byte 22: 0xFE→0xFF bit(s) [0]
[14:24:36.173] P-02 rel 0x11/78 B: byte 15: 0x0C→0xA7 bit(s) [3, 5, 7]; byte 16: 0x00→0xFF bit(s) [0, 1, 2, 3, 4, 5, 6, 7]; byte 17: 0xFA→0x15 bit(s) [3, 5, 6, 7]; byte 18: 0xFF→0x00 bit(s) [0, 1, 2, 3, 4, 5, 6, 7]; byte 19: 0x3D→0xEE bit(s) [4, 6, 7]; byte 20: 0x00→0xFF bit(s) [0, 1, 2, 3, 4, 5, 6, 7]
[14:24:36.189] P-02 rel 0x11/78 B: byte 15: 0xA7→0x5A bit(s) [3, 4, 5, 6, 7]; byte 17: 0x15→0x26 bit(s) [4, 5]; byte 19: 0xEE→0x91 bit(s) [4, 5, 6]; byte 23: 0x2A→0xE0 bit(s) [7]; byte 26: 0x1D→0x1E bit(s) [0]
[14:24:36.203] P-02 rel 0x11/78 B: byte 15: 0x5A→0x57 bit(s) [3]; byte 19: 0x91→0x6C bit(s) [4, 5, 6, 7]; byte 21: 0x10→0x94 bit(s) [7]; byte 22: 0xFF→0xFE bit(s) [0]; byte 24: 0x1F→0x20 bit(s) [0, 1, 2, 3, 4, 5]; byte 26: 0x1E→0x1F bit(s) [0]
[14:24:36.219] P-02 rel 0x11/78 B: byte 15: 0x57→0x74 bit(s) [5]; byte 17: 0x23→0x1A bit(s) [3, 4, 5]; byte 22: 0xFE→0xFD bit(s) [0, 1]
[14:24:36.234] P-02 rel 0x11/78 B: byte 15: 0x74→0x8E bit(s) [3, 4, 5, 6, 7]; byte 17: 0x1A→0x13 bit(s) [3]; byte 19: 0x6E→0x83 bit(s) [5, 6, 7]; byte 21: 0xFA→0x64 bit(s) [7]; byte 23: 0xFC→0x06 bit(s) [7]; byte 24: 0x20→0x21 bit(s) [0]
[14:24:36.249] P-02 rel 0x11/78 B: byte 15: 0x8E→0xA5 bit(s) [3, 5]; byte 17: 0x13→0x0C bit(s) [3, 4]; byte 19: 0x83→0xA9 bit(s) [5]; byte 23: 0x06→0xD4 bit(s) [7]; byte 24: 0x21→0x20 bit(s) [0]
[14:24:36.264] P-02 rel 0x11/78 B: byte 15: 0xA5→0xAD bit(s) [3]; byte 17: 0x0C→0x00 bit(s) [3]; byte 19: 0xA9→0xD2 bit(s) [4, 5, 6]; byte 21: 0x22→0xEE bit(s) [7]; byte 22: 0xFD→0xFC bit(s) [0]
[14:24:36.278] P-02 rel 0x11/78 B: byte 15: 0xAD→0xA4 bit(s) [3]; byte 17: 0x00→0xFB bit(s) [3, 4, 5, 6, 7]; byte 18: 0x00→0xFF bit(s) [0, 1, 2, 3, 4, 5, 6, 7]; byte 19: 0xD2→0xF7 bit(s) [5]; byte 21: 0xEE→0x08 bit(s) [7]; byte 22: 0xFC→0xFD bit(s) [0]
[14:24:36.293] P-02 rel 0x11/78 B: byte 15: 0xA4→0x9C bit(s) [3, 4, 5]; byte 19: 0xF7→0x08 bit(s) [4, 5, 6, 7]; byte 20: 0xFF→0x00 bit(s) [0, 1, 2, 3, 4, 5, 6, 7]
[14:24:36.308] P-02 rel 0x11/78 B: byte 15: 0x9C→0x92 bit(s) [3]; byte 17: 0xF9→0xF5 bit(s) [3]; byte 19: 0x08→0x12 bit(s) [4]; byte 23: 0x82→0x64 bit(s) [7]
[14:24:36.324] P-02 rel 0x11/78 B: byte 15: 0x92→0x89 bit(s) [3, 4]; byte 17: 0xF5→0xEE bit(s) [3, 4]; byte 21: 0x5C→0xEC bit(s) [7]
[14:24:36.338] P-02 rel 0x11/78 B: byte 15: 0x89→0x76 bit(s) [3, 4, 5, 6, 7]; byte 17: 0xEE→0xE6 bit(s) [3]; byte 19: 0x12→0x0A bit(s) [4]
[14:24:36.353] P-02 rel 0x11/78 B: byte 15: 0x76→0x6C bit(s) [3, 4]; byte 21: 0xF4→0x14 bit(s) [7]; byte 22: 0xFD→0xFE bit(s) [0, 1]
[14:24:36.368] P-02 rel 0x11/78 B: byte 17: 0xE2→0xDC bit(s) [3, 4, 5]; byte 19: 0x01→0xF8 bit(s) [4, 5, 6, 7]; byte 20: 0x00→0xFF bit(s) [0, 1, 2, 3, 4, 5, 6, 7]
[14:24:36.398] P-02 rel 0x11/78 B: byte 15: 0x6F→0x75 bit(s) [3, 4]
[14:24:36.413] P-02 rel 0x11/78 B: byte 15: 0x75→0x79 bit(s) [3]; byte 21: 0x2C→0xFA bit(s) [7]; byte 22: 0xFE→0xFD bit(s) [0, 1]
[14:24:36.429] P-02 rel 0x11/78 B: byte 15: 0x79→0x81 bit(s) [3, 4, 5, 6, 7]; byte 17: 0xDE→0xE0 bit(s) [3, 4, 5]; byte 26: 0x1F→0x20 bit(s) [0]
[14:24:36.444] P-02 rel 0x11/78 B: byte 19: 0xFD→0x06 bit(s) [4, 5, 6, 7]; byte 20: 0xFF→0x00 bit(s) [0, 1, 2, 3, 4, 5, 6, 7]; byte 23: 0x70→0x90 bit(s) [7]; byte 26: 0x20→0x1F bit(s) [0]
[14:24:36.458] P-02 rel 0x11/78 B: byte 17: 0xE5→0xE8 bit(s) [3]; byte 19: 0x06→0x12 bit(s) [4]
[14:24:36.473] P-02 rel 0x11/78 B: byte 21: 0xEE→0x10 bit(s) [7]; byte 22: 0xFD→0xFE bit(s) [0, 1]
[14:24:36.488] P-02 rel 0x11/78 B: byte 15: 0x82→0x75 bit(s) [4, 5, 6, 7]; byte 17: 0xEA→0xE5 bit(s) [3]
[14:24:36.504] P-02 rel 0x11/78 B: byte 15: 0x75→0x69 bit(s) [3, 4]; byte 21: 0x52→0x94 bit(s) [7]; byte 23: 0x86→0x54 bit(s) [7]; byte 26: 0x1F→0x20 bit(s) [0]
[14:24:36.519] P-02 rel 0x11/78 B: byte 15: 0x69→0x59 bit(s) [4, 5]; byte 17: 0xE0→0xDE bit(s) [3, 4, 5]; byte 19: 0x14→0x06 bit(s) [4]
[14:24:36.534] P-02 rel 0x11/78 B: byte 15: 0x59→0x51 bit(s) [3]; byte 19: 0x06→0xF8 bit(s) [4, 5, 6, 7]; byte 20: 0x00→0xFF bit(s) [0, 1, 2, 3, 4, 5, 6, 7]; byte 23: 0x16→0xE8 bit(s) [7]; byte 24: 0x20→0x1F bit(s) [0, 1, 2, 3, 4, 5]
[14:24:36.549] P-02 rel 0x11/78 B: byte 15: 0x51→0x4E bit(s) [3, 4]; byte 17: 0xDD→0xE0 bit(s) [3, 4, 5]; byte 19: 0xF8→0xE5 bit(s) [4]
[14:24:36.578] P-02 rel 0x11/78 B: byte 17: 0xE0→0xE8 bit(s) [3]; byte 19: 0xE5→0xDB bit(s) [4, 5]
[14:24:36.594] P-02 rel 0x11/78 B: byte 15: 0x4D→0x5B bit(s) [4]; byte 21: 0xA4→0x7C bit(s) [7]; byte 23: 0xEA→0x16 bit(s) [7]; byte 24: 0x1F→0x20 bit(s) [0, 1, 2, 3, 4, 5]
[14:24:36.609] P-02 rel 0x11/78 B: byte 15: 0x5B→0x64 bit(s) [3, 4, 5]; byte 17: 0xED→0xF3 bit(s) [3, 4]
[14:24:36.623] P-02 rel 0x11/78 B: byte 15: 0x64→0x79 bit(s) [3, 4]; byte 19: 0xDF→0xF7 bit(s) [5]
[14:24:37.013]      … 24 linha(s) suprimida(s) neste segundo
[14:24:37.013] P-02 rel 0x11/78 B: byte 15: 0x3E→0x44 bit(s) [3, 4, 5, 6]; byte 17: 0x19→0x14 bit(s) [3]
[14:24:37.029] P-02 rel 0x11/78 B: byte 17: 0x14→0x0E bit(s) [3, 4]; byte 23: 0x3C→0xF4 bit(s) [7]; byte 24: 0x20→0x1F bit(s) [0, 1, 2, 3, 4, 5]
[14:24:37.043] P-02 rel 0x11/78 B: byte 15: 0x40→0x2B bit(s) [3, 5, 6]; byte 17: 0x0E→0x04 bit(s) [3]
[14:24:37.058] P-02 rel 0x11/78 B: byte 15: 0x2B→0x14 bit(s) [3, 4, 5]; byte 17: 0x04→0xFF bit(s) [3, 4, 5, 6, 7]; byte 18: 0x00→0xFF bit(s) [0, 1, 2, 3, 4, 5, 6, 7]; byte 19: 0x13→0x0A bit(s) [4]
[14:24:37.073] P-02 rel 0x11/78 B: byte 15: 0x14→0xFC bit(s) [3, 5, 6, 7]; byte 16: 0x00→0xFF bit(s) [0, 1, 2, 3, 4, 5, 6, 7]
[14:24:37.088] P-02 rel 0x11/78 B: byte 15: 0xFC→0xD5 bit(s) [3, 5]; byte 17: 0xFB→0xF6 bit(s) [3]; byte 23: 0xC2→0x7E bit(s) [7]; byte 24: 0x1F→0x20 bit(s) [0, 1, 2, 3, 4, 5]
[14:24:37.103] P-02 rel 0x11/78 B: byte 15: 0xD5→0xCF bit(s) [3, 4]; byte 16: 0xFF→0xFE bit(s) [0]; byte 17: 0xF6→0xB6 bit(s) [6]; byte 19: 0x05→0x78 bit(s) [4, 5, 6]; byte 21: 0x20→0xFE bit(s) [7]; byte 22: 0xFE→0xFD bit(s) [0, 1]
[14:24:37.119] P-02 rel 0x11/78 B: byte 3: 0x80→0x86 bit(s) [1, 2]; byte 4: 0x80→0x65 bit(s) [0, 2, 5, 6, 7]; byte 15: 0xCF→0xC1 bit(s) [3]; byte 17: 0xB6→0x97 bit(s) [5]; byte 19: 0x78→0xA7 bit(s) [4, 6, 7]
[14:24:37.119] P-01 botão "Left Thumbstick Right" [sem propriedade nomeada]: PRESSIONADO
[14:24:37.119] P-01 botão "Left Thumbstick Up" [sem propriedade nomeada]: PRESSIONADO
[14:24:37.134] P-02 rel 0x11/78 B: byte 3: 0x86→0x89 bit(s) [0, 1, 2, 3]; byte 4: 0x65→0x4C bit(s) [0, 3, 5]; byte 15: 0xC1→0xF3 bit(s) [4, 5]; byte 17: 0x97→0x9C bit(s) [3]; byte 19: 0xA7→0xCA bit(s) [5, 6]; byte 23: 0x66→0xEA bit(s) [7]
[14:24:37.149] P-02 rel 0x11/78 B: byte 3: 0x89→0x8C bit(s) [0, 2]; byte 4: 0x4C→0x20 bit(s) [2, 3, 5, 6]; byte 15: 0xF3→0x75 bit(s) [7]; byte 16: 0xFE→0xFF bit(s) [0]; byte 17: 0x9C→0xAC bit(s) [4, 5]; byte 19: 0xCA→0xD1 bit(s) [4]; byte 21: 0xD6→0x44 bit(s) [7]; byte 22: 0xFD→0xFE bit(s) [0, 1]
[14:24:37.164] P-02 rel 0x11/78 B: byte 3: 0x8C→0x8F bit(s) [0, 1]; byte 4: 0x20→0x00 bit(s) [5]; byte 15: 0x75→0x17 bit(s) [5, 6]; byte 17: 0xAC→0x6C bit(s) [6, 7]; byte 21: 0x44→0x8E bit(s) [7]
[14:24:37.178] P-02 rel 0x11/78 B: byte 3: 0x8F→0x8E bit(s) [0]; byte 15: 0x17→0x72 bit(s) [5, 6]; byte 17: 0x6C→0x91 bit(s) [3, 4, 5, 6, 7]; byte 19: 0xD0→0x9A bit(s) [6]; byte 23: 0xE2→0x64 bit(s) [7]; byte 26: 0x21→0x20 bit(s) [0]
[14:24:37.193] P-02 rel 0x11/78 B: byte 3: 0x8E→0x8A bit(s) [2]; byte 15: 0x72→0xCA bit(s) [3, 4, 5, 7]; byte 17: 0x91→0xCB bit(s) [3, 4, 6]; byte 19: 0x9A→0x6A bit(s) [4, 5, 6, 7]; byte 21: 0xD4→0x68 bit(s) [7]; byte 22: 0xFE→0xFF bit(s) [0]; byte 23: 0x64→0x8A bit(s) [7]; byte 26: 0x20→0x21 bit(s) [0]
[14:24:37.208] P-02 rel 0x11/78 B: byte 3: 0x8A→0x80 bit(s) [1, 3]; byte 15: 0xCA→0xFC bit(s) [4, 5]; byte 17: 0xCB→0x09 bit(s) [6, 7]; byte 18: 0xFF→0x00 bit(s) [0, 1, 2, 3, 4, 5, 6, 7]; byte 19: 0x6A→0x41 bit(s) [5]; byte 21: 0x68→0xDA bit(s) [7]; byte 26: 0x21→0x22 bit(s) [0]
[14:24:37.223] P-02 rel 0x11/78 B: byte 3: 0x80→0x78 bit(s) [3, 4, 5, 6, 7]; byte 15: 0xFC→0x36 bit(s) [3, 6, 7]; byte 16: 0xFF→0x00 bit(s) [0, 1, 2, 3, 4, 5, 6, 7]; byte 17: 0x09→0x37 bit(s) [3, 4, 5]; byte 19: 0x41→0x2A bit(s) [5, 6]; byte 23: 0x92→0x6C bit(s) [7]
[14:24:37.223] P-01 botão "Left Thumbstick Left" [sem propriedade nomeada]: PRESSIONADO
[14:24:37.223] P-01 botão "Left Thumbstick Right" [sem propriedade nomeada]: solto
[14:24:37.238] P-02 rel 0x11/78 B: byte 3: 0x78→0x70 bit(s) [3]; byte 15: 0x36→0x6A bit(s) [3, 4, 6]; byte 17: 0x37→0x42 bit(s) [4, 5, 6]; byte 21: 0xD6→0x78 bit(s) [7]; byte 26: 0x22→0x21 bit(s) [0]
[14:24:37.253] P-02 rel 0x11/78 B: byte 3: 0x70→0x6C bit(s) [2, 3, 4]; byte 15: 0x6A→0xA4 bit(s) [3, 6, 7]; byte 17: 0x42→0x4C bit(s) [3]; byte 19: 0x21→0x1C bit(s) [4, 5]; byte 26: 0x21→0x20 bit(s) [0]
[14:24:37.268] P-02 rel 0x11/78 B: byte 3: 0x6C→0x66 bit(s) [1, 3]; byte 4: 0x00→0x02 bit(s) [1]; byte 15: 0xA4→0x14 bit(s) [4, 5, 7]; byte 16: 0x00→0x01 bit(s) [0]; byte 17: 0x4C→0x6F bit(s) [5]; byte 23: 0x08→0xB6 bit(s) [7]; byte 24: 0x20→0x1F bit(s) [0, 1, 2, 3, 4, 5]
[14:24:37.283] P-02 rel 0x11/78 B: byte 3: 0x66→0x62 bit(s) [2]; byte 15: 0x14→0x43 bit(s) [4, 6]; byte 17: 0x6F→0x77 bit(s) [3, 4]; byte 23: 0xB6→0x02 bit(s) [7]; byte 24: 0x1F→0x20 bit(s) [0, 1, 2, 3, 4, 5]
[14:24:37.298] P-02 rel 0x11/78 B: byte 3: 0x62→0x61 bit(s) [0, 1]; byte 15: 0x43→0x03 bit(s) [6]; byte 17: 0x77→0x63 bit(s) [4]; byte 19: 0x16→0x2D bit(s) [4, 5]; byte 26: 0x20→0x1F bit(s) [0]
[14:24:37.314] P-02 rel 0x11/78 B: byte 3: 0x61→0x65 bit(s) [2]; byte 15: 0x03→0xA8 bit(s) [3, 5, 7]; byte 16: 0x01→0x00 bit(s) [0]; byte 17: 0x63→0x4C bit(s) [3, 5]; byte 19: 0x2D→0x4C bit(s) [5, 6]; byte 26: 0x1F→0x1E bit(s) [0]
[14:24:37.328] P-02 rel 0x11/78 B: byte 3: 0x65→0x71 bit(s) [2, 4]; byte 4: 0x02→0x13 bit(s) [0, 4]; byte 15: 0xA8→0x43 bit(s) [3, 5, 6, 7]; byte 17: 0x4C→0x32 bit(s) [3, 4, 5, 6]; byte 19: 0x4C→0x6E bit(s) [5]; byte 21: 0x06→0xBE bit(s) [7]; byte 22: 0xFF→0xFE bit(s) [0]; byte 23: 0x58→0xA0 bit(s) [7]; byte 24: 0x20→0x1F bit(s) [0, 1, 2, 3, 4, 5]
[14:24:37.343] P-02 rel 0x11/78 B: byte 3: 0x71→0x83 bit(s) [1, 4, 5, 6, 7]; byte 4: 0x13→0x37 bit(s) [2, 5]; byte 15: 0x43→0x38 bit(s) [3, 4, 5, 6]; byte 17: 0x32→0x1A bit(s) [3, 5]; byte 19: 0x6E→0x53 bit(s) [4, 5]; byte 21: 0xBE→0x60 bit(s) [7]; byte 22: 0xFE→0xFF bit(s) [0]; byte 24: 0x1F→0x1E bit(s) [0]
[14:24:37.344] P-01 botão "Left Thumbstick Left" [sem propriedade nomeada]: solto
[14:24:37.344] P-01 botão "Left Thumbstick Right" [sem propriedade nomeada]: PRESSIONADO
[14:24:37.358] P-02 rel 0x11/78 B: byte 3: 0x83→0x92 bit(s) [0, 4]; byte 4: 0x37→0x5E bit(s) [0, 3, 5, 6]; byte 15: 0x38→0xC9 bit(s) [4, 5, 6, 7]; byte 17: 0x1A→0x3D bit(s) [5]; byte 19: 0x53→0x03 bit(s) [4, 6]
[14:24:37.373] P-02 rel 0x11/78 B: byte 3: 0x92→0x9C bit(s) [1, 2, 3]; byte 4: 0x5E→0x73 bit(s) [0, 2, 3, 5]; byte 15: 0xC9→0x27 bit(s) [3, 5, 6, 7]; byte 16: 0x00→0x01 bit(s) [0]; byte 17: 0x3D→0x5B bit(s) [5, 6]; byte 19: 0x03→0xD4 bit(s) [4, 6, 7]; byte 20: 0x00→0xFF bit(s) [0, 1, 2, 3, 4, 5, 6, 7]; byte 21: 0x3A→0xE0 bit(s) [7]; byte 22: 0xFF→0xFE bit(s) [0]; byte 24: 0x1E→0x1F bit(s) [0]; byte 26: 0x1E→0x1F bit(s) [0]
[14:24:37.389] P-02 rel 0x11/78 B: byte 3: 0x9C→0xB1 bit(s) [0, 2, 3, 5]; byte 4: 0x73→0x91 bit(s) [1, 5, 6, 7]; byte 15: 0x27→0x1B bit(s) [3, 4, 5]; byte 17: 0x5B→0x57 bit(s) [3]; byte 19: 0xD4→0xB2 bit(s) [5, 6]; byte 23: 0xEE→0x1A bit(s) [7]; byte 24: 0x1F→0x21 bit(s) [1, 2, 3, 4, 5]; byte 26: 0x1F→0x20 bit(s) [0]
[14:24:37.389] P-01 botão "Left Thumbstick Down" [sem propriedade nomeada]: PRESSIONADO
[14:24:37.389] P-01 botão "Left Thumbstick Up" [sem propriedade nomeada]: solto
[14:24:37.403] P-02 rel 0x11/78 B: byte 3: 0xB1→0xD1 bit(s) [5, 6]; byte 4: 0x91→0xBE bit(s) [0, 1, 2, 3, 5]; byte 15: 0x1B→0x97 bit(s) [3, 7]; byte 17: 0x57→0xBB bit(s) [3, 5, 6, 7]; byte 19: 0xB2→0xAB bit(s) [4]; byte 21: 0xA4→0x54 bit(s) [7]; byte 22: 0xFE→0xFF bit(s) [0]; byte 26: 0x20→0x1F bit(s) [0]
[14:24:37.419] P-02 rel 0x11/78 B: byte 3: 0xD1→0xD5 bit(s) [2]; byte 4: 0xBE→0xD5 bit(s) [0, 1, 3, 5, 6]; byte 15: 0x97→0x3A bit(s) [3, 5, 7]; byte 17: 0xBB→0xDA bit(s) [5, 6]; byte 19: 0xAB→0xCF bit(s) [5, 6]; byte 21: 0x54→0xFE bit(s) [7]; byte 22: 0xFF→0xFD bit(s) [1]; byte 23: 0x66→0xEC bit(s) [7]; byte 26: 0x1F→0x20 bit(s) [0]
[14:24:37.434] P-02 rel 0x11/78 B: byte 3: 0xD5→0xD1 bit(s) [2]; byte 4: 0xD5→0xDF bit(s) [1, 3]; byte 15: 0x3A→0xA2 bit(s) [3, 4, 7]; byte 16: 0x01→0x00 bit(s) [0]; byte 17: 0xDA→0xBC bit(s) [5, 6]; byte 19: 0xCF→0xEC bit(s) [5]; byte 23: 0xEC→0x4C bit(s) [7]; byte 26: 0x20→0x1F bit(s) [0]
[14:24:37.449] P-02 rel 0x11/78 B: byte 3: 0xD1→0xCE bit(s) [0, 1, 2, 3, 4]; byte 4: 0xDF→0xE3 bit(s) [2, 3, 4, 5]; byte 15: 0xA2→0xF0 bit(s) [4, 6]; byte 16: 0x00→0xFF bit(s) [0, 1, 2, 3, 4, 5, 6, 7]; byte 17: 0xBC→0x6A bit(s) [4, 6, 7]; byte 19: 0xEC→0x05 bit(s) [5, 6, 7]; byte 20: 0xFF→0x00 bit(s) [0, 1, 2, 3, 4, 5, 6, 7]; byte 21: 0xD4→0x04 bit(s) [7]; byte 22: 0xFD→0xFE bit(s) [0, 1]; byte 24: 0x21→0x20 bit(s) [0]
[14:24:37.463] P-02 rel 0x11/78 B: byte 3: 0xCE→0xCD bit(s) [0, 1]; byte 4: 0xE3→0xE5 bit(s) [1, 2]; byte 15: 0xF0→0x70 bit(s) [7]; byte 17: 0x6A→0xF1 bit(s) [3, 4, 7]; byte 18: 0x00→0xFF bit(s) [0, 1, 2, 3, 4, 5, 6, 7]; byte 19: 0x05→0x1B bit(s) [4]; byte 26: 0x1F→0x1E bit(s) [0]
[14:24:37.478] P-02 rel 0x11/78 B: byte 15: 0x70→0x6E bit(s) [3, 4]; byte 17: 0xF1→0xC7 bit(s) [4, 5]; byte 19: 0x1B→0x30 bit(s) [5]; byte 21: 0x12→0xBC bit(s) [7]; byte 23: 0x4C→0x88 bit(s) [7]; byte 26: 0x1E→0x1D bit(s) [0]
[14:24:37.493] P-02 rel 0x11/78 B: byte 15: 0x6E→0x9D bit(s) [4, 5, 6, 7]; byte 17: 0xC7→0xEB bit(s) [3, 5]; byte 19: 0x30→0x47 bit(s) [4, 5, 6]
[14:24:37.508] P-02 rel 0x11/78 B: byte 3: 0xCD→0xB2 bit(s) [0, 1, 2, 3, 4, 5, 6]; byte 4: 0xE5→0xC7 bit(s) [1, 5]; byte 15: 0x9D→0xE4 bit(s) [3, 4, 5, 6]; byte 17: 0xEB→0x21 bit(s) [3, 6, 7]; byte 18: 0xFF→0x00 bit(s) [0, 1, 2, 3, 4, 5, 6, 7]; byte 19: 0x47→0x5F bit(s) [4]; byte 22: 0xFE→0xFD bit(s) [0, 1]; byte 23: 0xCA→0x76 bit(s) [7]; byte 24: 0x20→0x22 bit(s) [1]
[14:24:37.523] P-02 rel 0x11/78 B: byte 3: 0xB2→0x8F bit(s) [0, 2, 3, 4, 5]; byte 4: 0xC7→0x9B bit(s) [2, 3, 4, 6]; byte 15: 0xE4→0xB5 bit(s) [4, 6]; byte 16: 0xFF→0xFE bit(s) [0]; byte 17: 0x21→0xCC bit(s) [3, 5, 6, 7]; byte 18: 0x00→0xFF bit(s) [0, 1, 2, 3, 4, 5, 6, 7]; byte 19: 0x5F→0xE3 bit(s) [4, 5, 7]; byte 21: 0xCA→0x02 bit(s) [7]; byte 22: 0xFD→0xFF bit(s) [1]; byte 24: 0x22→0x21 bit(s) [0, 1]; byte 26: 0x1F→0x1E bit(s) [0]
[14:24:37.539] P-02 rel 0x11/78 B: byte 3: 0x8F→0x7E bit(s) [0, 4, 5, 6, 7]; byte 4: 0x9B→0x83 bit(s) [3, 4]; byte 15: 0xB5→0x70 bit(s) [6, 7]; byte 17: 0xCC→0xC4 bit(s) [3]; byte 19: 0xE3→0xF7 bit(s) [4]; byte 21: 0x02→0x88 bit(s) [7]; byte 23: 0x52→0xF0 bit(s) [7]; byte 24: 0x21→0x1F bit(s) [1, 2, 3, 4, 5]
[14:24:37.539] P-01 botão "Left Thumbstick Right" [sem propriedade nomeada]: solto
[14:24:37.539] P-01 botão "Left Thumbstick Down" [sem propriedade nomeada]: solto
[14:24:37.554] P-02 rel 0x11/78 B: byte 3: 0x7E→0x60 bit(s) [1, 2, 3, 4]; byte 4: 0x83→0x68 bit(s) [0, 1, 3, 5, 6, 7]; byte 15: 0x70→0x9D bit(s) [3, 5, 6, 7]; byte 17: 0xC4→0xE0 bit(s) [5]; byte 19: 0xF7→0xD7 bit(s) [5]; byte 21: 0x88→0x10 bit(s) [7]; byte 22: 0xFF→0x00 bit(s) [0, 1, 2, 3, 4, 5, 6, 7]; byte 23: 0xF0→0x46 bit(s) [7]; byte 26: 0x1E→0x1F bit(s) [0]
[14:24:37.554] P-01 botão "Left Thumbstick Left" [sem propriedade nomeada]: PRESSIONADO
[14:24:37.554] P-01 botão "Left Thumbstick Up" [sem propriedade nomeada]: PRESSIONADO
[14:24:37.583] P-02 rel 0x11/78 B: byte 3: 0x60→0x2E bit(s) [1, 2, 3, 6]; byte 4: 0x68→0x45 bit(s) [0, 2, 3, 5]; byte 15: 0x9D→0x44 bit(s) [3, 4, 6, 7]; byte 17: 0xE0→0xC1 bit(s) [5]; byte 19: 0xD7→0xF0 bit(s) [5]; byte 21: 0x10→0xC0 bit(s) [7]; byte 22: 0x00→0xFE bit(s) [1, 2, 3, 4, 5, 6, 7]; byte 23: 0x46→0xC8 bit(s) [7]; byte 24: 0x1F→0x20 bit(s) [0, 1, 2, 3, 4, 5]; byte 26: 0x1F→0x20 bit(s) [0]
[14:24:37.599] P-02 rel 0x11/78 B: byte 3: 0x2E→0x1D bit(s) [0, 1, 4, 5]; byte 4: 0x45→0x39 bit(s) [2, 3, 4, 5, 6]; byte 15: 0x44→0x88 bit(s) [3, 6, 7]; byte 17: 0xC1→0xBC bit(s) [3, 4, 5, 6]; byte 19: 0xF0→0xB9 bit(s) [6]; byte 21: 0xC0→0x38 bit(s) [7]; byte 22: 0xFE→0x01 bit(s) [0, 1, 2, 3, 4, 5, 6, 7]; byte 24: 0x20→0x1E bit(s) [1, 2, 3, 4, 5]; byte 26: 0x20→0x1F bit(s) [0]
[14:24:37.613] P-02 rel 0x11/78 B: byte 3: 0x1D→0x1A bit(s) [0, 1, 2]; byte 4: 0x39→0x36 bit(s) [0, 1, 2, 3]; byte 15: 0x88→0xE6 bit(s) [3, 5, 6]; byte 16: 0xFE→0xFF bit(s) [0]; byte 17: 0xBC→0x0B bit(s) [4, 5, 7]; byte 18: 0xFF→0x00 bit(s) [0, 1, 2, 3, 4, 5, 6, 7]; byte 19: 0xB9→0x35 bit(s) [7]; byte 21: 0x38→0x8A bit(s) [7]; byte 24: 0x1E→0x1D bit(s) [0, 1]
[14:24:37.689] P-01 botão "Left Thumbstick Left" [sem propriedade nomeada]: solto
[14:24:37.689] P-01 botão "Left Thumbstick Up" [sem propriedade nomeada]: solto
[14:24:37.704] P-01 botão "Left Thumbstick Right" [sem propriedade nomeada]: PRESSIONADO
[14:24:37.704] P-01 botão "Left Thumbstick Down" [sem propriedade nomeada]: PRESSIONADO
[14:24:37.794] P-01 botão "Left Thumbstick Right" [sem propriedade nomeada]: solto
[14:24:37.794] P-01 botão "Left Thumbstick Down" [sem propriedade nomeada]: solto
[14:24:38.003]      … 23 linha(s) suprimida(s) neste segundo
[14:24:38.003] P-02 rel 0x11/78 B: byte 15: 0xEE→0xBF bit(s) [4, 6]; byte 21: 0x14→0xF2 bit(s) [7]; byte 22: 0xFF→0xFE bit(s) [0]; byte 23: 0xFE→0x4C bit(s) [7]; byte 24: 0x1F→0x20 bit(s) [0, 1, 2, 3, 4, 5]
[14:24:38.064] P-02 recurso 0x05: ok, 41 bytes: 0x05 0x00 0x00 0x00 0x00 0x00 0x00 0x00 0x22 0x00 0x22 0x00 0x22 0x00 0xDE 0x00 0xDE 0x00 0xDE 0x1C 0x02 0x1C 0x02 0x00 0x20 0x00 0xE0 0x00 0x20 0x00 0xE0 0x00 0x20 0x00 0xE0 0x0B 0x00 0xDB 0x5C 0x18 0x0A
[14:24:38.064]      observe se o próximo relatório aparece como "primeira vez" ou "tamanho mudou"; ruído reaprendido por 3 s
[14:24:45.055] P-02 rel 0x11/78 B: byte 22: 0xFF→0x00 bit(s) [1, 2, 3, 4, 5, 6, 7]
[14:24:45.070] P-02 rel 0x11/78 B: byte 24: 0x20→0x1F bit(s) [0, 1, 2, 3, 4, 5]
[14:24:45.115] P-02 rel 0x11/78 B: byte 22: 0x00→0xFF bit(s) [1, 2, 3, 4, 5, 6, 7]
[14:24:45.145] P-02 rel 0x11/78 B: byte 24: 0x1F→0x20 bit(s) [0, 1, 2, 3, 4, 5]
[14:24:45.203] P-02 rel 0x11/78 B: byte 24: 0x20→0x1F bit(s) [0, 1, 2, 3, 4, 5]
[14:24:45.217] P-02 resumo: relatório 0x11 com 78 bytes, 10026 recebido(s); ruído de repouso: byte 9 bits [3, 4, 5, 6, 7]; byte 13 bits [1, 2, 3, 4, 5, 6, 7]; byte 15 bits [0, 1, 2, 3, 4, 5, 6, 7]; byte 16 bits [0, 1, 2, 3, 4, 5, 6, 7]; byte 17 bits [0, 1, 2, 3, 4, 5, 6, 7]; byte 18 bits [0, 1, 2, 3, 4, 5, 6, 7]; byte 19 bits [0, 1, 2, 3, 4, 5, 6, 7]; byte 20 bits [0, 1, 2, 3, 4, 5, 6, 7]; byte 21 bits [1, 2, 3, 4, 5, 6, 7]; byte 22 bits [0]; byte 23 bits [1, 2, 3, 4, 5, 6, 7]; byte 25 bits [1, 2, 3, 4, 5, 6, 7]; byte 26 bits [0, 1, 2, 3, 4, 5]; byte 74 bits [0, 1, 2, 3, 4, 5, 6, 7]; byte 75 bits [0, 1, 2, 3, 4, 5, 6, 7]; byte 76 bits [0, 1, 2, 3, 4, 5, 6, 7]; byte 77 bits [0, 1, 2, 3, 4, 5, 6, 7]
[14:24:45.220] P-02 rel 0x11/78 B: byte 24: 0x1F→0x21 bit(s) [1, 2, 3, 4, 5]
[14:24:45.250] P-02 rel 0x11/78 B: byte 22: 0xFE→0xFD bit(s) [1]
[14:24:45.265] P-02 rel 0x11/78 B: byte 24: 0x21→0x20 bit(s) [0]
[14:24:45.294] P-02 rel 0x11/78 B: byte 22: 0xFD→0xFE bit(s) [1]
[14:24:45.474] P-02 rel 0x11/78 B: byte 24: 0x20→0x1F bit(s) [0, 1, 2, 3, 4, 5]
[14:24:45.503] P-02 rel 0x11/78 B: byte 22: 0xFE→0xFD bit(s) [1]
[14:24:45.549] P-02 rel 0x11/78 B: byte 22: 0xFD→0xFE bit(s) [1]
[14:24:45.564] P-02 rel 0x11/78 B: byte 24: 0x1F→0x20 bit(s) [0, 1, 2, 3, 4, 5]
[14:24:45.579] P-02 rel 0x11/78 B: byte 24: 0x20→0x21 bit(s) [0]
[14:24:45.609] P-02 rel 0x11/78 B: byte 24: 0x21→0x20 bit(s) [0]
[14:24:45.669] P-02 rel 0x11/78 B: byte 24: 0x20→0x1F bit(s) [0, 1, 2, 3, 4, 5]
[14:24:45.699] P-02 rel 0x11/78 B: byte 24: 0x1F→0x20 bit(s) [0, 1, 2, 3, 4, 5]
[14:24:45.774] P-02 rel 0x11/78 B: byte 22: 0xFE→0xFD bit(s) [1]
[14:24:45.819] P-02 rel 0x11/78 B: byte 22: 0xFD→0xFE bit(s) [1]
[14:24:45.834] P-02 rel 0x11/78 B: byte 24: 0x20→0x1F bit(s) [0, 1, 2, 3, 4, 5]
[14:24:45.849] P-02 rel 0x11/78 B: byte 24: 0x1F→0x20 bit(s) [0, 1, 2, 3, 4, 5]
[14:24:45.999] P-02 rel 0x11/78 B: byte 24: 0x20→0x1F bit(s) [0, 1, 2, 3, 4, 5]
[14:24:46.014] P-02 rel 0x11/78 B: byte 24: 0x1F→0x20 bit(s) [0, 1, 2, 3, 4, 5]
[14:24:46.103] P-02 rel 0x11/78 B: byte 24: 0x20→0x21 bit(s) [0]
[14:24:46.133] P-02 rel 0x11/78 B: byte 24: 0x21→0x20 bit(s) [0]
[14:24:46.194] P-02 rel 0x11/78 B: byte 22: 0xFE→0xFD bit(s) [1]
[14:24:46.224] P-02 rel 0x11/78 B: byte 24: 0x20→0x1F bit(s) [0, 1, 2, 3, 4, 5]
[14:24:46.239] P-02 rel 0x11/78 B: byte 24: 0x1F→0x20 bit(s) [0, 1, 2, 3, 4, 5]
[14:24:46.254] P-02 rel 0x11/78 B: byte 24: 0x20→0x21 bit(s) [0]
[14:24:46.269] P-02 rel 0x11/78 B: byte 24: 0x21→0x23 bit(s) [1]
[14:24:46.284] P-02 rel 0x11/78 B: byte 22: 0xFD→0xFB bit(s) [1, 2]; byte 24: 0x23→0x24 bit(s) [0, 1, 2]
[14:24:46.300] P-02 rel 0x11/78 B: byte 22: 0xFB→0xFC bit(s) [1, 2]; byte 24: 0x24→0x21 bit(s) [0, 2]
[14:24:46.316] P-02 rel 0x11/78 B: byte 24: 0x21→0x1F bit(s) [1, 2, 3, 4, 5]
[14:24:46.329] P-02 rel 0x11/78 B: byte 22: 0xFD→0xFE bit(s) [1]; byte 24: 0x1F→0x1E bit(s) [0]
[14:24:46.345] P-02 rel 0x11/78 B: byte 24: 0x1E→0x1C bit(s) [1]
[14:24:46.360] P-02 rel 0x11/78 B: byte 24: 0x1C→0x1D bit(s) [0]
[14:24:46.404] P-02 rel 0x11/78 B: byte 24: 0x1D→0x1C bit(s) [0]
[14:24:46.419] P-02 rel 0x11/78 B: byte 24: 0x1C→0x1F bit(s) [0, 1]
[14:24:46.434] P-02 rel 0x11/78 B: byte 22: 0xFF→0xFD bit(s) [1]
[14:24:46.449] P-02 rel 0x11/78 B: byte 22: 0xFD→0xFA bit(s) [1, 2]
[14:24:46.464] P-02 rel 0x11/78 B: byte 24: 0x1F→0x1D bit(s) [1]
[14:24:46.479] P-02 rel 0x11/78 B: byte 24: 0x1D→0x1C bit(s) [0]
[14:24:46.494] P-02 rel 0x11/78 B: byte 22: 0xFA→0xFD bit(s) [1, 2]; byte 24: 0x1C→0x1E bit(s) [1]
[14:24:46.509] P-02 rel 0x11/78 B: byte 22: 0xFD→0xFF bit(s) [1]
[14:24:46.524] P-02 rel 0x11/78 B: byte 22: 0xFF→0xFC bit(s) [1]
[14:24:46.539] P-02 rel 0x11/78 B: byte 22: 0xFC→0xFA bit(s) [1, 2]; byte 24: 0x1E→0x1F bit(s) [0]
[14:24:46.554] P-02 rel 0x11/78 B: byte 24: 0x1F→0x1D bit(s) [1]
[14:24:46.569] P-02 rel 0x11/78 B: byte 22: 0xFA→0xFC bit(s) [1, 2]; byte 24: 0x1D→0x19 bit(s) [2]
[14:24:46.583] P-02 rel 0x11/78 B: byte 22: 0xFC→0xFF bit(s) [1]; byte 24: 0x19→0x13 bit(s) [1, 3]
[14:24:46.598] P-02 rel 0x11/78 B: byte 22: 0xFF→0x00 bit(s) [1, 2, 3, 4, 5, 6, 7]; byte 24: 0x13→0x15 bit(s) [1, 2]
[14:24:46.614] P-02 rel 0x11/78 B: byte 22: 0x00→0x02 bit(s) [1]; byte 24: 0x15→0x18 bit(s) [0, 2, 3]
[14:24:46.629] P-02 rel 0x11/78 B: byte 22: 0x02→0xFE bit(s) [2, 3, 4, 5, 6, 7]; byte 24: 0x18→0x16 bit(s) [1, 2, 3]
[14:24:46.643] P-02 rel 0x11/78 B: byte 22: 0xFE→0xFC bit(s) [1]; byte 24: 0x16→0x13 bit(s) [0, 2]
[14:24:46.659] P-02 rel 0x11/78 B: byte 22: 0xFC→0xFE bit(s) [1]
[14:24:46.719] P-02 rel 0x11/78 B: byte 24: 0x13→0x14 bit(s) [0, 1, 2]
[14:24:46.734] P-02 rel 0x11/78 B: byte 22: 0xFF→0x01 bit(s) [1, 2, 3, 4, 5, 6, 7]
[14:24:46.764] P-02 rel 0x11/78 B: byte 22: 0x01→0x02 bit(s) [1]
[14:24:46.809] P-02 rel 0x11/78 B: byte 24: 0x14→0x15 bit(s) [0]
[14:24:46.839] P-02 rel 0x11/78 B: byte 24: 0x15→0x14 bit(s) [0]
[14:24:46.854] P-02 rel 0x11/78 B: byte 22: 0x03→0x04 bit(s) [1, 2]
[14:24:46.884] P-02 rel 0x11/78 B: byte 22: 0x04→0x03 bit(s) [1, 2]; byte 24: 0x14→0x15 bit(s) [0]
[14:24:46.899] P-02 rel 0x11/78 B: byte 24: 0x15→0x16 bit(s) [0, 1]
[14:24:47.004]      … 4 linha(s) suprimida(s) neste segundo
[14:24:47.004] P-02 rel 0x11/78 B: byte 22: 0x06→0x05 bit(s) [1]; byte 24: 0x19→0x17 bit(s) [1, 2, 3]
[14:24:47.019] P-02 rel 0x11/78 B: byte 24: 0x17→0x18 bit(s) [0, 1, 2, 3]
[14:24:47.049] P-02 rel 0x11/78 B: byte 22: 0x05→0x07 bit(s) [1]
[14:24:47.064] P-02 rel 0x11/78 B: byte 24: 0x18→0x15 bit(s) [0, 2, 3]
[14:24:47.079] P-02 rel 0x11/78 B: byte 22: 0x07→0x08 bit(s) [1, 2, 3]; byte 24: 0x15→0x14 bit(s) [0]
[14:24:47.094] P-02 rel 0x11/78 B: byte 22: 0x08→0x05 bit(s) [2, 3]; byte 24: 0x14→0x17 bit(s) [0, 1]
[14:24:47.111] P-02 rel 0x11/78 B: byte 22: 0x05→0x07 bit(s) [1]; byte 24: 0x17→0x1A bit(s) [0, 2, 3]
[14:24:47.124] P-02 rel 0x11/78 B: byte 22: 0x07→0x08 bit(s) [1, 2, 3]; byte 24: 0x1A→0x19 bit(s) [0, 1]
[14:24:47.139] P-02 rel 0x11/78 B: byte 24: 0x19→0x18 bit(s) [0]
[14:24:47.155] P-02 rel 0x11/78 B: byte 22: 0x09→0x0A bit(s) [1]; byte 24: 0x18→0x16 bit(s) [1, 2, 3]
[14:24:47.170] P-02 rel 0x11/78 B: byte 24: 0x16→0x17 bit(s) [0]
[14:24:47.185] P-02 rel 0x11/78 B: byte 22: 0x0A→0x09 bit(s) [1]; byte 24: 0x17→0x16 bit(s) [0]
[14:24:47.213] P-02 rel 0x11/78 B: byte 22: 0x08→0x06 bit(s) [1, 2, 3]; byte 24: 0x16→0x15 bit(s) [0, 1]
[14:24:47.228] P-02 rel 0x11/78 B: byte 22: 0x06→0x05 bit(s) [1]; byte 24: 0x15→0x16 bit(s) [0, 1]
[14:24:47.244] P-02 rel 0x11/78 B: byte 24: 0x16→0x18 bit(s) [1, 2, 3]
[14:24:47.259] P-02 rel 0x11/78 B: byte 24: 0x18→0x1B bit(s) [0, 1]
[14:24:47.274] P-02 rel 0x11/78 B: byte 24: 0x1B→0x22 bit(s) [0, 3, 4, 5]
[14:24:47.289] P-02 rel 0x11/78 B: byte 22: 0x04→0x02 bit(s) [1, 2]; byte 24: 0x22→0x26 bit(s) [2]
[14:24:47.303] P-02 rel 0x11/78 B: byte 24: 0x26→0x27 bit(s) [0]
[14:24:47.318] P-02 rel 0x11/78 B: byte 22: 0x03→0x04 bit(s) [1, 2]; byte 24: 0x27→0x26 bit(s) [0]
[14:24:47.334] P-02 rel 0x11/78 B: byte 22: 0x04→0x03 bit(s) [1, 2]; byte 24: 0x26→0x22 bit(s) [2]
[14:24:47.348] P-02 rel 0x11/78 B: byte 22: 0x03→0x04 bit(s) [1, 2]; byte 24: 0x22→0x1C bit(s) [1, 2, 3, 4, 5]
[14:24:47.364] P-02 rel 0x11/78 B: byte 24: 0x1C→0x1A bit(s) [1, 2]
[14:24:47.378] P-02 rel 0x11/78 B: byte 22: 0x04→0x03 bit(s) [1, 2]
[14:24:47.394] P-02 rel 0x11/78 B: byte 24: 0x1A→0x1B bit(s) [0]
[14:24:47.409] P-02 rel 0x11/78 B: byte 22: 0x02→0x00 bit(s) [1]; byte 24: 0x1B→0x1C bit(s) [0, 1, 2]
[14:24:47.438] P-02 rel 0x11/78 B: byte 22: 0x00→0xFF bit(s) [1, 2, 3, 4, 5, 6, 7]; byte 24: 0x1C→0x1B bit(s) [0, 1, 2]
[14:24:47.454] P-02 rel 0x11/78 B: byte 22: 0xFF→0x01 bit(s) [1, 2, 3, 4, 5, 6, 7]; byte 24: 0x1B→0x1D bit(s) [1, 2]
[14:24:47.469] P-02 rel 0x11/78 B: byte 22: 0x01→0x02 bit(s) [1]; byte 24: 0x1D→0x1C bit(s) [0]
[14:24:47.484] P-02 rel 0x11/78 B: byte 24: 0x1C→0x1D bit(s) [0]
[14:24:47.499] P-02 rel 0x11/78 B: byte 22: 0x03→0x04 bit(s) [1, 2]; byte 24: 0x1D→0x1E bit(s) [0, 1]
[14:24:47.529] P-02 rel 0x11/78 B: byte 24: 0x1E→0x1D bit(s) [0, 1]
[14:24:47.544] P-02 rel 0x11/78 B: byte 22: 0x04→0x02 bit(s) [1, 2]; byte 24: 0x1D→0x1E bit(s) [0, 1]
[14:24:47.559] P-02 rel 0x11/78 B: byte 24: 0x1E→0x1D bit(s) [0, 1]
[14:24:47.574] P-02 rel 0x11/78 B: byte 22: 0x02→0x01 bit(s) [1]
[14:24:47.588] P-02 rel 0x11/78 B: byte 22: 0x01→0x02 bit(s) [1]
[14:24:47.604] P-02 rel 0x11/78 B: byte 22: 0x02→0x01 bit(s) [1]
[14:24:47.619] P-02 rel 0x11/78 B: byte 24: 0x1D→0x1C bit(s) [0]
[14:24:47.634] P-02 rel 0x11/78 B: byte 22: 0x01→0x02 bit(s) [1]
[14:24:47.678] P-02 rel 0x11/78 B: byte 24: 0x1C→0x1D bit(s) [0]
[14:24:48.024]      … 15 linha(s) suprimida(s) neste segundo
[14:24:48.024] P-02 rel 0x11/78 B: byte 22: 0x02→0x01 bit(s) [1]
[14:24:48.039] P-02 rel 0x11/78 B: byte 24: 0x1C→0x1B bit(s) [0, 1, 2]
[14:24:48.174] P-02 rel 0x11/78 B: byte 24: 0x1B→0x1C bit(s) [0, 1, 2]
[14:24:48.192] P-02 rel 0x11/78 B: byte 24: 0x1C→0x1B bit(s) [0, 1, 2]
[14:24:48.235] P-02 rel 0x11/78 B: byte 24: 0x1B→0x1C bit(s) [0, 1, 2]
[14:24:48.264] P-02 rel 0x11/78 B: byte 24: 0x1C→0x1B bit(s) [0, 1, 2]
[14:24:48.279] P-02 rel 0x11/78 B: byte 22: 0x01→0x03 bit(s) [1]; byte 24: 0x1B→0x1A bit(s) [0]
[14:24:48.294] P-02 rel 0x11/78 B: byte 24: 0x1A→0x1B bit(s) [0]
[14:24:48.368] P-02 rel 0x11/78 B: byte 24: 0x1B→0x19 bit(s) [1]
[14:24:48.429] P-02 rel 0x11/78 B: byte 24: 0x19→0x18 bit(s) [0]
[14:24:48.443] P-02 rel 0x11/78 B: byte 24: 0x18→0x1A bit(s) [1]
[14:24:48.504] P-02 rel 0x11/78 B: byte 22: 0x02→0x01 bit(s) [1]; byte 24: 0x1A→0x1B bit(s) [0]
[14:24:48.549] P-02 rel 0x11/78 B: byte 22: 0x01→0x02 bit(s) [1]
[14:24:48.608] P-02 rel 0x11/78 B: byte 24: 0x1B→0x1A bit(s) [0]
[14:24:48.699] P-02 rel 0x11/78 B: byte 22: 0x02→0x01 bit(s) [1]
[14:24:48.774] P-02 rel 0x11/78 B: byte 22: 0x01→0x02 bit(s) [1]; byte 24: 0x1A→0x1B bit(s) [0]
[14:24:48.849] P-02 rel 0x11/78 B: byte 24: 0x1B→0x1A bit(s) [0]
[14:24:48.984] P-02 rel 0x11/78 B: byte 24: 0x1A→0x1B bit(s) [0]
[14:24:49.014] P-02 rel 0x11/78 B: byte 24: 0x1B→0x1A bit(s) [0]
[14:24:49.089] P-02 rel 0x11/78 B: byte 22: 0x02→0x01 bit(s) [1]; byte 24: 0x1A→0x1B bit(s) [0]
[14:24:49.164] P-02 rel 0x11/78 B: byte 22: 0x01→0x02 bit(s) [1]; byte 24: 0x1B→0x1A bit(s) [0]
[14:24:49.194] P-02 rel 0x11/78 B: byte 22: 0x02→0x01 bit(s) [1]
[14:24:49.239] P-02 rel 0x11/78 B: byte 22: 0x01→0x02 bit(s) [1]
[14:24:49.449] P-02 rel 0x11/78 B: byte 22: 0x02→0x01 bit(s) [1]
[14:24:49.569] P-02 rel 0x11/78 B: byte 22: 0x01→0x02 bit(s) [1]
[14:24:49.689] P-02 rel 0x11/78 B: byte 24: 0x1A→0x1B bit(s) [0]
[14:24:49.734] P-02 rel 0x11/78 B: byte 22: 0x02→0x00 bit(s) [1]
[14:24:49.749] P-02 rel 0x11/78 B: byte 22: 0x00→0x03 bit(s) [1]; byte 24: 0x1B→0x1A bit(s) [0]
[14:24:49.764] P-02 rel 0x11/78 B: byte 24: 0x1A→0x18 bit(s) [1]
[14:24:49.794] P-02 rel 0x11/78 B: byte 22: 0x02→0x00 bit(s) [1]; byte 24: 0x18→0x16 bit(s) [1, 2, 3]
[14:24:49.809] P-02 rel 0x11/78 B: byte 22: 0x00→0x02 bit(s) [1]; byte 24: 0x16→0x17 bit(s) [0]
[14:24:49.824] P-02 rel 0x11/78 B: byte 22: 0x02→0x00 bit(s) [1]; byte 24: 0x17→0x1A bit(s) [0, 2, 3]
[14:24:49.839] P-02 rel 0x11/78 B: byte 22: 0x00→0xFF bit(s) [1, 2, 3, 4, 5, 6, 7]; byte 24: 0x1A→0x1B bit(s) [0]
[14:24:49.854] P-02 rel 0x11/78 B: byte 22: 0xFF→0x00 bit(s) [1, 2, 3, 4, 5, 6, 7]; byte 24: 0x1B→0x22 bit(s) [0, 3, 4, 5]
[14:24:49.869] P-02 rel 0x11/78 B: byte 24: 0x22→0x20 bit(s) [1]
[14:24:49.884] P-02 rel 0x11/78 B: byte 24: 0x20→0x1C bit(s) [2, 3, 4, 5]
[14:24:49.899] P-02 rel 0x11/78 B: byte 24: 0x1C→0x1B bit(s) [0, 1, 2]
[14:24:49.914] P-02 rel 0x11/78 B: byte 22: 0x01→0x02 bit(s) [1]; byte 24: 0x1B→0x1A bit(s) [0]
[14:24:49.974] P-02 rel 0x11/78 B: byte 24: 0x1A→0x1B bit(s) [0]
[14:24:49.989] P-02 rel 0x11/78 B: byte 24: 0x1B→0x19 bit(s) [1]
[14:24:50.004] P-02 rel 0x11/78 B: byte 24: 0x19→0x1A bit(s) [0, 1]
[14:24:50.064] P-02 rel 0x11/78 B: byte 24: 0x1A→0x1B bit(s) [0]
[14:24:50.094] P-02 rel 0x11/78 B: byte 24: 0x1B→0x1A bit(s) [0]
[14:24:50.154] P-02 rel 0x11/78 B: byte 22: 0x02→0x01 bit(s) [1]
[14:24:50.169] P-02 rel 0x11/78 B: byte 24: 0x1A→0x1B bit(s) [0]
[14:24:50.244] P-02 rel 0x11/78 B: byte 24: 0x1B→0x1A bit(s) [0]
[14:24:50.334] P-02 rel 0x11/78 B: byte 24: 0x1A→0x1B bit(s) [0]
[14:24:50.349] P-02 rel 0x11/78 B: byte 24: 0x1B→0x1A bit(s) [0]
[14:24:50.424] P-02 rel 0x11/78 B: byte 22: 0x01→0x02 bit(s) [1]
[14:24:50.454] P-02 rel 0x11/78 B: byte 24: 0x1A→0x1B bit(s) [0]
[14:24:50.528] P-02 rel 0x11/78 B: byte 24: 0x1B→0x1A bit(s) [0]
[14:24:50.588] P-02 rel 0x11/78 B: byte 22: 0x02→0x01 bit(s) [1]
[14:24:50.679] P-02 rel 0x11/78 B: byte 24: 0x1A→0x1B bit(s) [0]
[14:24:50.784] P-02 rel 0x11/78 B: byte 24: 0x1B→0x1A bit(s) [0]
[14:24:50.949] P-02 rel 0x11/78 B: byte 24: 0x1A→0x1B bit(s) [0]
[14:24:50.964] P-02 rel 0x11/78 B: byte 22: 0x01→0x02 bit(s) [1]
[14:24:51.024] P-02 rel 0x11/78 B: byte 22: 0x02→0x01 bit(s) [1]; byte 24: 0x1B→0x1A bit(s) [0]
[14:24:51.144] P-02 rel 0x11/78 B: byte 24: 0x1A→0x1B bit(s) [0]
[14:24:51.278] P-02 rel 0x11/78 B: byte 24: 0x1B→0x1A bit(s) [0]
[14:24:51.354] P-02 rel 0x11/78 B: byte 24: 0x1A→0x1B bit(s) [0]
[14:24:51.489] P-02 rel 0x11/78 B: byte 24: 0x1B→0x1A bit(s) [0]
[14:24:51.504] P-02 rel 0x11/78 B: byte 24: 0x1A→0x1B bit(s) [0]
[14:24:51.519] P-02 rel 0x11/78 B: byte 24: 0x1B→0x1A bit(s) [0]
[14:24:51.549] P-02 rel 0x11/78 B: byte 24: 0x1A→0x1B bit(s) [0]
[14:24:51.653] P-02 rel 0x11/78 B: byte 24: 0x1B→0x1A bit(s) [0]
[14:24:51.669] P-02 rel 0x11/78 B: byte 24: 0x1A→0x1B bit(s) [0]
[14:24:51.684] P-02 rel 0x11/78 B: byte 24: 0x1B→0x1A bit(s) [0]
[14:24:51.699] P-02 rel 0x11/78 B: byte 24: 0x1A→0x1B bit(s) [0]
[14:24:51.759] P-02 rel 0x11/78 B: byte 24: 0x1B→0x1A bit(s) [0]
[14:24:51.803] P-02 rel 0x11/78 B: byte 24: 0x1A→0x1B bit(s) [0]
[14:24:51.894] P-02 rel 0x11/78 B: byte 24: 0x1B→0x1A bit(s) [0]
[14:24:51.909] P-02 rel 0x11/78 B: byte 24: 0x1A→0x1B bit(s) [0]
[14:24:51.954] P-02 rel 0x11/78 B: byte 24: 0x1B→0x1A bit(s) [0]
[14:24:51.985] P-02 rel 0x11/78 B: byte 24: 0x1A→0x1B bit(s) [0]
[14:24:51.999] P-02 rel 0x11/78 B: byte 24: 0x1B→0x1A bit(s) [0]
[14:24:52.014] P-02 rel 0x11/78 B: byte 24: 0x1A→0x1B bit(s) [0]
[14:24:52.029] P-02 rel 0x11/78 B: byte 24: 0x1B→0x1A bit(s) [0]
[14:24:52.059] P-02 rel 0x11/78 B: byte 24: 0x1A→0x1B bit(s) [0]
[14:24:52.134] P-02 rel 0x11/78 B: byte 24: 0x1B→0x1A bit(s) [0]
[14:24:52.164] P-02 rel 0x11/78 B: byte 24: 0x1A→0x1B bit(s) [0]
[14:24:52.209] P-02 rel 0x11/78 B: byte 22: 0x00→0xFF bit(s) [1, 2, 3, 4, 5, 6, 7]; byte 24: 0x1B→0x1A bit(s) [0]
[14:24:52.224] P-02 rel 0x11/78 B: byte 22: 0xFF→0x02 bit(s) [2, 3, 4, 5, 6, 7]
[14:24:52.239] P-02 rel 0x11/78 B: byte 22: 0x02→0x01 bit(s) [1]
[14:24:52.253] P-02 rel 0x11/78 B: byte 22: 0x01→0x02 bit(s) [1]; byte 24: 0x1A→0x18 bit(s) [1]
[14:24:52.268] P-02 rel 0x11/78 B: byte 24: 0x18→0x19 bit(s) [0]
[14:24:52.284] P-02 rel 0x11/78 B: byte 24: 0x19→0x1A bit(s) [0, 1]
[14:24:52.298] P-02 rel 0x11/78 B: byte 24: 0x1A→0x1B bit(s) [0]
[14:24:52.314] P-02 rel 0x11/78 B: byte 22: 0x02→0x01 bit(s) [1]; byte 24: 0x1B→0x1C bit(s) [0, 1, 2]
[14:24:52.328] P-02 rel 0x11/78 B: byte 22: 0x01→0x02 bit(s) [1]; byte 24: 0x1C→0x1A bit(s) [1, 2]
[14:24:52.343] P-02 rel 0x11/78 B: byte 22: 0x02→0x01 bit(s) [1]
[14:24:52.419] P-02 rel 0x11/78 B: byte 24: 0x1A→0x1B bit(s) [0]
[14:24:52.449] P-02 rel 0x11/78 B: byte 24: 0x1B→0x1A bit(s) [0]
[14:24:52.479] P-02 rel 0x11/78 B: byte 24: 0x1A→0x19 bit(s) [0, 1]
[14:24:52.509] P-02 rel 0x11/78 B: byte 24: 0x19→0x1A bit(s) [0, 1]
[14:24:52.524] P-02 rel 0x11/78 B: byte 24: 0x1A→0x19 bit(s) [0, 1]
[14:24:52.539] P-02 rel 0x11/78 B: byte 24: 0x19→0x1A bit(s) [0, 1]
[14:24:52.569] P-02 rel 0x11/78 B: byte 24: 0x1A→0x19 bit(s) [0, 1]
[14:24:52.584] P-02 rel 0x11/78 B: byte 22: 0x01→0x02 bit(s) [1]
[14:24:52.614] P-02 rel 0x11/78 B: byte 24: 0x19→0x1A bit(s) [0, 1]
[14:24:52.629] P-02 rel 0x11/78 B: byte 22: 0x02→0x01 bit(s) [1]
[14:24:52.689] P-02 rel 0x11/78 B: byte 24: 0x1A→0x19 bit(s) [0, 1]
[14:24:52.704] P-02 rel 0x11/78 B: byte 22: 0x01→0x02 bit(s) [1]; byte 24: 0x19→0x18 bit(s) [0]
[14:24:52.764] P-02 rel 0x11/78 B: byte 24: 0x18→0x17 bit(s) [0, 1, 2, 3]
[14:24:52.809] P-02 rel 0x11/78 B: byte 24: 0x17→0x16 bit(s) [0]
[14:24:52.824] P-02 rel 0x11/78 B: byte 24: 0x16→0x15 bit(s) [0, 1]
[14:24:52.839] P-02 rel 0x11/78 B: byte 24: 0x15→0x16 bit(s) [0, 1]
[14:24:52.854] P-02 rel 0x11/78 B: byte 24: 0x16→0x15 bit(s) [0, 1]
[14:24:52.869] P-02 rel 0x11/78 B: byte 24: 0x15→0x16 bit(s) [0, 1]
[14:24:52.899] P-02 rel 0x11/78 B: byte 24: 0x16→0x17 bit(s) [0]
[14:24:52.932] P-02 rel 0x11/78 B: byte 24: 0x17→0x18 bit(s) [0, 1, 2, 3]
[14:24:52.946] P-02 rel 0x11/78 B: byte 24: 0x18→0x19 bit(s) [0]
[14:24:52.960] P-02 rel 0x11/78 B: byte 22: 0x02→0x01 bit(s) [1]; byte 24: 0x19→0x1A bit(s) [0, 1]
[14:24:52.975] P-02 rel 0x11/78 B: byte 22: 0x01→0x02 bit(s) [1]; byte 24: 0x1A→0x1B bit(s) [0]
[14:24:52.990] P-02 rel 0x11/78 B: byte 24: 0x1B→0x1C bit(s) [0, 1, 2]
[14:24:53.019] P-02 rel 0x11/78 B: byte 24: 0x1C→0x1B bit(s) [0, 1, 2]
[14:24:53.051] P-02 rel 0x11/78 B: byte 22: 0x02→0x01 bit(s) [1]; byte 24: 0x1B→0x1A bit(s) [0]
[14:24:53.064] P-02 rel 0x11/78 B: byte 24: 0x1A→0x18 bit(s) [1]
[14:24:53.079] P-02 rel 0x11/78 B: byte 22: 0x01→0x02 bit(s) [1]; byte 24: 0x18→0x19 bit(s) [0]
[14:24:53.095] P-02 rel 0x11/78 B: byte 22: 0x02→0x01 bit(s) [1]
[14:24:53.111] P-02 rel 0x11/78 B: byte 22: 0x01→0x02 bit(s) [1]
[14:24:53.157] P-02 rel 0x11/78 B: byte 22: 0x02→0x01 bit(s) [1]
[14:24:53.184] P-02 rel 0x11/78 B: byte 22: 0x01→0x02 bit(s) [1]
[14:24:53.199] P-02 rel 0x11/78 B: byte 24: 0x19→0x1A bit(s) [0, 1]
[14:24:53.214] P-02 rel 0x11/78 B: byte 22: 0x02→0x01 bit(s) [1]
[14:24:53.229] P-02 rel 0x11/78 B: byte 22: 0x01→0x02 bit(s) [1]
[14:24:53.244] P-02 rel 0x11/78 B: byte 22: 0x02→0x01 bit(s) [1]
[14:24:53.259] P-02 rel 0x11/78 B: byte 24: 0x1A→0x19 bit(s) [0, 1]
[14:24:53.289] P-02 rel 0x11/78 B: byte 22: 0x01→0x02 bit(s) [1]
[14:24:53.378] P-02 rel 0x11/78 B: byte 24: 0x19→0x1A bit(s) [0, 1]
[14:24:53.484] P-02 rel 0x11/78 B: byte 24: 0x1A→0x1B bit(s) [0]
[14:24:53.529] P-02 rel 0x11/78 B: byte 24: 0x1B→0x1A bit(s) [0]
[14:24:53.574] P-02 rel 0x11/78 B: byte 22: 0x02→0x01 bit(s) [1]
[14:24:53.589] P-02 rel 0x11/78 B: byte 22: 0x01→0x02 bit(s) [1]; byte 24: 0x1A→0x1B bit(s) [0]
[14:24:53.634] P-02 rel 0x11/78 B: byte 24: 0x1B→0x1A bit(s) [0]
[14:24:53.649] P-02 rel 0x11/78 B: byte 22: 0x02→0x01 bit(s) [1]; byte 24: 0x1A→0x1B bit(s) [0]
[14:24:53.679] P-02 rel 0x11/78 B: byte 22: 0x01→0x02 bit(s) [1]; byte 24: 0x1B→0x1A bit(s) [0]
[14:24:53.723] P-02 rel 0x11/78 B: byte 24: 0x1A→0x19 bit(s) [0, 1]
[14:24:53.784] P-02 rel 0x11/78 B: byte 24: 0x19→0x18 bit(s) [0]
[14:24:53.799] P-02 rel 0x11/78 B: byte 22: 0x02→0x01 bit(s) [1]; byte 24: 0x18→0x17 bit(s) [0, 1, 2, 3]
[14:24:53.814] P-02 rel 0x11/78 B: byte 24: 0x17→0x15 bit(s) [1]
[14:24:53.831] P-02 rel 0x11/78 B: byte 22: 0x00→0x02 bit(s) [1]; byte 24: 0x15→0x12 bit(s) [0, 1, 2]
[14:24:53.844] P-02 rel 0x11/78 B: byte 22: 0x02→0x01 bit(s) [1]; byte 24: 0x12→0x10 bit(s) [1]
[14:24:53.859] P-02 rel 0x11/78 B: byte 22: 0x01→0xFF bit(s) [1, 2, 3, 4, 5, 6, 7]; byte 24: 0x10→0x19 bit(s) [0, 3]
[14:24:53.874] P-02 rel 0x11/78 B: byte 22: 0xFF→0x01 bit(s) [1, 2, 3, 4, 5, 6, 7]; byte 24: 0x19→0x0F bit(s) [1, 2, 4]
[14:24:53.889] P-02 rel 0x11/78 B: byte 22: 0x01→0x02 bit(s) [1]; byte 24: 0x0F→0x0E bit(s) [0]
[14:24:53.904] P-02 rel 0x11/78 B: byte 22: 0x02→0x01 bit(s) [1]; byte 24: 0x0E→0x12 bit(s) [2, 3, 4]
[14:24:53.935] P-02 rel 0x11/78 B: byte 24: 0x12→0x13 bit(s) [0]
[14:24:53.951] P-02 rel 0x11/78 B: byte 22: 0x01→0x02 bit(s) [1]; byte 24: 0x13→0x14 bit(s) [0, 1, 2]
[14:24:53.966] P-02 rel 0x11/78 B: byte 24: 0x14→0x15 bit(s) [0]
[14:24:53.995] P-02 rel 0x11/78 B: byte 24: 0x15→0x17 bit(s) [1]
[14:24:54.009] P-02 rel 0x11/78 B: byte 24: 0x17→0x19 bit(s) [1, 2, 3]
[14:24:54.024] P-02 rel 0x11/78 B: byte 22: 0x03→0x04 bit(s) [1, 2]; byte 24: 0x19→0x1B bit(s) [1]
[14:24:54.039] P-02 rel 0x11/78 B: byte 24: 0x1B→0x1D bit(s) [1, 2]
[14:24:54.054] P-02 rel 0x11/78 B: byte 24: 0x1D→0x1B bit(s) [1, 2]
[14:24:54.069] P-02 rel 0x11/78 B: byte 22: 0x04→0x03 bit(s) [1, 2]
[14:24:54.084] P-02 rel 0x11/78 B: byte 24: 0x1B→0x1A bit(s) [0]
[14:24:54.114] P-02 rel 0x11/78 B: byte 22: 0x02→0x01 bit(s) [1]; byte 24: 0x1A→0x1B bit(s) [0]
[14:24:54.130] P-02 rel 0x11/78 B: byte 24: 0x1B→0x1C bit(s) [0, 1, 2]
[14:24:54.144] P-02 rel 0x11/78 B: byte 24: 0x1C→0x1D bit(s) [0]
[14:24:54.159] P-02 rel 0x11/78 B: byte 24: 0x1D→0x1C bit(s) [0]
[14:24:54.174] P-02 rel 0x11/78 B: byte 24: 0x1C→0x1B bit(s) [0, 1, 2]
[14:24:54.189] P-02 rel 0x11/78 B: byte 24: 0x1B→0x1A bit(s) [0]
[14:24:54.218] P-02 rel 0x11/78 B: byte 24: 0x1A→0x18 bit(s) [1]
[14:24:54.264] P-02 rel 0x11/78 B: byte 22: 0x01→0x02 bit(s) [1]
[14:24:54.339] P-02 rel 0x11/78 B: byte 24: 0x18→0x19 bit(s) [0]
[14:24:54.382] P-02 rel 0x11/78 B: byte 24: 0x19→0x1A bit(s) [0, 1]
[14:24:54.549] P-02 rel 0x11/78 B: byte 24: 0x1A→0x19 bit(s) [0, 1]
[14:24:54.609] P-02 rel 0x11/78 B: byte 24: 0x19→0x1A bit(s) [0, 1]
[14:24:54.624] P-02 rel 0x11/78 B: byte 24: 0x1A→0x1B bit(s) [0]
[14:24:54.639] P-02 rel 0x11/78 B: byte 24: 0x1B→0x1C bit(s) [0, 1, 2]
[14:24:54.654] P-02 rel 0x11/78 B: byte 24: 0x1C→0x1B bit(s) [0, 1, 2]
[14:24:54.699] P-02 rel 0x11/78 B: byte 24: 0x1B→0x1A bit(s) [0]
[14:24:54.743] P-02 rel 0x11/78 B: byte 24: 0x1A→0x1B bit(s) [0]
[14:24:54.804] P-02 rel 0x11/78 B: byte 24: 0x1B→0x1A bit(s) [0]
[14:24:54.849] P-02 rel 0x11/78 B: byte 24: 0x1A→0x1B bit(s) [0]
[14:24:54.894] P-02 rel 0x11/78 B: byte 24: 0x1B→0x1C bit(s) [0, 1, 2]
[14:24:54.938] P-02 rel 0x11/78 B: byte 24: 0x1C→0x1B bit(s) [0, 1, 2]
[14:24:54.984] P-02 rel 0x11/78 B: byte 24: 0x1B→0x1C bit(s) [0, 1, 2]
[14:24:54.999] P-02 rel 0x11/78 B: byte 24: 0x1C→0x1B bit(s) [0, 1, 2]
[14:24:55.090] P-02 rel 0x11/78 B: byte 24: 0x1B→0x1C bit(s) [0, 1, 2]
[14:24:55.105] P-02 rel 0x11/78 B: byte 22: 0x02→0x01 bit(s) [1]; byte 24: 0x1C→0x1B bit(s) [0, 1, 2]
[14:24:55.120] P-02 rel 0x11/78 B: byte 22: 0x01→0x02 bit(s) [1]
[14:24:55.135] P-02 rel 0x11/78 B: byte 24: 0x1B→0x1A bit(s) [0]
[14:24:55.165] P-02 rel 0x11/78 B: byte 24: 0x1A→0x1B bit(s) [0]
[14:24:55.217] P-02 resumo: relatório 0x11 com 78 bytes, 10657 recebido(s); ruído de repouso: byte 9 bits [3, 4, 5, 6, 7]; byte 13 bits [1, 2, 3, 4, 5, 6, 7]; byte 15 bits [0, 1, 2, 3, 4, 5, 6, 7]; byte 16 bits [0, 1, 2, 3, 4, 5, 6, 7]; byte 17 bits [0, 1, 2, 3, 4, 5, 6, 7]; byte 18 bits [0, 1, 2, 3, 4, 5, 6, 7]; byte 19 bits [0, 1, 2, 3, 4, 5, 6, 7]; byte 20 bits [0, 1, 2, 3, 4, 5, 6, 7]; byte 21 bits [1, 2, 3, 4, 5, 6, 7]; byte 22 bits [0]; byte 23 bits [1, 2, 3, 4, 5, 6, 7]; byte 25 bits [1, 2, 3, 4, 5, 6, 7]; byte 26 bits [0, 1, 2, 3, 4, 5]; byte 74 bits [0, 1, 2, 3, 4, 5, 6, 7]; byte 75 bits [0, 1, 2, 3, 4, 5, 6, 7]; byte 76 bits [0, 1, 2, 3, 4, 5, 6, 7]; byte 77 bits [0, 1, 2, 3, 4, 5, 6, 7]
[14:24:55.223] P-02 rel 0x11/78 B: byte 24: 0x1B→0x1C bit(s) [0, 1, 2]
[14:24:55.239] P-02 rel 0x11/78 B: byte 24: 0x1C→0x1B bit(s) [0, 1, 2]
[14:24:55.329] P-02 rel 0x11/78 B: byte 22: 0x02→0x04 bit(s) [1, 2]
[14:24:55.358] P-02 rel 0x11/78 B: byte 22: 0x04→0x02 bit(s) [1, 2]
[14:24:55.509] P-02 rel 0x11/78 B: byte 24: 0x1B→0x1C bit(s) [0, 1, 2]
[14:24:55.524] P-02 rel 0x11/78 B: byte 24: 0x1C→0x1B bit(s) [0, 1, 2]
[14:24:55.734] P-02 rel 0x11/78 B: byte 24: 0x1B→0x1C bit(s) [0, 1, 2]
[14:24:55.749] P-02 rel 0x11/78 B: byte 24: 0x1C→0x1B bit(s) [0, 1, 2]
[14:24:57.249] P-02 rel 0x11/78 B: byte 24: 0x1B→0x1C bit(s) [0, 1, 2]
[14:24:57.264] P-02 rel 0x11/78 B: byte 24: 0x1C→0x1B bit(s) [0, 1, 2]
[14:24:58.284] P-02 rel 0x11/78 B: byte 22: 0x02→0x00 bit(s) [1]
[14:24:58.299] P-02 rel 0x11/78 B: byte 22: 0x00→0x02 bit(s) [1]
[14:24:59.664] P-02 rel 0x11/78 B: byte 22: 0x02→0x04 bit(s) [1, 2]
[14:24:59.693] P-02 rel 0x11/78 B: byte 22: 0x04→0x02 bit(s) [1, 2]
[14:25:01.419] P-02 rel 0x11/78 B: byte 22: 0x02→0x00 bit(s) [1]
[14:25:01.434] P-02 rel 0x11/78 B: byte 22: 0x00→0x02 bit(s) [1]
[14:25:01.614] P-02 rel 0x11/78 B: byte 24: 0x1B→0x1C bit(s) [0, 1, 2]
[14:25:01.629] P-02 rel 0x11/78 B: byte 24: 0x1C→0x1B bit(s) [0, 1, 2]
[14:25:04.269] P-02 rel 0x11/78 B: byte 9: 0xA8→0xB1 bit(s) [0]
[14:25:04.388] P-02 rel 0x11/78 B: byte 22: 0x02→0x01 bit(s) [1]; byte 24: 0x1B→0x1A bit(s) [0]
[14:25:04.404] P-02 rel 0x11/78 B: byte 22: 0x01→0x02 bit(s) [1]
[14:25:04.419] P-02 rel 0x11/78 B: byte 24: 0x1A→0x1B bit(s) [0]
[14:25:04.450] P-02 rel 0x11/78 B: byte 24: 0x1B→0x1A bit(s) [0]
[14:25:04.479] P-02 rel 0x11/78 B: byte 9: 0x11→0x18 bit(s) [0]; byte 24: 0x1A→0x1B bit(s) [0]
[14:25:04.494] P-02 rel 0x11/78 B: byte 24: 0x1B→0x1E bit(s) [0, 2]
[14:25:04.510] P-02 rel 0x11/78 B: byte 24: 0x1E→0x1C bit(s) [1]
[14:25:04.526] P-02 rel 0x11/78 B: byte 24: 0x1C→0x1B bit(s) [0, 1, 2]
[14:25:04.540] P-02 rel 0x11/78 B: byte 24: 0x1B→0x1A bit(s) [0]
[14:25:04.554] P-02 rel 0x11/78 B: byte 24: 0x1A→0x1B bit(s) [0]
[14:25:05.218] P-02 resumo: relatório 0x11 com 78 bytes, 11280 recebido(s); ruído de repouso: byte 9 bits [3, 4, 5, 6, 7]; byte 13 bits [1, 2, 3, 4, 5, 6, 7]; byte 15 bits [0, 1, 2, 3, 4, 5, 6, 7]; byte 16 bits [0, 1, 2, 3, 4, 5, 6, 7]; byte 17 bits [0, 1, 2, 3, 4, 5, 6, 7]; byte 18 bits [0, 1, 2, 3, 4, 5, 6, 7]; byte 19 bits [0, 1, 2, 3, 4, 5, 6, 7]; byte 20 bits [0, 1, 2, 3, 4, 5, 6, 7]; byte 21 bits [1, 2, 3, 4, 5, 6, 7]; byte 22 bits [0]; byte 23 bits [1, 2, 3, 4, 5, 6, 7]; byte 25 bits [1, 2, 3, 4, 5, 6, 7]; byte 26 bits [0, 1, 2, 3, 4, 5]; byte 74 bits [0, 1, 2, 3, 4, 5, 6, 7]; byte 75 bits [0, 1, 2, 3, 4, 5, 6, 7]; byte 76 bits [0, 1, 2, 3, 4, 5, 6, 7]; byte 77 bits [0, 1, 2, 3, 4, 5, 6, 7]
[14:25:05.754] P-02 rel 0x11/78 B: byte 9: 0xA0→0xA9 bit(s) [0]
[14:25:05.844] P-02 rel 0x11/78 B: byte 24: 0x1B→0x1A bit(s) [0]
[14:25:05.874] P-02 rel 0x11/78 B: byte 24: 0x1A→0x1B bit(s) [0]
[14:25:05.934] P-02 rel 0x11/78 B: byte 24: 0x1B→0x1C bit(s) [0, 1, 2]
[14:25:05.964] P-02 rel 0x11/78 B: byte 9: 0x11→0x18 bit(s) [0]; byte 24: 0x1C→0x1B bit(s) [0, 1, 2]
[14:25:05.979] P-02 rel 0x11/78 B: byte 24: 0x1B→0x1A bit(s) [0]
[14:25:05.994] P-02 rel 0x11/78 B: byte 24: 0x1A→0x1B bit(s) [0]
[14:25:08.799] P-02 rel 0x11/78 B: byte 22: 0x02→0x00 bit(s) [1]
[14:25:08.814] P-02 rel 0x11/78 B: byte 22: 0x00→0x02 bit(s) [1]
[14:25:15.217] P-02 resumo: relatório 0x11 com 78 bytes, 11917 recebido(s); ruído de repouso: byte 9 bits [3, 4, 5, 6, 7]; byte 13 bits [1, 2, 3, 4, 5, 6, 7]; byte 15 bits [0, 1, 2, 3, 4, 5, 6, 7]; byte 16 bits [0, 1, 2, 3, 4, 5, 6, 7]; byte 17 bits [0, 1, 2, 3, 4, 5, 6, 7]; byte 18 bits [0, 1, 2, 3, 4, 5, 6, 7]; byte 19 bits [0, 1, 2, 3, 4, 5, 6, 7]; byte 20 bits [0, 1, 2, 3, 4, 5, 6, 7]; byte 21 bits [1, 2, 3, 4, 5, 6, 7]; byte 22 bits [0]; byte 23 bits [1, 2, 3, 4, 5, 6, 7]; byte 25 bits [1, 2, 3, 4, 5, 6, 7]; byte 26 bits [0, 1, 2, 3, 4, 5]; byte 74 bits [0, 1, 2, 3, 4, 5, 6, 7]; byte 75 bits [0, 1, 2, 3, 4, 5, 6, 7]; byte 76 bits [0, 1, 2, 3, 4, 5, 6, 7]; byte 77 bits [0, 1, 2, 3, 4, 5, 6, 7]
[14:25:16.044] P-02 rel 0x11/78 B: byte 24: 0x1B→0x1C bit(s) [0, 1, 2]
[14:25:16.074] P-02 rel 0x11/78 B: byte 24: 0x1C→0x1B bit(s) [0, 1, 2]
[14:25:19.599] P-02 rel 0x11/78 B: byte 24: 0x1B→0x1C bit(s) [0, 1, 2]
[14:25:19.614] P-02 rel 0x11/78 B: byte 24: 0x1C→0x1B bit(s) [0, 1, 2]
[14:25:20.229] P-02 rel 0x11/78 B: byte 24: 0x1B→0x1C bit(s) [0, 1, 2]
[14:25:20.245] P-02 rel 0x11/78 B: byte 24: 0x1C→0x1B bit(s) [0, 1, 2]
[14:25:20.334] P-02 rel 0x11/78 B: byte 22: 0x03→0x01 bit(s) [1]; byte 24: 0x1B→0x19 bit(s) [1]
[14:25:20.349] P-02 rel 0x11/78 B: byte 22: 0x01→0xFD bit(s) [2, 3, 4, 5, 6, 7]; byte 24: 0x19→0x0E bit(s) [0, 1, 2, 4]
[14:25:20.365] P-02 rel 0x11/78 B: byte 22: 0xFD→0x05 bit(s) [3, 4, 5, 6, 7]; byte 24: 0x0E→0x1B bit(s) [0, 2, 4]
[14:25:20.379] P-02 rel 0x11/78 B: byte 22: 0x05→0x03 bit(s) [1, 2]; byte 24: 0x1B→0x22 bit(s) [0, 3, 4, 5]
[14:25:20.394] P-02 rel 0x11/78 B: byte 22: 0x03→0xFF bit(s) [2, 3, 4, 5, 6, 7]; byte 24: 0x22→0x1C bit(s) [1, 2, 3, 4, 5]
[14:25:20.409] P-02 rel 0x11/78 B: byte 22: 0xFF→0x00 bit(s) [1, 2, 3, 4, 5, 6, 7]; byte 24: 0x1C→0x19 bit(s) [0, 2]
[14:25:20.424] P-02 rel 0x11/78 B: byte 24: 0x19→0x18 bit(s) [0]
[14:25:20.454] P-02 rel 0x11/78 B: byte 24: 0x18→0x1A bit(s) [1]
[14:25:20.469] P-02 rel 0x11/78 B: byte 24: 0x1A→0x1C bit(s) [1, 2]
[14:25:20.484] P-02 rel 0x11/78 B: byte 24: 0x1C→0x21 bit(s) [0, 2, 3, 4, 5]
[14:25:20.499] P-02 rel 0x11/78 B: byte 24: 0x21→0x20 bit(s) [0]
[14:25:20.514] P-02 rel 0x11/78 B: byte 24: 0x20→0x1D bit(s) [0, 2, 3, 4, 5]
[14:25:20.530] P-02 rel 0x11/78 B: byte 22: 0x01→0x02 bit(s) [1]; byte 24: 0x1D→0x1B bit(s) [1, 2]
[14:25:20.544] P-02 rel 0x11/78 B: byte 24: 0x1B→0x1A bit(s) [0]
[14:25:20.574] P-02 rel 0x11/78 B: byte 24: 0x1A→0x1B bit(s) [0]
[14:25:20.589] P-02 rel 0x11/78 B: byte 22: 0x02→0x01 bit(s) [1]
[14:25:20.604] P-02 rel 0x11/78 B: byte 24: 0x1B→0x1A bit(s) [0]
[14:25:20.634] P-02 rel 0x11/78 B: byte 24: 0x1A→0x1B bit(s) [0]
[14:25:20.710] P-02 rel 0x11/78 B: byte 24: 0x1B→0x1C bit(s) [0, 1, 2]
[14:25:20.725] P-02 rel 0x11/78 B: byte 24: 0x1C→0x1A bit(s) [1, 2]
[14:25:20.740] P-02 rel 0x11/78 B: byte 24: 0x1A→0x1B bit(s) [0]
[14:25:20.814] P-02 rel 0x11/78 B: byte 24: 0x1B→0x1C bit(s) [0, 1, 2]
[14:25:20.934] P-02 rel 0x11/78 B: byte 24: 0x1C→0x1B bit(s) [0, 1, 2]
[14:25:21.084] P-02 rel 0x11/78 B: byte 24: 0x1B→0x1C bit(s) [0, 1, 2]
[14:25:21.159] P-02 rel 0x11/78 B: byte 24: 0x1C→0x1B bit(s) [0, 1, 2]
[14:25:21.310] P-02 rel 0x11/78 B: byte 24: 0x1B→0x1C bit(s) [0, 1, 2]
[14:25:21.369] P-02 rel 0x11/78 B: byte 24: 0x1C→0x1B bit(s) [0, 1, 2]
[14:25:21.640] P-02 rel 0x11/78 B: byte 24: 0x1B→0x1C bit(s) [0, 1, 2]
[14:25:21.655] P-02 rel 0x11/78 B: byte 24: 0x1C→0x1B bit(s) [0, 1, 2]
[14:25:21.925] P-02 rel 0x11/78 B: byte 24: 0x1B→0x1C bit(s) [0, 1, 2]
[14:25:21.940] P-02 rel 0x11/78 B: byte 24: 0x1C→0x1B bit(s) [0, 1, 2]
[14:25:22.074] P-02 rel 0x11/78 B: byte 24: 0x1B→0x1C bit(s) [0, 1, 2]
[14:25:22.179] P-02 rel 0x11/78 B: byte 24: 0x1C→0x1B bit(s) [0, 1, 2]
[14:25:22.255] P-02 rel 0x11/78 B: byte 24: 0x1B→0x1C bit(s) [0, 1, 2]
[14:25:22.329] P-02 rel 0x11/78 B: byte 24: 0x1C→0x1B bit(s) [0, 1, 2]
[14:25:22.344] P-02 rel 0x11/78 B: byte 24: 0x1B→0x1C bit(s) [0, 1, 2]
[14:25:22.359] P-02 rel 0x11/78 B: byte 24: 0x1C→0x1B bit(s) [0, 1, 2]
[14:25:22.374] P-02 rel 0x11/78 B: byte 24: 0x1B→0x1C bit(s) [0, 1, 2]
[14:25:22.389] P-02 rel 0x11/78 B: byte 24: 0x1C→0x1B bit(s) [0, 1, 2]
[14:25:22.404] P-02 rel 0x11/78 B: byte 24: 0x1B→0x1C bit(s) [0, 1, 2]
[14:25:22.419] P-02 rel 0x11/78 B: byte 24: 0x1C→0x1B bit(s) [0, 1, 2]
[14:25:22.554] P-02 rel 0x11/78 B: byte 24: 0x1B→0x1C bit(s) [0, 1, 2]
[14:25:22.629] P-02 rel 0x11/78 B: byte 24: 0x1C→0x1B bit(s) [0, 1, 2]
[14:25:22.778] P-02 rel 0x11/78 B: byte 24: 0x1B→0x1C bit(s) [0, 1, 2]
[14:25:22.839] P-02 rel 0x11/78 B: byte 22: 0x00→0xFF bit(s) [1, 2, 3, 4, 5, 6, 7]
[14:25:22.854] P-02 rel 0x11/78 B: byte 22: 0xFF→0x00 bit(s) [1, 2, 3, 4, 5, 6, 7]
[14:25:22.915] P-02 rel 0x11/78 B: byte 24: 0x1C→0x1B bit(s) [0, 1, 2]
[14:25:22.944] P-02 rel 0x11/78 B: byte 22: 0x00→0xFF bit(s) [1, 2, 3, 4, 5, 6, 7]; byte 24: 0x1B→0x1A bit(s) [0]
[14:25:22.974] P-02 rel 0x11/78 B: byte 22: 0xFF→0x00 bit(s) [1, 2, 3, 4, 5, 6, 7]; byte 24: 0x1A→0x1B bit(s) [0]
[14:25:23.094] P-02 rel 0x11/78 B: byte 24: 0x1B→0x1D bit(s) [1, 2]
[14:25:23.110] P-02 rel 0x11/78 B: byte 24: 0x1D→0x1B bit(s) [1, 2]
[14:25:23.124] P-02 rel 0x11/78 B: byte 24: 0x1B→0x1A bit(s) [0]
[14:25:23.139] P-02 rel 0x11/78 B: byte 22: 0x01→0x02 bit(s) [1]
[14:25:23.169] P-02 rel 0x11/78 B: byte 24: 0x1A→0x1B bit(s) [0]
[14:25:23.184] P-02 rel 0x11/78 B: byte 22: 0x02→0x01 bit(s) [1]
[14:25:23.214] P-02 rel 0x11/78 B: byte 22: 0x01→0x02 bit(s) [1]; byte 24: 0x1B→0x1A bit(s) [0]
[14:25:23.229] P-02 rel 0x11/78 B: byte 22: 0x02→0x01 bit(s) [1]; byte 24: 0x1A→0x19 bit(s) [0, 1]
[14:25:23.244] P-02 rel 0x11/78 B: byte 22: 0x01→0x02 bit(s) [1]; byte 24: 0x19→0x1A bit(s) [0, 1]
[14:25:23.259] P-02 rel 0x11/78 B: byte 24: 0x1A→0x1C bit(s) [1, 2]
[14:25:23.274] P-02 rel 0x11/78 B: byte 22: 0x02→0x01 bit(s) [1]
[14:25:23.289] P-02 rel 0x11/78 B: byte 24: 0x1C→0x1B bit(s) [0, 1, 2]
[14:25:23.320] P-02 rel 0x11/78 B: byte 24: 0x1B→0x1C bit(s) [0, 1, 2]
[14:25:23.334] P-02 rel 0x11/78 B: byte 22: 0x01→0x02 bit(s) [1]
[14:25:23.350] P-02 rel 0x11/78 B: byte 22: 0x02→0x01 bit(s) [1]
[14:25:23.364] P-02 rel 0x11/78 B: byte 24: 0x1C→0x1D bit(s) [0]
[14:25:23.379] P-02 rel 0x11/78 B: byte 24: 0x1D→0x1F bit(s) [1]
[14:25:23.409] P-02 rel 0x11/78 B: byte 22: 0x00→0xFF bit(s) [1, 2, 3, 4, 5, 6, 7]
[14:25:23.439] P-02 rel 0x11/78 B: byte 24: 0x1F→0x1D bit(s) [1]
[14:25:23.469] P-02 rel 0x11/78 B: byte 22: 0xFF→0x01 bit(s) [1, 2, 3, 4, 5, 6, 7]; byte 24: 0x1D→0x1E bit(s) [0, 1]
[14:25:23.484] P-02 rel 0x11/78 B: byte 22: 0x01→0x03 bit(s) [1]; byte 24: 0x1E→0x20 bit(s) [1, 2, 3, 4, 5]
[14:25:23.500] P-02 rel 0x11/78 B: byte 24: 0x20→0x1C bit(s) [2, 3, 4, 5]
[14:25:23.514] P-02 rel 0x11/78 B: byte 22: 0x02→0xFE bit(s) [2, 3, 4, 5, 6, 7]; byte 24: 0x1C→0x1A bit(s) [1, 2]
[14:25:23.530] P-02 rel 0x11/78 B: byte 22: 0xFE→0xFC bit(s) [1]; byte 24: 0x1A→0x1E bit(s) [2]
[14:25:23.544] P-02 rel 0x11/78 B: byte 24: 0x1E→0x20 bit(s) [1, 2, 3, 4, 5]
[14:25:23.559] P-02 rel 0x11/78 B: byte 24: 0x20→0x22 bit(s) [1]
[14:25:23.575] P-02 rel 0x11/78 B: byte 22: 0xFD→0xFF bit(s) [1]; byte 24: 0x22→0x23 bit(s) [0]
[14:25:23.588] P-02 rel 0x11/78 B: byte 22: 0xFF→0x00 bit(s) [1, 2, 3, 4, 5, 6, 7]
[14:25:23.604] P-02 rel 0x11/78 B: byte 24: 0x23→0x22 bit(s) [0]
[14:25:23.635] P-02 rel 0x11/78 B: byte 24: 0x22→0x20 bit(s) [1]
[14:25:23.650] P-02 rel 0x11/78 B: byte 24: 0x20→0x1F bit(s) [0, 1, 2, 3, 4, 5]
[14:25:23.665] P-02 rel 0x11/78 B: byte 24: 0x1F→0x1E bit(s) [0]
[14:25:23.679] P-02 rel 0x11/78 B: byte 24: 0x1E→0x1F bit(s) [0]
[14:25:23.695] P-02 rel 0x11/78 B: byte 22: 0x01→0x02 bit(s) [1]
[14:25:23.725] P-02 rel 0x11/78 B: byte 24: 0x1F→0x1E bit(s) [0]
[14:25:23.754] P-02 rel 0x11/78 B: byte 22: 0x02→0x01 bit(s) [1]
[14:25:23.770] P-02 rel 0x11/78 B: byte 22: 0x01→0x02 bit(s) [1]; byte 24: 0x1E→0x1F bit(s) [0]
[14:25:23.784] P-02 rel 0x11/78 B: byte 22: 0x02→0x01 bit(s) [1]; byte 24: 0x1F→0x1E bit(s) [0]
[14:25:23.799] P-02 rel 0x11/78 B: byte 22: 0x01→0xFE bit(s) [1, 2, 3, 4, 5, 6, 7]; byte 24: 0x1E→0x1F bit(s) [0]
[14:25:23.815] P-02 rel 0x11/78 B: byte 22: 0xFE→0xFD bit(s) [1]; byte 24: 0x1F→0x21 bit(s) [1, 2, 3, 4, 5]
[14:25:24.009]      … 9 linha(s) suprimida(s) neste segundo
[14:25:24.009] P-02 rel 0x11/78 B: byte 24: 0x1F→0x20 bit(s) [0, 1, 2, 3, 4, 5]
[14:25:24.024] P-02 rel 0x11/78 B: byte 24: 0x20→0x21 bit(s) [0]
[14:25:24.054] P-02 rel 0x11/78 B: byte 24: 0x21→0x20 bit(s) [0]
[14:25:24.099] P-02 rel 0x11/78 B: byte 22: 0xFF→0x00 bit(s) [1, 2, 3, 4, 5, 6, 7]
[14:25:24.160] P-02 rel 0x11/78 B: byte 24: 0x20→0x1F bit(s) [0, 1, 2, 3, 4, 5]
[14:25:24.175] P-02 rel 0x11/78 B: byte 22: 0x01→0x02 bit(s) [1]
[14:25:24.219] P-02 rel 0x11/78 B: byte 24: 0x1F→0x20 bit(s) [0, 1, 2, 3, 4, 5]
[14:25:24.235] P-02 rel 0x11/78 B: byte 22: 0x02→0x01 bit(s) [1]; byte 24: 0x20→0x1F bit(s) [0, 1, 2, 3, 4, 5]
[14:25:24.310] P-02 rel 0x11/78 B: byte 22: 0x01→0x02 bit(s) [1]; byte 24: 0x1F→0x1E bit(s) [0]
[14:25:24.354] P-02 rel 0x11/78 B: byte 24: 0x1E→0x1F bit(s) [0]
[14:25:24.385] P-02 rel 0x11/78 B: byte 22: 0x02→0x01 bit(s) [1]
[14:25:24.399] P-02 rel 0x11/78 B: byte 24: 0x1F→0x20 bit(s) [0, 1, 2, 3, 4, 5]
[14:25:24.519] P-02 rel 0x11/78 B: byte 22: 0x00→0xFF bit(s) [1, 2, 3, 4, 5, 6, 7]
[14:25:24.535] P-02 rel 0x11/78 B: byte 22: 0xFF→0x00 bit(s) [1, 2, 3, 4, 5, 6, 7]
[14:25:24.550] P-02 rel 0x11/78 B: byte 22: 0x00→0xFF bit(s) [1, 2, 3, 4, 5, 6, 7]
[14:25:24.565] P-02 rel 0x11/78 B: byte 22: 0xFF→0x00 bit(s) [1, 2, 3, 4, 5, 6, 7]
[14:25:24.579] P-02 rel 0x11/78 B: byte 22: 0x00→0xFF bit(s) [1, 2, 3, 4, 5, 6, 7]
[14:25:24.610] P-02 rel 0x11/78 B: byte 22: 0xFF→0x00 bit(s) [1, 2, 3, 4, 5, 6, 7]
[14:25:24.639] P-02 rel 0x11/78 B: byte 24: 0x20→0x21 bit(s) [0]
[14:25:24.685] P-02 rel 0x11/78 B: byte 24: 0x21→0x20 bit(s) [0]
[14:25:24.759] P-02 rel 0x11/78 B: byte 24: 0x20→0x1F bit(s) [0, 1, 2, 3, 4, 5]
[14:25:24.775] P-02 rel 0x11/78 B: byte 24: 0x1F→0x20 bit(s) [0, 1, 2, 3, 4, 5]
[14:25:24.804] P-02 rel 0x11/78 B: byte 24: 0x20→0x1F bit(s) [0, 1, 2, 3, 4, 5]
[14:25:24.819] P-02 rel 0x11/78 B: byte 24: 0x1F→0x1E bit(s) [0]
[14:25:24.894] P-02 rel 0x11/78 B: byte 24: 0x1E→0x1F bit(s) [0]
[14:25:24.910] P-02 rel 0x11/78 B: byte 24: 0x1F→0x20 bit(s) [0, 1, 2, 3, 4, 5]
[14:25:24.925] P-02 rel 0x11/78 B: byte 24: 0x20→0x1F bit(s) [0, 1, 2, 3, 4, 5]
[14:25:24.955] P-02 rel 0x11/78 B: byte 22: 0x00→0x02 bit(s) [1]; byte 24: 0x1F→0x1E bit(s) [0]
[14:25:24.970] P-02 rel 0x11/78 B: byte 22: 0x02→0x05 bit(s) [1, 2]
[14:25:24.985] P-02 rel 0x11/78 B: byte 22: 0x05→0x02 bit(s) [1, 2]; byte 24: 0x1E→0x1D bit(s) [0, 1]
[14:25:25.000] P-02 rel 0x11/78 B: byte 22: 0x02→0xFF bit(s) [2, 3, 4, 5, 6, 7]; byte 24: 0x1D→0x1F bit(s) [1]
[14:25:25.015] P-02 rel 0x11/78 B: byte 24: 0x1F→0x20 bit(s) [0, 1, 2, 3, 4, 5]
[14:25:25.030] P-02 rel 0x11/78 B: byte 22: 0xFE→0xFD bit(s) [1]; byte 24: 0x20→0x21 bit(s) [0]
[14:25:25.045] P-02 rel 0x11/78 B: byte 24: 0x21→0x1F bit(s) [1, 2, 3, 4, 5]
[14:25:25.059] P-02 rel 0x11/78 B: byte 22: 0xFD→0xFF bit(s) [1]; byte 24: 0x1F→0x1E bit(s) [0]
[14:25:25.077] P-02 rel 0x11/78 B: byte 22: 0xFF→0x01 bit(s) [1, 2, 3, 4, 5, 6, 7]
[14:25:25.092] P-02 rel 0x11/78 B: byte 22: 0x01→0x02 bit(s) [1]; byte 24: 0x1E→0x1F bit(s) [0]
[14:25:25.105] P-02 rel 0x11/78 B: byte 24: 0x1F→0x20 bit(s) [0, 1, 2, 3, 4, 5]
[14:25:25.135] P-02 rel 0x11/78 B: byte 22: 0x02→0x01 bit(s) [1]
[14:25:25.150] P-02 rel 0x11/78 B: byte 22: 0x01→0xFF bit(s) [1, 2, 3, 4, 5, 6, 7]
[14:25:25.193] P-02 rel 0x11/78 B: byte 24: 0x20→0x1F bit(s) [0, 1, 2, 3, 4, 5]
[14:25:25.209] P-02 rel 0x11/78 B: byte 22: 0xFF→0x00 bit(s) [1, 2, 3, 4, 5, 6, 7]; byte 24: 0x1F→0x1E bit(s) [0]
[14:25:25.217] P-02 resumo: relatório 0x11 com 78 bytes, 12555 recebido(s); ruído de repouso: byte 9 bits [3, 4, 5, 6, 7]; byte 13 bits [1, 2, 3, 4, 5, 6, 7]; byte 15 bits [0, 1, 2, 3, 4, 5, 6, 7]; byte 16 bits [0, 1, 2, 3, 4, 5, 6, 7]; byte 17 bits [0, 1, 2, 3, 4, 5, 6, 7]; byte 18 bits [0, 1, 2, 3, 4, 5, 6, 7]; byte 19 bits [0, 1, 2, 3, 4, 5, 6, 7]; byte 20 bits [0, 1, 2, 3, 4, 5, 6, 7]; byte 21 bits [1, 2, 3, 4, 5, 6, 7]; byte 22 bits [0]; byte 23 bits [1, 2, 3, 4, 5, 6, 7]; byte 25 bits [1, 2, 3, 4, 5, 6, 7]; byte 26 bits [0, 1, 2, 3, 4, 5]; byte 74 bits [0, 1, 2, 3, 4, 5, 6, 7]; byte 75 bits [0, 1, 2, 3, 4, 5, 6, 7]; byte 76 bits [0, 1, 2, 3, 4, 5, 6, 7]; byte 77 bits [0, 1, 2, 3, 4, 5, 6, 7]
[14:25:25.224] P-02 rel 0x11/78 B: byte 24: 0x1E→0x1F bit(s) [0]
[14:25:25.284] P-02 rel 0x11/78 B: byte 22: 0x00→0xFF bit(s) [1, 2, 3, 4, 5, 6, 7]
[14:25:25.299] P-02 rel 0x11/78 B: byte 24: 0x1F→0x20 bit(s) [0, 1, 2, 3, 4, 5]
[14:25:25.374] P-02 rel 0x11/78 B: byte 22: 0xFF→0x00 bit(s) [1, 2, 3, 4, 5, 6, 7]; byte 24: 0x20→0x1F bit(s) [0, 1, 2, 3, 4, 5]
[14:25:25.389] P-02 rel 0x11/78 B: byte 22: 0x00→0xFF bit(s) [1, 2, 3, 4, 5, 6, 7]
[14:25:25.404] P-02 rel 0x11/78 B: byte 24: 0x1F→0x20 bit(s) [0, 1, 2, 3, 4, 5]
[14:25:25.419] P-02 rel 0x11/78 B: byte 22: 0xFF→0x00 bit(s) [1, 2, 3, 4, 5, 6, 7]
[14:25:25.449] P-02 rel 0x11/78 B: byte 24: 0x20→0x1F bit(s) [0, 1, 2, 3, 4, 5]
[14:25:25.510] P-02 rel 0x11/78 B: byte 22: 0x00→0xFF bit(s) [1, 2, 3, 4, 5, 6, 7]
[14:25:25.525] P-02 rel 0x11/78 B: byte 24: 0x1F→0x20 bit(s) [0, 1, 2, 3, 4, 5]
[14:25:25.600] P-02 rel 0x11/78 B: byte 22: 0xFF→0x00 bit(s) [1, 2, 3, 4, 5, 6, 7]; byte 24: 0x20→0x21 bit(s) [0]
[14:25:25.615] P-02 rel 0x11/78 B: byte 22: 0x00→0xFF bit(s) [1, 2, 3, 4, 5, 6, 7]
[14:25:25.645] P-02 rel 0x11/78 B: byte 24: 0x21→0x20 bit(s) [0]
[14:25:25.660] P-02 rel 0x11/78 B: byte 24: 0x20→0x1E bit(s) [1, 2, 3, 4, 5]
[14:25:25.675] P-02 rel 0x11/78 B: byte 24: 0x1E→0x1D bit(s) [0, 1]
[14:25:25.689] P-02 rel 0x11/78 B: byte 24: 0x1D→0x1C bit(s) [0]
[14:25:25.704] P-02 rel 0x11/78 B: byte 24: 0x1C→0x1B bit(s) [0, 1, 2]
[14:25:25.719] P-02 rel 0x11/78 B: byte 24: 0x1B→0x1C bit(s) [0, 1, 2]
[14:25:25.735] P-02 rel 0x11/78 B: byte 22: 0xFF→0x00 bit(s) [1, 2, 3, 4, 5, 6, 7]; byte 24: 0x1C→0x1E bit(s) [1]
[14:25:25.749] P-02 rel 0x11/78 B: byte 24: 0x1E→0x1F bit(s) [0]
[14:25:25.765] P-02 rel 0x11/78 B: byte 24: 0x1F→0x21 bit(s) [1, 2, 3, 4, 5]
[14:25:25.780] P-02 rel 0x11/78 B: byte 22: 0x00→0xFF bit(s) [1, 2, 3, 4, 5, 6, 7]; byte 24: 0x21→0x22 bit(s) [0, 1]
[14:25:25.809] P-02 rel 0x11/78 B: byte 24: 0x22→0x21 bit(s) [0, 1]
[14:25:25.825] P-02 rel 0x11/78 B: byte 24: 0x21→0x20 bit(s) [0]
[14:25:25.869] P-02 rel 0x11/78 B: byte 22: 0xFE→0xFD bit(s) [1]; byte 24: 0x20→0x21 bit(s) [0]
[14:25:25.885] P-02 rel 0x11/78 B: byte 24: 0x21→0x22 bit(s) [0, 1]
[14:25:25.900] P-02 rel 0x11/78 B: byte 22: 0xFD→0xFE bit(s) [1]
[14:25:25.915] P-02 rel 0x11/78 B: byte 24: 0x22→0x21 bit(s) [0, 1]
[14:25:25.929] P-02 rel 0x11/78 B: byte 24: 0x21→0x20 bit(s) [0]
[14:25:26.049] P-02 rel 0x11/78 B: byte 24: 0x20→0x1F bit(s) [0, 1, 2, 3, 4, 5]
[14:25:26.095] P-02 rel 0x11/78 B: byte 24: 0x1F→0x20 bit(s) [0, 1, 2, 3, 4, 5]
[14:25:26.109] P-02 rel 0x11/78 B: byte 22: 0xFF→0x00 bit(s) [1, 2, 3, 4, 5, 6, 7]
[14:25:26.169] P-02 rel 0x11/78 B: byte 22: 0x00→0xFF bit(s) [1, 2, 3, 4, 5, 6, 7]
[14:25:26.200] P-02 rel 0x11/78 B: byte 24: 0x20→0x1F bit(s) [0, 1, 2, 3, 4, 5]
[14:25:26.275] P-02 rel 0x11/78 B: byte 24: 0x1F→0x20 bit(s) [0, 1, 2, 3, 4, 5]
[14:25:26.320] P-02 rel 0x11/78 B: byte 24: 0x20→0x1F bit(s) [0, 1, 2, 3, 4, 5]
[14:25:26.349] P-02 rel 0x11/78 B: byte 24: 0x1F→0x20 bit(s) [0, 1, 2, 3, 4, 5]
[14:25:26.395] P-02 rel 0x11/78 B: byte 24: 0x20→0x1F bit(s) [0, 1, 2, 3, 4, 5]
[14:25:26.409] P-02 rel 0x11/78 B: byte 24: 0x1F→0x20 bit(s) [0, 1, 2, 3, 4, 5]
[14:25:26.455] P-02 rel 0x11/78 B: byte 24: 0x20→0x1F bit(s) [0, 1, 2, 3, 4, 5]
[14:25:26.514] P-02 rel 0x11/78 B: byte 22: 0xFF→0x00 bit(s) [1, 2, 3, 4, 5, 6, 7]; byte 24: 0x1F→0x20 bit(s) [0, 1, 2, 3, 4, 5]
[14:25:26.546] P-02 rel 0x11/78 B: byte 22: 0x00→0xFF bit(s) [1, 2, 3, 4, 5, 6, 7]; byte 24: 0x20→0x21 bit(s) [0]
[14:25:26.559] P-02 rel 0x11/78 B: byte 24: 0x21→0x20 bit(s) [0]
[14:25:26.590] P-02 rel 0x11/78 B: byte 24: 0x20→0x1F bit(s) [0, 1, 2, 3, 4, 5]
[14:25:26.604] P-02 rel 0x11/78 B: byte 24: 0x1F→0x1E bit(s) [0]
[14:25:26.634] P-02 rel 0x11/78 B: byte 24: 0x1E→0x1F bit(s) [0]
[14:25:26.650] P-02 rel 0x11/78 B: byte 22: 0xFF→0x00 bit(s) [1, 2, 3, 4, 5, 6, 7]; byte 24: 0x1F→0x20 bit(s) [0, 1, 2, 3, 4, 5]
[14:25:26.694] P-02 rel 0x11/78 B: byte 24: 0x20→0x1F bit(s) [0, 1, 2, 3, 4, 5]
[14:25:26.709] P-02 rel 0x11/78 B: byte 22: 0x00→0xFF bit(s) [1, 2, 3, 4, 5, 6, 7]
[14:25:26.755] P-02 rel 0x11/78 B: byte 24: 0x1F→0x20 bit(s) [0, 1, 2, 3, 4, 5]
[14:25:26.830] P-02 rel 0x11/78 B: byte 24: 0x20→0x1F bit(s) [0, 1, 2, 3, 4, 5]
[14:25:26.845] P-02 rel 0x11/78 B: byte 24: 0x1F→0x1E bit(s) [0]
[14:25:26.875] P-02 rel 0x11/78 B: byte 24: 0x1E→0x1F bit(s) [0]
[14:25:26.890] P-02 rel 0x11/78 B: byte 22: 0xFF→0x00 bit(s) [1, 2, 3, 4, 5, 6, 7]; byte 24: 0x1F→0x20 bit(s) [0, 1, 2, 3, 4, 5]
[14:25:26.904] P-02 rel 0x11/78 B: byte 22: 0x00→0xFF bit(s) [1, 2, 3, 4, 5, 6, 7]; byte 24: 0x20→0x21 bit(s) [0]
[14:25:26.919] P-02 rel 0x11/78 B: byte 24: 0x21→0x20 bit(s) [0]
[14:25:26.935] P-02 rel 0x11/78 B: byte 22: 0xFF→0x00 bit(s) [1, 2, 3, 4, 5, 6, 7]; byte 24: 0x20→0x1F bit(s) [0, 1, 2, 3, 4, 5]
[14:25:26.965] P-02 rel 0x11/78 B: byte 24: 0x1F→0x1E bit(s) [0]
[14:25:26.979] P-02 rel 0x11/78 B: byte 22: 0x00→0xFF bit(s) [1, 2, 3, 4, 5, 6, 7]; byte 24: 0x1E→0x1F bit(s) [0]
[14:25:26.995] P-02 rel 0x11/78 B: byte 24: 0x1F→0x20 bit(s) [0, 1, 2, 3, 4, 5]
[14:25:27.025] P-02 rel 0x11/78 B: byte 24: 0x20→0x1F bit(s) [0, 1, 2, 3, 4, 5]
[14:25:27.039] P-02 rel 0x11/78 B: byte 24: 0x1F→0x20 bit(s) [0, 1, 2, 3, 4, 5]
[14:25:27.085] P-02 rel 0x11/78 B: byte 24: 0x20→0x21 bit(s) [0]
[14:25:27.099] P-02 rel 0x11/78 B: byte 24: 0x21→0x22 bit(s) [0, 1]
[14:25:27.115] P-02 rel 0x11/78 B: byte 24: 0x22→0x21 bit(s) [0, 1]
[14:25:27.129] P-02 rel 0x11/78 B: byte 24: 0x21→0x20 bit(s) [0]
[14:25:27.145] P-02 rel 0x11/78 B: byte 22: 0xFE→0xFD bit(s) [1]
[14:25:27.203] P-02 rel 0x11/78 B: byte 24: 0x20→0x21 bit(s) [0]
[14:25:27.219] P-02 rel 0x11/78 B: byte 22: 0xFD→0xFE bit(s) [1]; byte 24: 0x21→0x20 bit(s) [0]
[14:25:27.234] P-02 rel 0x11/78 B: byte 24: 0x20→0x1F bit(s) [0, 1, 2, 3, 4, 5]
[14:25:27.309] P-02 rel 0x11/78 B: byte 24: 0x1F→0x21 bit(s) [1, 2, 3, 4, 5]
[14:25:27.339] P-02 rel 0x11/78 B: byte 22: 0xFF→0x00 bit(s) [1, 2, 3, 4, 5, 6, 7]; byte 24: 0x21→0x20 bit(s) [0]
[14:25:27.370] P-02 rel 0x11/78 B: byte 24: 0x20→0x1F bit(s) [0, 1, 2, 3, 4, 5]
[14:25:27.474] P-02 rel 0x11/78 B: byte 22: 0x00→0xFF bit(s) [1, 2, 3, 4, 5, 6, 7]
[14:25:27.489] P-02 rel 0x11/78 B: byte 24: 0x1F→0x20 bit(s) [0, 1, 2, 3, 4, 5]
[14:25:27.505] P-02 rel 0x11/78 B: byte 24: 0x20→0x21 bit(s) [0]
[14:25:27.595] P-02 rel 0x11/78 B: byte 24: 0x21→0x20 bit(s) [0]
[14:25:27.626] P-02 rel 0x11/78 B: byte 24: 0x20→0x1F bit(s) [0, 1, 2, 3, 4, 5]
[14:25:27.670] P-02 rel 0x11/78 B: byte 22: 0xFF→0x00 bit(s) [1, 2, 3, 4, 5, 6, 7]
[14:25:27.759] P-02 rel 0x11/78 B: byte 24: 0x1F→0x20 bit(s) [0, 1, 2, 3, 4, 5]
[14:25:27.834] P-02 rel 0x11/78 B: byte 22: 0x00→0xFF bit(s) [1, 2, 3, 4, 5, 6, 7]
[14:25:27.894] P-02 rel 0x11/78 B: byte 22: 0xFF→0x00 bit(s) [1, 2, 3, 4, 5, 6, 7]
[14:25:27.984] P-02 rel 0x11/78 B: byte 22: 0x00→0xFF bit(s) [1, 2, 3, 4, 5, 6, 7]
[14:25:28.045] P-02 rel 0x11/78 B: byte 22: 0xFF→0x00 bit(s) [1, 2, 3, 4, 5, 6, 7]
[14:25:28.089] P-02 rel 0x11/78 B: byte 22: 0x00→0xFF bit(s) [1, 2, 3, 4, 5, 6, 7]
[14:25:28.149] P-02 rel 0x11/78 B: byte 22: 0xFF→0x00 bit(s) [1, 2, 3, 4, 5, 6, 7]; byte 24: 0x20→0x1F bit(s) [0, 1, 2, 3, 4, 5]
[14:25:28.164] P-02 rel 0x11/78 B: byte 22: 0x00→0xFF bit(s) [1, 2, 3, 4, 5, 6, 7]
[14:25:28.180] P-02 rel 0x11/78 B: byte 22: 0xFF→0x00 bit(s) [1, 2, 3, 4, 5, 6, 7]; byte 24: 0x1F→0x20 bit(s) [0, 1, 2, 3, 4, 5]
[14:25:28.210] P-02 rel 0x11/78 B: byte 24: 0x20→0x1F bit(s) [0, 1, 2, 3, 4, 5]
[14:25:28.224] P-02 rel 0x11/78 B: byte 24: 0x1F→0x20 bit(s) [0, 1, 2, 3, 4, 5]
[14:25:28.240] P-02 rel 0x11/78 B: byte 22: 0x00→0xFF bit(s) [1, 2, 3, 4, 5, 6, 7]
[14:25:28.300] P-02 rel 0x11/78 B: byte 22: 0xFF→0x00 bit(s) [1, 2, 3, 4, 5, 6, 7]
[14:25:28.360] P-02 rel 0x11/78 B: byte 22: 0x01→0xFE bit(s) [1, 2, 3, 4, 5, 6, 7]
[14:25:28.404] P-02 rel 0x11/78 B: byte 24: 0x20→0x1F bit(s) [0, 1, 2, 3, 4, 5]
[14:25:28.420] P-02 rel 0x11/78 B: byte 24: 0x1F→0x20 bit(s) [0, 1, 2, 3, 4, 5]
[14:25:28.435] P-02 rel 0x11/78 B: byte 22: 0xFF→0x00 bit(s) [1, 2, 3, 4, 5, 6, 7]
[14:25:28.464] P-02 rel 0x11/78 B: byte 22: 0x00→0xFF bit(s) [1, 2, 3, 4, 5, 6, 7]
[14:25:28.479] P-02 rel 0x11/78 B: byte 22: 0xFF→0x00 bit(s) [1, 2, 3, 4, 5, 6, 7]
[14:25:28.495] P-02 rel 0x11/78 B: byte 24: 0x20→0x1F bit(s) [0, 1, 2, 3, 4, 5]
[14:25:28.510] P-02 rel 0x11/78 B: byte 22: 0x00→0xFF bit(s) [1, 2, 3, 4, 5, 6, 7]
[14:25:28.555] P-02 rel 0x11/78 B: byte 24: 0x1F→0x20 bit(s) [0, 1, 2, 3, 4, 5]
[14:25:28.585] P-02 rel 0x11/78 B: byte 24: 0x20→0x21 bit(s) [0]
[14:25:28.600] P-02 rel 0x11/78 B: byte 24: 0x21→0x20 bit(s) [0]
[14:25:28.615] P-02 rel 0x11/78 B: byte 22: 0xFF→0x00 bit(s) [1, 2, 3, 4, 5, 6, 7]
[14:25:28.630] P-02 rel 0x11/78 B: byte 24: 0x20→0x21 bit(s) [0]
[14:25:28.644] P-02 rel 0x11/78 B: byte 22: 0x00→0xFF bit(s) [1, 2, 3, 4, 5, 6, 7]; byte 24: 0x21→0x20 bit(s) [0]
[14:25:28.675] P-02 rel 0x11/78 B: byte 24: 0x20→0x1F bit(s) [0, 1, 2, 3, 4, 5]
[14:25:28.703] P-02 rel 0x11/78 B: byte 22: 0xFF→0x00 bit(s) [1, 2, 3, 4, 5, 6, 7]
[14:25:28.734] P-02 rel 0x11/78 B: byte 22: 0x00→0xFF bit(s) [1, 2, 3, 4, 5, 6, 7]
[14:25:28.750] P-02 rel 0x11/78 B: byte 24: 0x1F→0x21 bit(s) [1, 2, 3, 4, 5]
[14:25:28.764] P-02 rel 0x11/78 B: byte 24: 0x21→0x20 bit(s) [0]
[14:25:28.779] P-02 rel 0x11/78 B: byte 22: 0xFF→0x00 bit(s) [1, 2, 3, 4, 5, 6, 7]
[14:25:28.810] P-02 rel 0x11/78 B: byte 22: 0x00→0xFF bit(s) [1, 2, 3, 4, 5, 6, 7]; byte 24: 0x20→0x21 bit(s) [0]
[14:25:28.824] P-02 rel 0x11/78 B: byte 24: 0x21→0x20 bit(s) [0]
[14:25:28.855] P-02 rel 0x11/78 B: byte 24: 0x20→0x1F bit(s) [0, 1, 2, 3, 4, 5]
[14:25:28.885] P-02 rel 0x11/78 B: byte 24: 0x1F→0x20 bit(s) [0, 1, 2, 3, 4, 5]
[14:25:28.900] P-02 rel 0x11/78 B: byte 22: 0xFF→0x00 bit(s) [1, 2, 3, 4, 5, 6, 7]
[14:25:28.930] P-02 rel 0x11/78 B: byte 22: 0x00→0xFF bit(s) [1, 2, 3, 4, 5, 6, 7]
[14:25:28.944] P-02 rel 0x11/78 B: byte 22: 0xFF→0x00 bit(s) [1, 2, 3, 4, 5, 6, 7]
[14:25:28.960] P-02 rel 0x11/78 B: byte 24: 0x20→0x1F bit(s) [0, 1, 2, 3, 4, 5]
[14:25:28.990] P-02 rel 0x11/78 B: byte 22: 0x00→0xFF bit(s) [1, 2, 3, 4, 5, 6, 7]; byte 24: 0x1F→0x20 bit(s) [0, 1, 2, 3, 4, 5]
[14:25:29.079] P-02 rel 0x11/78 B: byte 24: 0x20→0x21 bit(s) [0]
[14:25:29.109] P-02 rel 0x11/78 B: byte 24: 0x21→0x20 bit(s) [0]
[14:25:29.154] P-02 rel 0x11/78 B: byte 22: 0xFF→0x00 bit(s) [1, 2, 3, 4, 5, 6, 7]; byte 24: 0x20→0x1F bit(s) [0, 1, 2, 3, 4, 5]
[14:25:29.184] P-02 rel 0x11/78 B: byte 22: 0x00→0xFF bit(s) [1, 2, 3, 4, 5, 6, 7]
[14:25:29.199] P-02 rel 0x11/78 B: byte 24: 0x1F→0x20 bit(s) [0, 1, 2, 3, 4, 5]
[14:25:29.274] P-02 rel 0x11/78 B: byte 22: 0xFF→0x00 bit(s) [1, 2, 3, 4, 5, 6, 7]; byte 24: 0x20→0x1E bit(s) [1, 2, 3, 4, 5]
[14:25:29.289] P-02 rel 0x11/78 B: byte 24: 0x1E→0x1F bit(s) [0]
[14:25:29.304] P-02 rel 0x11/78 B: byte 24: 0x1F→0x20 bit(s) [0, 1, 2, 3, 4, 5]
[14:25:29.319] P-02 rel 0x11/78 B: byte 24: 0x20→0x1F bit(s) [0, 1, 2, 3, 4, 5]
[14:25:29.334] P-02 rel 0x11/78 B: byte 22: 0x00→0xFF bit(s) [1, 2, 3, 4, 5, 6, 7]
[14:25:29.349] P-02 rel 0x11/78 B: byte 24: 0x1F→0x20 bit(s) [0, 1, 2, 3, 4, 5]
[14:25:29.440] P-02 rel 0x11/78 B: byte 24: 0x20→0x1E bit(s) [1, 2, 3, 4, 5]
[14:25:29.454] P-02 rel 0x11/78 B: byte 24: 0x1E→0x20 bit(s) [1, 2, 3, 4, 5]
[14:25:29.620] P-02 rel 0x11/78 B: byte 22: 0xFF→0x00 bit(s) [1, 2, 3, 4, 5, 6, 7]
[14:25:29.666] P-02 rel 0x11/78 B: byte 22: 0x00→0xFF bit(s) [1, 2, 3, 4, 5, 6, 7]
[14:25:29.709] P-02 rel 0x11/78 B: byte 24: 0x20→0x21 bit(s) [0]
[14:25:29.724] P-02 rel 0x11/78 B: byte 24: 0x21→0x1F bit(s) [1, 2, 3, 4, 5]
[14:25:29.740] P-02 rel 0x11/78 B: byte 22: 0xFF→0x00 bit(s) [1, 2, 3, 4, 5, 6, 7]; byte 24: 0x1F→0x1E bit(s) [0]
[14:25:29.755] P-02 rel 0x11/78 B: byte 22: 0x00→0xFF bit(s) [1, 2, 3, 4, 5, 6, 7]; byte 24: 0x1E→0x20 bit(s) [1, 2, 3, 4, 5]
[14:25:30.009] P-02 rel 0x11/78 B: byte 22: 0xFF→0x00 bit(s) [1, 2, 3, 4, 5, 6, 7]
[14:25:30.040] P-02 rel 0x11/78 B: byte 22: 0x00→0xFF bit(s) [1, 2, 3, 4, 5, 6, 7]
[14:25:30.116] P-02 rel 0x11/78 B: byte 22: 0xFF→0x00 bit(s) [1, 2, 3, 4, 5, 6, 7]
[14:25:30.131] P-02 rel 0x11/78 B: byte 22: 0x00→0xFF bit(s) [1, 2, 3, 4, 5, 6, 7]
[14:25:30.189] P-02 rel 0x11/78 B: byte 22: 0xFF→0x00 bit(s) [1, 2, 3, 4, 5, 6, 7]
[14:25:30.219] P-02 rel 0x11/78 B: byte 24: 0x20→0x1F bit(s) [0, 1, 2, 3, 4, 5]
[14:25:30.235] P-02 rel 0x11/78 B: byte 22: 0x00→0xFF bit(s) [1, 2, 3, 4, 5, 6, 7]
[14:25:30.249] P-02 rel 0x11/78 B: byte 24: 0x1F→0x20 bit(s) [0, 1, 2, 3, 4, 5]
[14:25:30.265] P-02 rel 0x11/78 B: byte 22: 0xFF→0x00 bit(s) [1, 2, 3, 4, 5, 6, 7]
[14:25:30.354] P-02 rel 0x11/78 B: byte 22: 0x00→0xFF bit(s) [1, 2, 3, 4, 5, 6, 7]
[14:25:30.459] P-02 rel 0x11/78 B: byte 22: 0xFF→0x00 bit(s) [1, 2, 3, 4, 5, 6, 7]
[14:25:30.580] P-02 rel 0x11/78 B: byte 22: 0x00→0xFF bit(s) [1, 2, 3, 4, 5, 6, 7]
[14:25:30.819] P-02 rel 0x11/78 B: byte 22: 0xFF→0x00 bit(s) [1, 2, 3, 4, 5, 6, 7]
[14:25:30.835] P-02 rel 0x11/78 B: byte 22: 0x00→0xFF bit(s) [1, 2, 3, 4, 5, 6, 7]
[14:25:30.849] P-02 rel 0x11/78 B: byte 22: 0xFF→0x00 bit(s) [1, 2, 3, 4, 5, 6, 7]
[14:25:30.880] P-02 rel 0x11/78 B: byte 22: 0x00→0xFF bit(s) [1, 2, 3, 4, 5, 6, 7]
[14:25:30.895] P-02 rel 0x11/78 B: byte 22: 0xFF→0x00 bit(s) [1, 2, 3, 4, 5, 6, 7]
[14:25:30.909] P-02 rel 0x11/78 B: byte 22: 0x00→0xFF bit(s) [1, 2, 3, 4, 5, 6, 7]
[14:25:30.925] P-02 rel 0x11/78 B: byte 22: 0xFF→0x00 bit(s) [1, 2, 3, 4, 5, 6, 7]
[14:25:30.940] P-02 rel 0x11/78 B: byte 22: 0x00→0xFF bit(s) [1, 2, 3, 4, 5, 6, 7]
[14:25:31.074] P-02 rel 0x11/78 B: byte 22: 0xFF→0x00 bit(s) [1, 2, 3, 4, 5, 6, 7]
[14:25:31.196] P-02 rel 0x11/78 B: byte 22: 0x00→0xFF bit(s) [1, 2, 3, 4, 5, 6, 7]
[14:25:31.404] P-02 rel 0x11/78 B: byte 22: 0xFF→0x00 bit(s) [1, 2, 3, 4, 5, 6, 7]
[14:25:31.420] P-02 rel 0x11/78 B: byte 22: 0x00→0xFF bit(s) [1, 2, 3, 4, 5, 6, 7]
[14:25:31.435] P-02 rel 0x11/78 B: byte 24: 0x20→0x1F bit(s) [0, 1, 2, 3, 4, 5]
[14:25:31.495] P-02 rel 0x11/78 B: byte 24: 0x1F→0x20 bit(s) [0, 1, 2, 3, 4, 5]
[14:25:31.509] P-02 rel 0x11/78 B: byte 24: 0x20→0x21 bit(s) [0]
[14:25:31.540] P-02 rel 0x11/78 B: byte 24: 0x21→0x20 bit(s) [0]
[14:25:31.585] P-02 rel 0x11/78 B: byte 24: 0x20→0x1F bit(s) [0, 1, 2, 3, 4, 5]
[14:25:31.629] P-02 rel 0x11/78 B: byte 24: 0x1F→0x20 bit(s) [0, 1, 2, 3, 4, 5]
[14:25:31.690] P-02 rel 0x11/78 B: byte 22: 0xFF→0x00 bit(s) [1, 2, 3, 4, 5, 6, 7]
[14:25:31.779] P-02 rel 0x11/78 B: byte 22: 0x00→0xFF bit(s) [1, 2, 3, 4, 5, 6, 7]
[14:25:31.840] P-02 rel 0x11/78 B: byte 22: 0xFF→0x00 bit(s) [1, 2, 3, 4, 5, 6, 7]
[14:25:31.854] P-02 rel 0x11/78 B: byte 22: 0x00→0xFF bit(s) [1, 2, 3, 4, 5, 6, 7]
[14:25:32.125] P-02 rel 0x11/78 B: byte 22: 0xFF→0x00 bit(s) [1, 2, 3, 4, 5, 6, 7]
[14:25:32.140] P-02 rel 0x11/78 B: byte 22: 0x00→0xFF bit(s) [1, 2, 3, 4, 5, 6, 7]
[14:25:32.185] P-02 rel 0x11/78 B: byte 22: 0xFF→0x00 bit(s) [1, 2, 3, 4, 5, 6, 7]
[14:25:32.214] P-02 rel 0x11/78 B: byte 22: 0x00→0xFF bit(s) [1, 2, 3, 4, 5, 6, 7]
[14:25:32.725] P-02 rel 0x11/78 B: byte 22: 0xFF→0x00 bit(s) [1, 2, 3, 4, 5, 6, 7]
[14:25:32.739] P-02 rel 0x11/78 B: byte 22: 0x00→0xFF bit(s) [1, 2, 3, 4, 5, 6, 7]
[14:25:32.874] P-02 rel 0x11/78 B: byte 22: 0xFF→0x00 bit(s) [1, 2, 3, 4, 5, 6, 7]
[14:25:32.904] P-02 rel 0x11/78 B: byte 22: 0x00→0xFF bit(s) [1, 2, 3, 4, 5, 6, 7]
[14:25:33.009] P-02 rel 0x11/78 B: byte 22: 0xFF→0x00 bit(s) [1, 2, 3, 4, 5, 6, 7]
[14:25:33.024] P-02 rel 0x11/78 B: byte 22: 0x00→0xFF bit(s) [1, 2, 3, 4, 5, 6, 7]
[14:25:33.355] P-02 rel 0x11/78 B: byte 22: 0xFF→0x00 bit(s) [1, 2, 3, 4, 5, 6, 7]
[14:25:33.369] P-02 rel 0x11/78 B: byte 22: 0x00→0xFF bit(s) [1, 2, 3, 4, 5, 6, 7]
[14:25:33.520] P-02 rel 0x11/78 B: byte 22: 0xFF→0x00 bit(s) [1, 2, 3, 4, 5, 6, 7]
[14:25:33.550] P-02 rel 0x11/78 B: byte 22: 0x00→0xFF bit(s) [1, 2, 3, 4, 5, 6, 7]
[14:25:33.864] P-02 rel 0x11/78 B: byte 22: 0xFF→0x00 bit(s) [1, 2, 3, 4, 5, 6, 7]
[14:25:33.909] P-02 rel 0x11/78 B: byte 22: 0x00→0xFF bit(s) [1, 2, 3, 4, 5, 6, 7]
[14:25:33.999] P-02 rel 0x11/78 B: byte 22: 0xFF→0x00 bit(s) [1, 2, 3, 4, 5, 6, 7]
[14:25:34.015] P-02 rel 0x11/78 B: byte 22: 0x00→0xFF bit(s) [1, 2, 3, 4, 5, 6, 7]
[14:25:34.734] P-02 rel 0x11/78 B: byte 22: 0xFF→0x00 bit(s) [1, 2, 3, 4, 5, 6, 7]
[14:25:34.749] P-02 rel 0x11/78 B: byte 22: 0x00→0xFF bit(s) [1, 2, 3, 4, 5, 6, 7]
[14:25:35.020] P-02 rel 0x11/78 B: byte 22: 0xFF→0x00 bit(s) [1, 2, 3, 4, 5, 6, 7]
[14:25:35.034] P-02 rel 0x11/78 B: byte 22: 0x00→0xFF bit(s) [1, 2, 3, 4, 5, 6, 7]
[14:25:35.218] P-02 resumo: relatório 0x11 com 78 bytes, 13196 recebido(s); ruído de repouso: byte 9 bits [3, 4, 5, 6, 7]; byte 13 bits [1, 2, 3, 4, 5, 6, 7]; byte 15 bits [0, 1, 2, 3, 4, 5, 6, 7]; byte 16 bits [0, 1, 2, 3, 4, 5, 6, 7]; byte 17 bits [0, 1, 2, 3, 4, 5, 6, 7]; byte 18 bits [0, 1, 2, 3, 4, 5, 6, 7]; byte 19 bits [0, 1, 2, 3, 4, 5, 6, 7]; byte 20 bits [0, 1, 2, 3, 4, 5, 6, 7]; byte 21 bits [1, 2, 3, 4, 5, 6, 7]; byte 22 bits [0]; byte 23 bits [1, 2, 3, 4, 5, 6, 7]; byte 25 bits [1, 2, 3, 4, 5, 6, 7]; byte 26 bits [0, 1, 2, 3, 4, 5]; byte 74 bits [0, 1, 2, 3, 4, 5, 6, 7]; byte 75 bits [0, 1, 2, 3, 4, 5, 6, 7]; byte 76 bits [0, 1, 2, 3, 4, 5, 6, 7]; byte 77 bits [0, 1, 2, 3, 4, 5, 6, 7]
[14:25:35.544] P-02 rel 0x11/78 B: byte 22: 0xFF→0x00 bit(s) [1, 2, 3, 4, 5, 6, 7]
[14:25:35.559] P-02 rel 0x11/78 B: byte 22: 0x00→0xFF bit(s) [1, 2, 3, 4, 5, 6, 7]
[14:25:35.815] P-02 rel 0x11/78 B: byte 22: 0xFF→0x00 bit(s) [1, 2, 3, 4, 5, 6, 7]
[14:25:35.829] P-02 rel 0x11/78 B: byte 22: 0x00→0xFF bit(s) [1, 2, 3, 4, 5, 6, 7]
[14:25:36.924] P-02 rel 0x11/78 B: byte 22: 0xFF→0x00 bit(s) [1, 2, 3, 4, 5, 6, 7]
[14:25:36.939] P-02 rel 0x11/78 B: byte 22: 0x00→0xFF bit(s) [1, 2, 3, 4, 5, 6, 7]
[14:25:37.629] P-02 rel 0x11/78 B: byte 22: 0xFF→0x00 bit(s) [1, 2, 3, 4, 5, 6, 7]
[14:25:37.720] P-02 rel 0x11/78 B: byte 22: 0x00→0xFF bit(s) [1, 2, 3, 4, 5, 6, 7]
[14:25:37.735] P-02 rel 0x11/78 B: byte 22: 0xFF→0x00 bit(s) [1, 2, 3, 4, 5, 6, 7]
[14:25:37.763] P-02 rel 0x11/78 B: byte 22: 0x00→0xFF bit(s) [1, 2, 3, 4, 5, 6, 7]
[14:25:37.795] P-02 rel 0x11/78 B: byte 22: 0xFF→0x00 bit(s) [1, 2, 3, 4, 5, 6, 7]
[14:25:37.869] P-02 rel 0x11/78 B: byte 22: 0x00→0xFF bit(s) [1, 2, 3, 4, 5, 6, 7]
[14:25:37.885] P-02 rel 0x11/78 B: byte 22: 0xFF→0x00 bit(s) [1, 2, 3, 4, 5, 6, 7]
[14:25:38.064] P-02 rel 0x11/78 B: byte 24: 0x20→0x1F bit(s) [0, 1, 2, 3, 4, 5]
[14:25:38.079] P-02 rel 0x11/78 B: byte 24: 0x1F→0x20 bit(s) [0, 1, 2, 3, 4, 5]
[14:25:38.139] P-02 rel 0x11/78 B: byte 24: 0x20→0x1F bit(s) [0, 1, 2, 3, 4, 5]
[14:25:38.170] P-02 rel 0x11/78 B: byte 24: 0x1F→0x20 bit(s) [0, 1, 2, 3, 4, 5]
[14:25:38.229] P-02 rel 0x11/78 B: byte 24: 0x20→0x1F bit(s) [0, 1, 2, 3, 4, 5]
[14:25:38.244] P-02 rel 0x11/78 B: byte 24: 0x1F→0x20 bit(s) [0, 1, 2, 3, 4, 5]
[14:25:38.259] P-02 rel 0x11/78 B: byte 24: 0x20→0x1F bit(s) [0, 1, 2, 3, 4, 5]
[14:25:38.334] P-02 rel 0x11/78 B: byte 24: 0x1F→0x20 bit(s) [0, 1, 2, 3, 4, 5]
[14:25:38.409] P-02 rel 0x11/78 B: byte 24: 0x20→0x1F bit(s) [0, 1, 2, 3, 4, 5]
[14:25:38.454] P-02 rel 0x11/78 B: byte 24: 0x1F→0x20 bit(s) [0, 1, 2, 3, 4, 5]
[14:25:38.514] P-02 rel 0x11/78 B: byte 22: 0x00→0xFF bit(s) [1, 2, 3, 4, 5, 6, 7]
[14:25:38.545] P-02 rel 0x11/78 B: byte 22: 0xFF→0x00 bit(s) [1, 2, 3, 4, 5, 6, 7]
[14:25:38.771] P-02 rel 0x11/78 B: byte 24: 0x20→0x1F bit(s) [0, 1, 2, 3, 4, 5]
[14:25:38.889] P-02 rel 0x11/78 B: byte 24: 0x1F→0x20 bit(s) [0, 1, 2, 3, 4, 5]
[14:25:38.904] P-02 rel 0x11/78 B: byte 24: 0x20→0x1F bit(s) [0, 1, 2, 3, 4, 5]
[14:25:38.949] P-02 rel 0x11/78 B: byte 24: 0x1F→0x20 bit(s) [0, 1, 2, 3, 4, 5]
[14:25:38.965] P-02 rel 0x11/78 B: byte 24: 0x20→0x21 bit(s) [0]
[14:25:39.010] P-02 rel 0x11/78 B: byte 24: 0x21→0x1F bit(s) [1, 2, 3, 4, 5]
[14:25:39.025] P-02 rel 0x11/78 B: byte 24: 0x1F→0x1E bit(s) [0]
[14:25:39.039] P-02 rel 0x11/78 B: byte 24: 0x1E→0x1F bit(s) [0]
[14:25:39.069] P-02 rel 0x11/78 B: byte 24: 0x1F→0x20 bit(s) [0, 1, 2, 3, 4, 5]
[14:25:39.085] P-02 rel 0x11/78 B: byte 24: 0x20→0x21 bit(s) [0]
[14:25:39.115] P-02 rel 0x11/78 B: byte 24: 0x21→0x20 bit(s) [0]
[14:25:39.160] P-02 rel 0x11/78 B: byte 22: 0x00→0xFF bit(s) [1, 2, 3, 4, 5, 6, 7]
[14:25:39.204] P-02 rel 0x11/78 B: byte 24: 0x20→0x1F bit(s) [0, 1, 2, 3, 4, 5]
[14:25:39.234] P-02 rel 0x11/78 B: byte 22: 0xFF→0x00 bit(s) [1, 2, 3, 4, 5, 6, 7]
[14:25:39.249] P-02 rel 0x11/78 B: byte 24: 0x1F→0x20 bit(s) [0, 1, 2, 3, 4, 5]
[14:25:39.265] P-02 rel 0x11/78 B: byte 22: 0x00→0xFF bit(s) [1, 2, 3, 4, 5, 6, 7]
[14:25:39.310] P-02 rel 0x11/78 B: byte 24: 0x20→0x21 bit(s) [0]
[14:25:39.354] P-02 rel 0x11/78 B: byte 24: 0x21→0x20 bit(s) [0]
[14:25:39.385] P-02 rel 0x11/78 B: byte 22: 0xFF→0x00 bit(s) [1, 2, 3, 4, 5, 6, 7]
[14:25:39.429] P-02 rel 0x11/78 B: byte 24: 0x20→0x1F bit(s) [0, 1, 2, 3, 4, 5]
[14:25:39.535] P-02 rel 0x11/78 B: byte 24: 0x1F→0x20 bit(s) [0, 1, 2, 3, 4, 5]
[14:25:39.564] P-02 rel 0x11/78 B: byte 22: 0x00→0xFF bit(s) [1, 2, 3, 4, 5, 6, 7]
[14:25:39.744] P-02 rel 0x11/78 B: byte 22: 0xFF→0x00 bit(s) [1, 2, 3, 4, 5, 6, 7]
[14:25:39.863] P-02 rel 0x11/78 B: byte 24: 0x20→0x1F bit(s) [0, 1, 2, 3, 4, 5]
[14:25:39.894] P-02 rel 0x11/78 B: byte 24: 0x1F→0x20 bit(s) [0, 1, 2, 3, 4, 5]
[14:25:39.939] P-02 rel 0x11/78 B: byte 22: 0x00→0xFF bit(s) [1, 2, 3, 4, 5, 6, 7]
[14:25:40.166] P-02 rel 0x11/78 B: byte 22: 0xFF→0x00 bit(s) [1, 2, 3, 4, 5, 6, 7]
[14:25:40.208] P-02 rel 0x11/78 B: byte 22: 0x00→0xFF bit(s) [1, 2, 3, 4, 5, 6, 7]
[14:25:40.241] P-02 rel 0x11/78 B: byte 22: 0xFF→0x00 bit(s) [1, 2, 3, 4, 5, 6, 7]
[14:25:40.331] P-02 rel 0x11/78 B: byte 22: 0x00→0xFF bit(s) [1, 2, 3, 4, 5, 6, 7]
[14:25:40.374] P-02 rel 0x11/78 B: byte 22: 0xFF→0x00 bit(s) [1, 2, 3, 4, 5, 6, 7]
[14:25:40.389] P-02 rel 0x11/78 B: byte 22: 0x00→0xFF bit(s) [1, 2, 3, 4, 5, 6, 7]
[14:25:40.404] P-02 rel 0x11/78 B: byte 22: 0xFF→0x00 bit(s) [1, 2, 3, 4, 5, 6, 7]
[14:25:40.419] P-02 rel 0x11/78 B: byte 22: 0x00→0xFF bit(s) [1, 2, 3, 4, 5, 6, 7]
[14:25:40.599] P-02 rel 0x11/78 B: byte 22: 0xFF→0x00 bit(s) [1, 2, 3, 4, 5, 6, 7]
[14:25:40.644] P-02 rel 0x11/78 B: byte 22: 0x00→0xFF bit(s) [1, 2, 3, 4, 5, 6, 7]
[14:25:40.659] P-02 rel 0x11/78 B: byte 22: 0xFF→0x00 bit(s) [1, 2, 3, 4, 5, 6, 7]
[14:25:40.674] P-02 rel 0x11/78 B: byte 22: 0x00→0xFF bit(s) [1, 2, 3, 4, 5, 6, 7]
[14:25:40.689] P-02 rel 0x11/78 B: byte 22: 0xFF→0x00 bit(s) [1, 2, 3, 4, 5, 6, 7]
[14:25:40.734] P-02 rel 0x11/78 B: byte 22: 0x00→0xFF bit(s) [1, 2, 3, 4, 5, 6, 7]
[14:25:41.080] P-02 rel 0x11/78 B: byte 22: 0xFF→0x00 bit(s) [1, 2, 3, 4, 5, 6, 7]
[14:25:41.094] P-02 rel 0x11/78 B: byte 22: 0x00→0xFF bit(s) [1, 2, 3, 4, 5, 6, 7]
[14:25:41.500] P-02 rel 0x11/78 B: byte 22: 0xFF→0x00 bit(s) [1, 2, 3, 4, 5, 6, 7]
[14:25:41.529] P-02 rel 0x11/78 B: byte 22: 0x00→0xFF bit(s) [1, 2, 3, 4, 5, 6, 7]
[14:25:41.859] P-02 rel 0x11/78 B: byte 22: 0xFF→0x00 bit(s) [1, 2, 3, 4, 5, 6, 7]
[14:25:41.875] P-02 rel 0x11/78 B: byte 22: 0x00→0xFF bit(s) [1, 2, 3, 4, 5, 6, 7]
[14:25:41.889] P-02 rel 0x11/78 B: byte 22: 0xFF→0x00 bit(s) [1, 2, 3, 4, 5, 6, 7]
[14:25:41.904] P-02 rel 0x11/78 B: byte 22: 0x00→0xFF bit(s) [1, 2, 3, 4, 5, 6, 7]
[14:25:41.963] P-02 rel 0x11/78 B: byte 22: 0xFF→0x00 bit(s) [1, 2, 3, 4, 5, 6, 7]
[14:25:42.008] P-02 rel 0x11/78 B: byte 22: 0x00→0xFF bit(s) [1, 2, 3, 4, 5, 6, 7]
[14:25:42.128] P-02 rel 0x11/78 B: byte 24: 0x20→0x1F bit(s) [0, 1, 2, 3, 4, 5]
[14:25:42.144] P-02 rel 0x11/78 B: byte 24: 0x1F→0x20 bit(s) [0, 1, 2, 3, 4, 5]
[14:25:42.159] P-02 rel 0x11/78 B: byte 22: 0xFF→0x00 bit(s) [1, 2, 3, 4, 5, 6, 7]
[14:25:42.294] P-02 rel 0x11/78 B: byte 24: 0x20→0x1F bit(s) [0, 1, 2, 3, 4, 5]
[14:25:42.324] P-02 rel 0x11/78 B: byte 24: 0x1F→0x20 bit(s) [0, 1, 2, 3, 4, 5]
[14:25:42.354] P-02 rel 0x11/78 B: byte 22: 0x00→0xFF bit(s) [1, 2, 3, 4, 5, 6, 7]
[14:25:42.549] P-02 rel 0x11/78 B: byte 22: 0xFF→0x00 bit(s) [1, 2, 3, 4, 5, 6, 7]
[14:25:42.728] P-02 rel 0x11/78 B: byte 22: 0x00→0xFF bit(s) [1, 2, 3, 4, 5, 6, 7]
[14:25:42.774] P-02 rel 0x11/78 B: byte 22: 0xFF→0x00 bit(s) [1, 2, 3, 4, 5, 6, 7]
[14:25:42.790] P-02 rel 0x11/78 B: byte 22: 0x00→0xFF bit(s) [1, 2, 3, 4, 5, 6, 7]
[14:25:42.834] P-02 rel 0x11/78 B: byte 22: 0xFF→0x00 bit(s) [1, 2, 3, 4, 5, 6, 7]
[14:25:43.134] P-02 rel 0x11/78 B: byte 22: 0x00→0xFF bit(s) [1, 2, 3, 4, 5, 6, 7]
[14:25:43.269] P-02 rel 0x11/78 B: byte 22: 0xFF→0x00 bit(s) [1, 2, 3, 4, 5, 6, 7]
[14:25:43.285] P-02 rel 0x11/78 B: byte 22: 0x00→0xFF bit(s) [1, 2, 3, 4, 5, 6, 7]
[14:25:43.300] P-02 rel 0x11/78 B: byte 22: 0xFF→0x00 bit(s) [1, 2, 3, 4, 5, 6, 7]
[14:25:43.449] P-02 rel 0x11/78 B: byte 22: 0x00→0xFF bit(s) [1, 2, 3, 4, 5, 6, 7]
[14:25:43.645] P-02 rel 0x11/78 B: byte 22: 0xFF→0x00 bit(s) [1, 2, 3, 4, 5, 6, 7]
[14:25:43.720] P-02 rel 0x11/78 B: byte 22: 0x00→0xFF bit(s) [1, 2, 3, 4, 5, 6, 7]
[14:25:43.750] P-02 rel 0x11/78 B: byte 22: 0xFF→0x00 bit(s) [1, 2, 3, 4, 5, 6, 7]
[14:25:43.764] P-02 rel 0x11/78 B: byte 22: 0x00→0xFF bit(s) [1, 2, 3, 4, 5, 6, 7]
[14:25:43.779] P-02 rel 0x11/78 B: byte 22: 0xFF→0x00 bit(s) [1, 2, 3, 4, 5, 6, 7]
[14:25:43.794] P-02 rel 0x11/78 B: byte 22: 0x00→0xFF bit(s) [1, 2, 3, 4, 5, 6, 7]
[14:25:43.825] P-02 rel 0x11/78 B: byte 22: 0xFF→0x00 bit(s) [1, 2, 3, 4, 5, 6, 7]
[14:25:43.886] P-02 rel 0x11/78 B: byte 22: 0x00→0xFF bit(s) [1, 2, 3, 4, 5, 6, 7]
[14:25:43.916] P-02 rel 0x11/78 B: byte 22: 0xFF→0x00 bit(s) [1, 2, 3, 4, 5, 6, 7]
[14:25:43.959] P-02 rel 0x11/78 B: byte 22: 0x00→0xFF bit(s) [1, 2, 3, 4, 5, 6, 7]
[14:25:44.063] P-02 rel 0x11/78 B: byte 22: 0xFF→0x00 bit(s) [1, 2, 3, 4, 5, 6, 7]
[14:25:44.139] P-02 rel 0x11/78 B: byte 22: 0x00→0xFF bit(s) [1, 2, 3, 4, 5, 6, 7]
[14:25:44.169] P-02 rel 0x11/78 B: byte 22: 0xFF→0x00 bit(s) [1, 2, 3, 4, 5, 6, 7]
[14:25:44.214] P-02 rel 0x11/78 B: byte 22: 0x00→0xFF bit(s) [1, 2, 3, 4, 5, 6, 7]
[14:25:44.244] P-02 rel 0x11/78 B: byte 22: 0xFF→0x00 bit(s) [1, 2, 3, 4, 5, 6, 7]
[14:25:44.335] P-02 rel 0x11/78 B: byte 22: 0x00→0xFF bit(s) [1, 2, 3, 4, 5, 6, 7]
[14:25:44.350] P-02 rel 0x11/78 B: byte 22: 0xFF→0x00 bit(s) [1, 2, 3, 4, 5, 6, 7]
[14:25:44.454] P-02 rel 0x11/78 B: byte 22: 0x00→0xFF bit(s) [1, 2, 3, 4, 5, 6, 7]
[14:25:44.469] P-02 rel 0x11/78 B: byte 22: 0xFF→0x00 bit(s) [1, 2, 3, 4, 5, 6, 7]
[14:25:44.890] P-02 rel 0x11/78 B: byte 22: 0x00→0xFF bit(s) [1, 2, 3, 4, 5, 6, 7]
[14:25:44.950] P-02 rel 0x11/78 B: byte 22: 0xFF→0x00 bit(s) [1, 2, 3, 4, 5, 6, 7]
[14:25:45.039] P-02 rel 0x11/78 B: byte 22: 0x00→0xFF bit(s) [1, 2, 3, 4, 5, 6, 7]
[14:25:45.069] P-02 rel 0x11/78 B: byte 22: 0xFF→0x00 bit(s) [1, 2, 3, 4, 5, 6, 7]
[14:25:45.217] P-02 resumo: relatório 0x11 com 78 bytes, 13824 recebido(s); ruído de repouso: byte 9 bits [3, 4, 5, 6, 7]; byte 13 bits [1, 2, 3, 4, 5, 6, 7]; byte 15 bits [0, 1, 2, 3, 4, 5, 6, 7]; byte 16 bits [0, 1, 2, 3, 4, 5, 6, 7]; byte 17 bits [0, 1, 2, 3, 4, 5, 6, 7]; byte 18 bits [0, 1, 2, 3, 4, 5, 6, 7]; byte 19 bits [0, 1, 2, 3, 4, 5, 6, 7]; byte 20 bits [0, 1, 2, 3, 4, 5, 6, 7]; byte 21 bits [1, 2, 3, 4, 5, 6, 7]; byte 22 bits [0]; byte 23 bits [1, 2, 3, 4, 5, 6, 7]; byte 25 bits [1, 2, 3, 4, 5, 6, 7]; byte 26 bits [0, 1, 2, 3, 4, 5]; byte 74 bits [0, 1, 2, 3, 4, 5, 6, 7]; byte 75 bits [0, 1, 2, 3, 4, 5, 6, 7]; byte 76 bits [0, 1, 2, 3, 4, 5, 6, 7]; byte 77 bits [0, 1, 2, 3, 4, 5, 6, 7]
[14:25:45.609] P-02 rel 0x11/78 B: byte 22: 0x00→0xFF bit(s) [1, 2, 3, 4, 5, 6, 7]
[14:25:45.639] P-02 rel 0x11/78 B: byte 22: 0xFF→0x00 bit(s) [1, 2, 3, 4, 5, 6, 7]
[14:25:45.775] P-02 rel 0x11/78 B: byte 22: 0x00→0xFF bit(s) [1, 2, 3, 4, 5, 6, 7]
[14:25:45.835] P-02 rel 0x11/78 B: byte 22: 0xFF→0x00 bit(s) [1, 2, 3, 4, 5, 6, 7]
[14:25:45.909] P-02 rel 0x11/78 B: byte 22: 0x00→0xFF bit(s) [1, 2, 3, 4, 5, 6, 7]
[14:25:45.924] P-02 rel 0x11/78 B: byte 22: 0xFF→0x00 bit(s) [1, 2, 3, 4, 5, 6, 7]
[14:25:46.135] P-02 rel 0x11/78 B: byte 22: 0x00→0xFF bit(s) [1, 2, 3, 4, 5, 6, 7]
[14:25:46.163] P-02 rel 0x11/78 B: byte 22: 0xFF→0x00 bit(s) [1, 2, 3, 4, 5, 6, 7]
[14:25:46.179] P-02 rel 0x11/78 B: byte 22: 0x00→0xFF bit(s) [1, 2, 3, 4, 5, 6, 7]
[14:25:46.224] P-02 rel 0x11/78 B: byte 22: 0xFF→0x00 bit(s) [1, 2, 3, 4, 5, 6, 7]
[14:25:46.314] P-02 rel 0x11/78 B: byte 22: 0x00→0xFF bit(s) [1, 2, 3, 4, 5, 6, 7]
[14:25:46.359] P-02 rel 0x11/78 B: byte 22: 0xFF→0x00 bit(s) [1, 2, 3, 4, 5, 6, 7]
[14:25:46.450] P-02 rel 0x11/78 B: byte 22: 0x00→0xFF bit(s) [1, 2, 3, 4, 5, 6, 7]
[14:25:46.494] P-02 rel 0x11/78 B: byte 22: 0xFF→0x00 bit(s) [1, 2, 3, 4, 5, 6, 7]
[14:25:46.584] P-02 rel 0x11/78 B: byte 22: 0x00→0xFF bit(s) [1, 2, 3, 4, 5, 6, 7]
[14:25:46.599] P-02 rel 0x11/78 B: byte 22: 0xFF→0x00 bit(s) [1, 2, 3, 4, 5, 6, 7]
[14:25:46.704] P-02 rel 0x11/78 B: byte 22: 0x00→0xFF bit(s) [1, 2, 3, 4, 5, 6, 7]
[14:25:46.720] P-02 rel 0x11/78 B: byte 22: 0xFF→0x00 bit(s) [1, 2, 3, 4, 5, 6, 7]
[14:25:46.869] P-02 rel 0x11/78 B: byte 22: 0x00→0xFF bit(s) [1, 2, 3, 4, 5, 6, 7]
[14:25:46.914] P-02 rel 0x11/78 B: byte 22: 0xFF→0x00 bit(s) [1, 2, 3, 4, 5, 6, 7]
[14:25:47.170] P-02 rel 0x11/78 B: byte 22: 0x00→0xFF bit(s) [1, 2, 3, 4, 5, 6, 7]
[14:25:47.303] P-02 rel 0x11/78 B: byte 22: 0xFF→0x00 bit(s) [1, 2, 3, 4, 5, 6, 7]
[14:25:47.439] P-02 rel 0x11/78 B: byte 22: 0x00→0xFF bit(s) [1, 2, 3, 4, 5, 6, 7]
[14:25:47.589] P-02 rel 0x11/78 B: byte 22: 0xFF→0x00 bit(s) [1, 2, 3, 4, 5, 6, 7]
[14:25:47.620] P-02 rel 0x11/78 B: byte 22: 0x00→0xFF bit(s) [1, 2, 3, 4, 5, 6, 7]
[14:25:47.635] P-02 rel 0x11/78 B: byte 22: 0xFF→0x00 bit(s) [1, 2, 3, 4, 5, 6, 7]
[14:25:47.650] P-02 rel 0x11/78 B: byte 22: 0x00→0xFF bit(s) [1, 2, 3, 4, 5, 6, 7]
[14:25:47.664] P-02 rel 0x11/78 B: byte 22: 0xFF→0x00 bit(s) [1, 2, 3, 4, 5, 6, 7]
[14:25:47.679] P-02 rel 0x11/78 B: byte 22: 0x00→0xFF bit(s) [1, 2, 3, 4, 5, 6, 7]
[14:25:47.694] P-02 rel 0x11/78 B: byte 22: 0xFF→0x00 bit(s) [1, 2, 3, 4, 5, 6, 7]
[14:25:47.799] P-02 rel 0x11/78 B: byte 22: 0x00→0xFF bit(s) [1, 2, 3, 4, 5, 6, 7]
[14:25:47.859] P-02 rel 0x11/78 B: byte 22: 0xFF→0x00 bit(s) [1, 2, 3, 4, 5, 6, 7]
[14:25:47.904] P-02 rel 0x11/78 B: byte 22: 0x00→0xFF bit(s) [1, 2, 3, 4, 5, 6, 7]
[14:25:47.920] P-02 rel 0x11/78 B: byte 22: 0xFF→0x00 bit(s) [1, 2, 3, 4, 5, 6, 7]
[14:25:47.935] P-02 rel 0x11/78 B: byte 22: 0x00→0xFF bit(s) [1, 2, 3, 4, 5, 6, 7]
[14:25:47.964] P-02 rel 0x11/78 B: byte 22: 0xFF→0x00 bit(s) [1, 2, 3, 4, 5, 6, 7]
[14:25:48.025] P-02 rel 0x11/78 B: byte 22: 0x00→0xFF bit(s) [1, 2, 3, 4, 5, 6, 7]
[14:25:48.069] P-02 rel 0x11/78 B: byte 22: 0xFF→0x00 bit(s) [1, 2, 3, 4, 5, 6, 7]
[14:25:48.190] P-02 rel 0x11/78 B: byte 22: 0x00→0xFF bit(s) [1, 2, 3, 4, 5, 6, 7]
[14:25:48.205] P-02 rel 0x11/78 B: byte 22: 0xFF→0x00 bit(s) [1, 2, 3, 4, 5, 6, 7]
[14:25:48.279] P-02 rel 0x11/78 B: byte 22: 0x00→0xFF bit(s) [1, 2, 3, 4, 5, 6, 7]
[14:25:48.294] P-02 rel 0x11/78 B: byte 22: 0xFF→0x00 bit(s) [1, 2, 3, 4, 5, 6, 7]
[14:25:48.309] P-02 rel 0x11/78 B: byte 22: 0x00→0xFF bit(s) [1, 2, 3, 4, 5, 6, 7]
[14:25:48.340] P-02 rel 0x11/78 B: byte 22: 0xFF→0x00 bit(s) [1, 2, 3, 4, 5, 6, 7]
[14:25:48.399] P-02 rel 0x11/78 B: byte 22: 0x00→0xFF bit(s) [1, 2, 3, 4, 5, 6, 7]
[14:25:48.489] P-02 rel 0x11/78 B: byte 22: 0xFF→0x00 bit(s) [1, 2, 3, 4, 5, 6, 7]
[14:25:48.609] P-02 rel 0x11/78 B: byte 22: 0x00→0xFF bit(s) [1, 2, 3, 4, 5, 6, 7]
[14:25:48.624] P-02 rel 0x11/78 B: byte 22: 0xFF→0x00 bit(s) [1, 2, 3, 4, 5, 6, 7]
[14:25:48.699] P-02 rel 0x11/78 B: byte 22: 0x00→0xFF bit(s) [1, 2, 3, 4, 5, 6, 7]
[14:25:48.759] P-02 rel 0x11/78 B: byte 22: 0xFF→0x00 bit(s) [1, 2, 3, 4, 5, 6, 7]
[14:25:48.774] P-02 rel 0x11/78 B: byte 22: 0x00→0xFF bit(s) [1, 2, 3, 4, 5, 6, 7]
[14:25:48.789] P-02 rel 0x11/78 B: byte 22: 0xFF→0x00 bit(s) [1, 2, 3, 4, 5, 6, 7]
[14:25:48.939] P-02 rel 0x11/78 B: byte 22: 0x00→0xFF bit(s) [1, 2, 3, 4, 5, 6, 7]
[14:25:48.954] P-02 rel 0x11/78 B: byte 22: 0xFF→0x00 bit(s) [1, 2, 3, 4, 5, 6, 7]
[14:25:48.969] P-02 rel 0x11/78 B: byte 22: 0x00→0xFF bit(s) [1, 2, 3, 4, 5, 6, 7]
[14:25:48.984] P-02 rel 0x11/78 B: byte 22: 0xFF→0x00 bit(s) [1, 2, 3, 4, 5, 6, 7]
[14:25:49.150] P-02 rel 0x11/78 B: byte 22: 0x00→0xFF bit(s) [1, 2, 3, 4, 5, 6, 7]
[14:25:49.164] P-02 rel 0x11/78 B: byte 22: 0xFF→0x00 bit(s) [1, 2, 3, 4, 5, 6, 7]
[14:25:49.479] P-02 rel 0x11/78 B: byte 22: 0x00→0xFF bit(s) [1, 2, 3, 4, 5, 6, 7]
[14:25:49.494] P-02 rel 0x11/78 B: byte 22: 0xFF→0x00 bit(s) [1, 2, 3, 4, 5, 6, 7]
[14:25:49.509] P-02 rel 0x11/78 B: byte 22: 0x00→0xFF bit(s) [1, 2, 3, 4, 5, 6, 7]
[14:25:49.524] P-02 rel 0x11/78 B: byte 22: 0xFF→0x00 bit(s) [1, 2, 3, 4, 5, 6, 7]
[14:25:49.630] P-02 rel 0x11/78 B: byte 22: 0x00→0xFF bit(s) [1, 2, 3, 4, 5, 6, 7]
[14:25:49.644] P-02 rel 0x11/78 B: byte 22: 0xFF→0x00 bit(s) [1, 2, 3, 4, 5, 6, 7]
[14:25:49.735] P-02 rel 0x11/78 B: byte 22: 0x00→0xFF bit(s) [1, 2, 3, 4, 5, 6, 7]
[14:25:49.914] P-02 rel 0x11/78 B: byte 22: 0xFF→0x00 bit(s) [1, 2, 3, 4, 5, 6, 7]
[14:25:50.050] P-02 rel 0x11/78 B: byte 22: 0x00→0xFF bit(s) [1, 2, 3, 4, 5, 6, 7]
[14:25:50.199] P-02 rel 0x11/78 B: byte 22: 0xFF→0x00 bit(s) [1, 2, 3, 4, 5, 6, 7]
[14:25:50.259] P-02 rel 0x11/78 B: byte 22: 0x00→0xFF bit(s) [1, 2, 3, 4, 5, 6, 7]
[14:25:50.274] P-02 rel 0x11/78 B: byte 22: 0xFF→0x00 bit(s) [1, 2, 3, 4, 5, 6, 7]
[14:25:50.289] P-02 rel 0x11/78 B: byte 22: 0x00→0xFF bit(s) [1, 2, 3, 4, 5, 6, 7]
[14:25:50.560] P-02 rel 0x11/78 B: byte 22: 0xFF→0x00 bit(s) [1, 2, 3, 4, 5, 6, 7]
[14:25:50.604] P-02 rel 0x11/78 B: byte 22: 0x00→0xFF bit(s) [1, 2, 3, 4, 5, 6, 7]
[14:25:50.710] P-02 rel 0x11/78 B: byte 22: 0xFF→0x00 bit(s) [1, 2, 3, 4, 5, 6, 7]
[14:25:50.770] P-02 rel 0x11/78 B: byte 22: 0x00→0xFF bit(s) [1, 2, 3, 4, 5, 6, 7]
[14:25:50.874] P-02 rel 0x11/78 B: byte 22: 0xFF→0x00 bit(s) [1, 2, 3, 4, 5, 6, 7]
[14:25:50.920] P-02 rel 0x11/78 B: byte 24: 0x20→0x1F bit(s) [0, 1, 2, 3, 4, 5]
[14:25:50.950] P-02 rel 0x11/78 B: byte 24: 0x1F→0x20 bit(s) [0, 1, 2, 3, 4, 5]
[14:25:50.964] P-02 rel 0x11/78 B: byte 22: 0x00→0xFF bit(s) [1, 2, 3, 4, 5, 6, 7]
[14:25:51.024] P-02 rel 0x11/78 B: byte 22: 0xFF→0x00 bit(s) [1, 2, 3, 4, 5, 6, 7]
[14:25:51.115] P-02 rel 0x11/78 B: byte 22: 0x00→0xFF bit(s) [1, 2, 3, 4, 5, 6, 7]
[14:25:51.235] P-02 rel 0x11/78 B: byte 22: 0xFF→0x00 bit(s) [1, 2, 3, 4, 5, 6, 7]
[14:25:51.429] P-02 rel 0x11/78 B: byte 22: 0x00→0xFF bit(s) [1, 2, 3, 4, 5, 6, 7]
[14:25:51.475] P-02 rel 0x11/78 B: byte 22: 0xFF→0x00 bit(s) [1, 2, 3, 4, 5, 6, 7]
[14:25:51.489] P-02 rel 0x11/78 B: byte 24: 0x20→0x1F bit(s) [0, 1, 2, 3, 4, 5]
[14:25:51.535] P-02 rel 0x11/78 B: byte 24: 0x1F→0x20 bit(s) [0, 1, 2, 3, 4, 5]
[14:25:51.564] P-02 rel 0x11/78 B: byte 22: 0x00→0xFF bit(s) [1, 2, 3, 4, 5, 6, 7]; byte 24: 0x20→0x21 bit(s) [0]
[14:25:51.594] P-02 rel 0x11/78 B: byte 24: 0x21→0x20 bit(s) [0]
[14:25:51.624] P-02 rel 0x11/78 B: byte 22: 0xFF→0x00 bit(s) [1, 2, 3, 4, 5, 6, 7]; byte 24: 0x20→0x1F bit(s) [0, 1, 2, 3, 4, 5]
[14:25:51.699] P-02 rel 0x11/78 B: byte 24: 0x1F→0x20 bit(s) [0, 1, 2, 3, 4, 5]
[14:25:51.745] P-02 rel 0x11/78 B: byte 22: 0x00→0xFF bit(s) [1, 2, 3, 4, 5, 6, 7]
[14:25:51.878] P-02 rel 0x11/78 B: byte 22: 0xFF→0x00 bit(s) [1, 2, 3, 4, 5, 6, 7]
[14:25:51.924] P-02 rel 0x11/78 B: byte 22: 0x00→0xFF bit(s) [1, 2, 3, 4, 5, 6, 7]
[14:25:52.029] P-02 rel 0x11/78 B: byte 22: 0xFF→0x00 bit(s) [1, 2, 3, 4, 5, 6, 7]
[14:25:52.074] P-02 rel 0x11/78 B: byte 22: 0x00→0xFF bit(s) [1, 2, 3, 4, 5, 6, 7]
[14:25:52.105] P-02 rel 0x11/78 B: byte 22: 0xFF→0x00 bit(s) [1, 2, 3, 4, 5, 6, 7]
[14:25:52.209] P-02 rel 0x11/78 B: byte 22: 0x00→0xFF bit(s) [1, 2, 3, 4, 5, 6, 7]
[14:25:52.239] P-02 rel 0x11/78 B: byte 22: 0xFF→0x00 bit(s) [1, 2, 3, 4, 5, 6, 7]; byte 24: 0x20→0x1F bit(s) [0, 1, 2, 3, 4, 5]
[14:25:52.254] P-02 rel 0x11/78 B: byte 24: 0x1F→0x20 bit(s) [0, 1, 2, 3, 4, 5]
[14:25:52.299] P-02 rel 0x11/78 B: byte 22: 0x00→0xFF bit(s) [1, 2, 3, 4, 5, 6, 7]
[14:25:52.420] P-02 rel 0x11/78 B: byte 22: 0xFF→0x00 bit(s) [1, 2, 3, 4, 5, 6, 7]
[14:25:52.615] P-02 rel 0x11/78 B: byte 24: 0x20→0x1F bit(s) [0, 1, 2, 3, 4, 5]
[14:25:52.659] P-02 rel 0x11/78 B: byte 24: 0x1F→0x20 bit(s) [0, 1, 2, 3, 4, 5]
[14:25:52.794] P-02 rel 0x11/78 B: byte 22: 0x00→0xFF bit(s) [1, 2, 3, 4, 5, 6, 7]
[14:25:52.854] P-02 rel 0x11/78 B: byte 22: 0xFF→0x00 bit(s) [1, 2, 3, 4, 5, 6, 7]
[14:25:52.899] P-02 rel 0x11/78 B: byte 24: 0x20→0x1F bit(s) [0, 1, 2, 3, 4, 5]
[14:25:52.959] P-02 rel 0x11/78 B: byte 24: 0x1F→0x20 bit(s) [0, 1, 2, 3, 4, 5]
[14:25:53.035] P-02 rel 0x11/78 B: byte 24: 0x20→0x1F bit(s) [0, 1, 2, 3, 4, 5]
[14:25:53.065] P-02 rel 0x11/78 B: byte 24: 0x1F→0x20 bit(s) [0, 1, 2, 3, 4, 5]
[14:25:53.124] P-02 rel 0x11/78 B: byte 24: 0x20→0x1F bit(s) [0, 1, 2, 3, 4, 5]
[14:25:53.155] P-02 rel 0x11/78 B: byte 24: 0x1F→0x20 bit(s) [0, 1, 2, 3, 4, 5]
[14:25:53.214] P-02 rel 0x11/78 B: byte 24: 0x20→0x1F bit(s) [0, 1, 2, 3, 4, 5]
[14:25:53.259] P-02 rel 0x11/78 B: byte 24: 0x1F→0x20 bit(s) [0, 1, 2, 3, 4, 5]
[14:25:53.274] P-02 rel 0x11/78 B: byte 22: 0x00→0xFF bit(s) [1, 2, 3, 4, 5, 6, 7]
[14:25:53.335] P-02 rel 0x11/78 B: byte 22: 0xFF→0x00 bit(s) [1, 2, 3, 4, 5, 6, 7]
[14:25:53.439] P-02 rel 0x11/78 B: byte 24: 0x20→0x1F bit(s) [0, 1, 2, 3, 4, 5]
[14:25:53.515] P-02 rel 0x11/78 B: byte 24: 0x1F→0x20 bit(s) [0, 1, 2, 3, 4, 5]
[14:25:53.680] P-02 rel 0x11/78 B: byte 22: 0x00→0xFF bit(s) [1, 2, 3, 4, 5, 6, 7]
[14:25:53.710] P-02 rel 0x11/78 B: byte 22: 0xFF→0x00 bit(s) [1, 2, 3, 4, 5, 6, 7]
[14:25:53.770] P-02 rel 0x11/78 B: byte 22: 0x00→0xFF bit(s) [1, 2, 3, 4, 5, 6, 7]
[14:25:53.830] P-02 rel 0x11/78 B: byte 24: 0x20→0x21 bit(s) [0]
[14:25:53.845] P-02 rel 0x11/78 B: byte 24: 0x21→0x20 bit(s) [0]
[14:25:53.904] P-02 rel 0x11/78 B: byte 22: 0xFF→0x00 bit(s) [1, 2, 3, 4, 5, 6, 7]
[14:25:53.934] P-02 rel 0x11/78 B: byte 24: 0x20→0x1F bit(s) [0, 1, 2, 3, 4, 5]
[14:25:54.024] P-02 rel 0x11/78 B: byte 22: 0x00→0xFE bit(s) [1, 2, 3, 4, 5, 6, 7]; byte 24: 0x1F→0x20 bit(s) [0, 1, 2, 3, 4, 5]
[14:25:54.039] P-02 rel 0x11/78 B: byte 22: 0xFE→0x00 bit(s) [1, 2, 3, 4, 5, 6, 7]
[14:25:54.069] P-02 rel 0x11/78 B: byte 22: 0x00→0xFF bit(s) [1, 2, 3, 4, 5, 6, 7]
[14:25:54.234] P-02 rel 0x11/78 B: byte 22: 0xFF→0x00 bit(s) [1, 2, 3, 4, 5, 6, 7]
[14:25:54.280] P-02 rel 0x11/78 B: byte 24: 0x20→0x1F bit(s) [0, 1, 2, 3, 4, 5]
[14:25:54.340] P-02 rel 0x11/78 B: byte 24: 0x1F→0x20 bit(s) [0, 1, 2, 3, 4, 5]
[14:25:54.399] P-02 rel 0x11/78 B: byte 22: 0x00→0xFF bit(s) [1, 2, 3, 4, 5, 6, 7]
[14:25:54.625] P-02 rel 0x11/78 B: byte 22: 0xFF→0x00 bit(s) [1, 2, 3, 4, 5, 6, 7]
[14:25:54.730] P-02 rel 0x11/78 B: byte 22: 0x00→0xFF bit(s) [1, 2, 3, 4, 5, 6, 7]
[14:25:54.760] P-02 rel 0x11/78 B: byte 22: 0xFF→0x00 bit(s) [1, 2, 3, 4, 5, 6, 7]
[14:25:54.775] P-02 rel 0x11/78 B: byte 22: 0x00→0xFF bit(s) [1, 2, 3, 4, 5, 6, 7]
[14:25:54.850] P-02 rel 0x11/78 B: byte 22: 0xFF→0x00 bit(s) [1, 2, 3, 4, 5, 6, 7]
[14:25:54.910] P-02 rel 0x11/78 B: byte 22: 0x00→0xFF bit(s) [1, 2, 3, 4, 5, 6, 7]
[14:25:55.090] P-02 rel 0x11/78 B: byte 22: 0xFF→0x00 bit(s) [1, 2, 3, 4, 5, 6, 7]
[14:25:55.134] P-02 rel 0x11/78 B: byte 22: 0x00→0xFF bit(s) [1, 2, 3, 4, 5, 6, 7]
[14:25:55.179] P-02 rel 0x11/78 B: byte 22: 0xFF→0x00 bit(s) [1, 2, 3, 4, 5, 6, 7]
[14:25:55.209] P-02 rel 0x11/78 B: byte 24: 0x20→0x1F bit(s) [0, 1, 2, 3, 4, 5]
[14:25:55.217] P-02 resumo: relatório 0x11 com 78 bytes, 14446 recebido(s); ruído de repouso: byte 9 bits [3, 4, 5, 6, 7]; byte 13 bits [1, 2, 3, 4, 5, 6, 7]; byte 15 bits [0, 1, 2, 3, 4, 5, 6, 7]; byte 16 bits [0, 1, 2, 3, 4, 5, 6, 7]; byte 17 bits [0, 1, 2, 3, 4, 5, 6, 7]; byte 18 bits [0, 1, 2, 3, 4, 5, 6, 7]; byte 19 bits [0, 1, 2, 3, 4, 5, 6, 7]; byte 20 bits [0, 1, 2, 3, 4, 5, 6, 7]; byte 21 bits [1, 2, 3, 4, 5, 6, 7]; byte 22 bits [0]; byte 23 bits [1, 2, 3, 4, 5, 6, 7]; byte 25 bits [1, 2, 3, 4, 5, 6, 7]; byte 26 bits [0, 1, 2, 3, 4, 5]; byte 74 bits [0, 1, 2, 3, 4, 5, 6, 7]; byte 75 bits [0, 1, 2, 3, 4, 5, 6, 7]; byte 76 bits [0, 1, 2, 3, 4, 5, 6, 7]; byte 77 bits [0, 1, 2, 3, 4, 5, 6, 7]
[14:25:55.224] P-02 rel 0x11/78 B: byte 24: 0x1F→0x20 bit(s) [0, 1, 2, 3, 4, 5]
[14:25:55.239] P-02 rel 0x11/78 B: byte 22: 0x00→0xFF bit(s) [1, 2, 3, 4, 5, 6, 7]
[14:25:55.359] P-02 rel 0x11/78 B: byte 22: 0xFF→0x00 bit(s) [1, 2, 3, 4, 5, 6, 7]
[14:25:55.434] P-02 rel 0x11/78 B: byte 22: 0x00→0xFF bit(s) [1, 2, 3, 4, 5, 6, 7]
[14:25:55.780] P-02 rel 0x11/78 B: byte 22: 0xFF→0x00 bit(s) [1, 2, 3, 4, 5, 6, 7]
[14:25:55.809] P-02 rel 0x11/78 B: byte 22: 0x00→0xFF bit(s) [1, 2, 3, 4, 5, 6, 7]
[14:25:55.824] P-02 rel 0x11/78 B: byte 22: 0xFF→0x00 bit(s) [1, 2, 3, 4, 5, 6, 7]
[14:25:55.839] P-02 rel 0x11/78 B: byte 22: 0x00→0xFF bit(s) [1, 2, 3, 4, 5, 6, 7]
[14:25:55.945] P-02 rel 0x11/78 B: byte 22: 0xFF→0x00 bit(s) [1, 2, 3, 4, 5, 6, 7]
[14:25:55.960] P-02 rel 0x11/78 B: byte 22: 0x00→0xFF bit(s) [1, 2, 3, 4, 5, 6, 7]
[14:25:55.974] P-02 rel 0x11/78 B: byte 22: 0xFF→0x00 bit(s) [1, 2, 3, 4, 5, 6, 7]
[14:25:55.989] P-02 rel 0x11/78 B: byte 22: 0x00→0xFF bit(s) [1, 2, 3, 4, 5, 6, 7]
[14:25:56.139] P-02 rel 0x11/78 B: byte 22: 0xFF→0x00 bit(s) [1, 2, 3, 4, 5, 6, 7]
[14:25:56.154] P-02 rel 0x11/78 B: byte 22: 0x00→0xFF bit(s) [1, 2, 3, 4, 5, 6, 7]
[14:25:56.170] P-02 rel 0x11/78 B: byte 22: 0xFF→0x00 bit(s) [1, 2, 3, 4, 5, 6, 7]
[14:25:56.184] P-02 rel 0x11/78 B: byte 22: 0x00→0xFF bit(s) [1, 2, 3, 4, 5, 6, 7]
[14:25:56.259] P-02 rel 0x11/78 B: byte 22: 0xFF→0x00 bit(s) [1, 2, 3, 4, 5, 6, 7]
[14:25:56.289] P-02 rel 0x11/78 B: byte 22: 0x00→0xFF bit(s) [1, 2, 3, 4, 5, 6, 7]
[14:25:56.379] P-02 rel 0x11/78 B: byte 22: 0xFF→0x00 bit(s) [1, 2, 3, 4, 5, 6, 7]
[14:25:56.394] P-02 rel 0x11/78 B: byte 22: 0x00→0xFF bit(s) [1, 2, 3, 4, 5, 6, 7]
[14:25:56.470] P-02 rel 0x11/78 B: byte 22: 0xFF→0x00 bit(s) [1, 2, 3, 4, 5, 6, 7]
[14:25:56.530] P-02 rel 0x11/78 B: byte 22: 0x00→0xFF bit(s) [1, 2, 3, 4, 5, 6, 7]
[14:25:56.649] P-02 rel 0x11/78 B: byte 22: 0xFF→0x00 bit(s) [1, 2, 3, 4, 5, 6, 7]
[14:25:56.665] P-02 rel 0x11/78 B: byte 22: 0x00→0xFF bit(s) [1, 2, 3, 4, 5, 6, 7]
[14:25:56.785] P-02 rel 0x11/78 B: byte 22: 0xFF→0x00 bit(s) [1, 2, 3, 4, 5, 6, 7]
[14:25:56.799] P-02 rel 0x11/78 B: byte 22: 0x00→0xFF bit(s) [1, 2, 3, 4, 5, 6, 7]
[14:25:56.875] P-02 rel 0x11/78 B: byte 22: 0xFF→0x00 bit(s) [1, 2, 3, 4, 5, 6, 7]
[14:25:56.890] P-02 rel 0x11/78 B: byte 22: 0x00→0xFF bit(s) [1, 2, 3, 4, 5, 6, 7]
[14:25:56.979] P-02 rel 0x11/78 B: byte 22: 0xFF→0x00 bit(s) [1, 2, 3, 4, 5, 6, 7]
[14:25:56.994] P-02 rel 0x11/78 B: byte 22: 0x00→0xFF bit(s) [1, 2, 3, 4, 5, 6, 7]
[14:25:57.130] P-02 rel 0x11/78 B: byte 22: 0xFF→0x00 bit(s) [1, 2, 3, 4, 5, 6, 7]
[14:25:57.159] P-02 rel 0x11/78 B: byte 22: 0x00→0xFF bit(s) [1, 2, 3, 4, 5, 6, 7]
[14:25:57.174] P-02 rel 0x11/78 B: byte 22: 0xFF→0x00 bit(s) [1, 2, 3, 4, 5, 6, 7]
[14:25:57.189] P-02 rel 0x11/78 B: byte 22: 0x00→0xFF bit(s) [1, 2, 3, 4, 5, 6, 7]
[14:25:57.204] P-02 rel 0x11/78 B: byte 22: 0xFF→0x00 bit(s) [1, 2, 3, 4, 5, 6, 7]
[14:25:57.220] P-02 rel 0x11/78 B: byte 22: 0x00→0xFF bit(s) [1, 2, 3, 4, 5, 6, 7]
[14:25:57.234] P-02 rel 0x11/78 B: byte 22: 0xFF→0x00 bit(s) [1, 2, 3, 4, 5, 6, 7]
[14:25:57.249] P-02 rel 0x11/78 B: byte 22: 0x00→0xFF bit(s) [1, 2, 3, 4, 5, 6, 7]
[14:25:57.475] P-02 rel 0x11/78 B: byte 22: 0xFF→0x00 bit(s) [1, 2, 3, 4, 5, 6, 7]
[14:25:57.534] P-02 rel 0x11/78 B: byte 22: 0x00→0xFF bit(s) [1, 2, 3, 4, 5, 6, 7]
[14:25:57.549] P-02 rel 0x11/78 B: byte 22: 0xFF→0x00 bit(s) [1, 2, 3, 4, 5, 6, 7]
[14:25:57.564] P-02 rel 0x11/78 B: byte 22: 0x00→0xFF bit(s) [1, 2, 3, 4, 5, 6, 7]
[14:25:57.745] P-02 rel 0x11/78 B: byte 22: 0xFF→0x00 bit(s) [1, 2, 3, 4, 5, 6, 7]
[14:25:57.774] P-02 rel 0x11/78 B: byte 22: 0x00→0xFF bit(s) [1, 2, 3, 4, 5, 6, 7]
[14:25:57.894] P-02 rel 0x11/78 B: byte 22: 0xFF→0x00 bit(s) [1, 2, 3, 4, 5, 6, 7]
[14:25:57.968] P-02 rel 0x11/78 B: byte 22: 0x00→0xFF bit(s) [1, 2, 3, 4, 5, 6, 7]
[14:25:58.166] P-02 rel 0x11/78 B: byte 22: 0xFF→0x00 bit(s) [1, 2, 3, 4, 5, 6, 7]
[14:25:58.181] P-02 rel 0x11/78 B: byte 22: 0x00→0xFF bit(s) [1, 2, 3, 4, 5, 6, 7]
[14:25:58.224] P-02 rel 0x11/78 B: byte 22: 0xFF→0x00 bit(s) [1, 2, 3, 4, 5, 6, 7]
[14:25:58.239] P-02 rel 0x11/78 B: byte 22: 0x00→0xFF bit(s) [1, 2, 3, 4, 5, 6, 7]
[14:25:58.481] P-02 rel 0x11/78 B: byte 22: 0xFF→0x00 bit(s) [1, 2, 3, 4, 5, 6, 7]
[14:25:58.495] P-02 rel 0x11/78 B: byte 22: 0x00→0xFF bit(s) [1, 2, 3, 4, 5, 6, 7]
[14:25:58.525] P-02 rel 0x11/78 B: byte 22: 0xFF→0x00 bit(s) [1, 2, 3, 4, 5, 6, 7]
[14:25:58.540] P-02 rel 0x11/78 B: byte 22: 0x00→0xFF bit(s) [1, 2, 3, 4, 5, 6, 7]
[14:25:58.555] P-02 rel 0x11/78 B: byte 22: 0xFF→0x00 bit(s) [1, 2, 3, 4, 5, 6, 7]
[14:25:58.570] P-02 rel 0x11/78 B: byte 22: 0x00→0xFF bit(s) [1, 2, 3, 4, 5, 6, 7]
[14:25:58.585] P-02 rel 0x11/78 B: byte 22: 0xFF→0x00 bit(s) [1, 2, 3, 4, 5, 6, 7]
[14:25:58.600] P-02 rel 0x11/78 B: byte 22: 0x00→0xFF bit(s) [1, 2, 3, 4, 5, 6, 7]
[14:25:58.615] P-02 rel 0x11/78 B: byte 22: 0xFF→0x00 bit(s) [1, 2, 3, 4, 5, 6, 7]
[14:25:58.660] P-02 rel 0x11/78 B: byte 22: 0x00→0xFF bit(s) [1, 2, 3, 4, 5, 6, 7]
[14:25:58.779] P-02 rel 0x11/78 B: byte 22: 0xFF→0x00 bit(s) [1, 2, 3, 4, 5, 6, 7]
[14:25:58.825] P-02 rel 0x11/78 B: byte 22: 0x00→0xFF bit(s) [1, 2, 3, 4, 5, 6, 7]
[14:25:58.945] P-02 rel 0x11/78 B: byte 22: 0xFF→0x00 bit(s) [1, 2, 3, 4, 5, 6, 7]
[14:25:58.959] P-02 rel 0x11/78 B: byte 24: 0x20→0x1F bit(s) [0, 1, 2, 3, 4, 5]
[14:25:58.975] P-02 rel 0x11/78 B: byte 22: 0x00→0xFF bit(s) [1, 2, 3, 4, 5, 6, 7]; byte 24: 0x1F→0x20 bit(s) [0, 1, 2, 3, 4, 5]
[14:25:58.994] P-02 resumo: relatório 0x11 com 78 bytes, 14683 recebido(s); ruído de repouso: byte 9 bits [3, 4, 5, 6, 7]; byte 13 bits [1, 2, 3, 4, 5, 6, 7]; byte 15 bits [0, 1, 2, 3, 4, 5, 6, 7]; byte 16 bits [0, 1, 2, 3, 4, 5, 6, 7]; byte 17 bits [0, 1, 2, 3, 4, 5, 6, 7]; byte 18 bits [0, 1, 2, 3, 4, 5, 6, 7]; byte 19 bits [0, 1, 2, 3, 4, 5, 6, 7]; byte 20 bits [0, 1, 2, 3, 4, 5, 6, 7]; byte 21 bits [1, 2, 3, 4, 5, 6, 7]; byte 22 bits [0]; byte 23 bits [1, 2, 3, 4, 5, 6, 7]; byte 25 bits [1, 2, 3, 4, 5, 6, 7]; byte 26 bits [0, 1, 2, 3, 4, 5]; byte 74 bits [0, 1, 2, 3, 4, 5, 6, 7]; byte 75 bits [0, 1, 2, 3, 4, 5, 6, 7]; byte 76 bits [0, 1, 2, 3, 4, 5, 6, 7]; byte 77 bits [0, 1, 2, 3, 4, 5, 6, 7]
[14:25:58.994] P-03 battery = 45 % discharging (nível bruto 0.45)
[14:25:58.994] fim
